y_true,y_pred,y_prob,sensitive_features
0,1,0.6169253694621756,0
1,0,0.4038183991430634,1
1,1,0.7585224986262474,1
1,0,0.18699172640955378,1
0,1,0.5316631943747203,1
1,1,0.9697970217710951,1
0,1,0.7215259882890582,1
0,0,0.4103608363044724,1
1,0,0.1908090453379098,1
0,1,0.7250860362179268,0
0,1,0.5283928415691873,1
0,1,0.6879465584106199,1
1,1,0.6484410485741591,1
1,1,0.5912243301371387,1
1,1,0.7690763592861822,1
1,1,0.6038421701948019,1
0,0,0.2702145595191017,1
1,1,0.5701204101630681,1
0,0,0.4840138625433471,0
1,1,0.888061107854087,1
0,0,0.4220332771634161,1
1,1,0.782899145506739,0
0,0,0.44529725714488994,1
0,1,0.5324754484105948,1
1,1,0.755761707867677,0
1,1,0.6682586601374687,1
0,1,0.8380598898681979,1
1,0,0.18262222809254755,1
1,1,0.5974028402908964,1
0,0,0.37189664068792083,0
0,1,0.612374044629004,0
1,1,0.8599594303936494,1
1,1,0.8809507013773319,1
0,0,0.4942551044439599,1
0,1,0.7212540560121856,1
1,0,0.24738859504997474,1
0,0,0.3804616120896483,1
1,0,0.40649111065723564,1
1,0,0.21555158376647188,1
0,1,0.5729879448838476,0
1,1,0.5089664346397433,1
1,0,0.4917867806832146,0
1,0,0.16689155018435725,1
1,0,0.19347426642011334,1
1,1,0.8948690134886856,1
1,1,0.9837090967736324,0
1,1,0.6672413323260833,0
