y_true,y_pred,y_prob,sensitive_features
0,1,0.8299372084044376,1
0,0,0.40048762432132307,0
1,0,0.3811879834387922,1
0,1,0.9467425074872812,1
1,1,0.6030437357626667,0
0,0,0.4988046801711485,0
0,1,0.8079746115261213,1
0,0,0.2743745288453928,1
1,1,0.7809147973009831,1
0,1,0.969201511608214,1
0,0,0.0901591703410199,0
1,0,0.09803194776051194,1
1,1,0.9654951170951275,1
0,0,0.2979423939731113,1
1,1,0.587922972982945,1
0,1,0.5849322630254212,1
0,1,0.6787073871710847,1
0,1,0.6885939824483024,1
1,1,0.5665222082552573,1
1,1,0.7940642563579664,1
0,0,0.16630695981960758,1
1,1,0.9550197028722203,1
1,0,0.09263551664273038,1
1,0,0.42440771713104797,1
1,1,0.5921518538427536,1
0,1,0.8894959333705444,1
1,1,0.6695329958230857,1
1,1,0.9428357715191612,1
0,0,0.37396032185949984,1
1,1,0.6181732288481092,0
1,0,0.4552490423527021,0
1,1,0.5230852596548662,1
0,0,0.25140452860127727,0
1,1,0.8029507822030423,0
1,1,0.5854490392641689,1
1,1,0.9999624154075133,0
1,1,0.7749343294096442,1
1,0,0.4739284937019146,1
1,1,0.6916928665024118,1
0,1,0.5576442144725225,0
1,1,0.8493096773592589,1
1,0,0.4287836037032067,1
1,0,0.19440457332135422,1
1,0,0.48145731887107823,1
0,0,0.428266188626774,1
0,0,0.06201417131461668,0
1,1,0.6038846935321626,1
