y_true,y_pred,y_prob,sensitive_features
0,1,0.645990132146828,0
1,1,0.627296333234562,1
0,1,0.5818224538171145,0
1,1,0.6383315574665942,1
1,0,0.5419980957532958,1
1,1,0.6463247458600235,1
1,1,0.6851446179216952,1
1,1,0.8083743827546769,1
1,1,0.679733911813152,1
0,1,0.6040189144464411,1
0,1,0.6861601926122491,1
0,1,0.5678196177938156,1
0,1,0.6173583229030684,0
1,1,0.5766095617762951,1
0,1,0.6872785943514726,1
1,1,0.6747351067748892,0
0,1,0.6304689835002573,1
1,1,0.655448698175217,1
1,1,0.5480907674461465,0
1,1,0.6679072883400502,1
0,1,0.5786782507632349,0
0,0,0.5087435596994158,0
0,1,0.6423347774994975,1
1,1,0.6148644909665305,1
1,1,0.6193486145851645,1
1,1,0.5838690373132431,0
0,0,0.49342944110486187,1
0,1,0.6663741034004242,1
1,1,0.713029515152001,1
0,1,0.7148451020194421,1
1,1,0.6657927544144469,0
1,1,0.5770591600312726,1
1,1,0.6754253952904896,1
1,1,0.6875898254792465,1
0,1,0.636258088452429,0
0,1,0.6471664741768935,1
0,1,0.7213095073735907,1
1,1,0.7328411623920649,0
1,0,0.5291236761736927,1
1,0,0.5426223208019261,1
1,1,0.56508122705652,1
1,1,0.6673241621782854,1
1,0,0.4158315999489534,1
0,0,0.483165290639513,1
0,1,0.7274866540559034,1
1,1,0.6054527647047574,1
1,1,0.6606919919880486,1
