y_true,y_pred,y_prob,sensitive_features
0,1,0.5988923394447595,0
1,1,0.5988923394447595,1
0,1,0.5988923394447595,0
1,1,0.5988923394447595,1
1,1,0.5988923394447595,1
1,1,0.9611358129946399,1
1,1,0.5988923394447595,1
1,1,0.5988923394447595,1
1,1,0.5988923394447595,1
0,1,0.5988923394447595,1
0,1,0.5988923394447595,1
0,1,0.5988923394447595,1
0,1,0.5988923394447595,0
1,1,0.9672169129699777,1
0,1,0.5988923394447595,1
1,1,0.5988923394447595,0
0,1,0.5988923394447595,1
1,1,0.5988923394447595,1
1,1,0.5988923394447595,0
1,1,0.5988923394447595,1
0,1,0.5988923394447595,0
0,1,0.5988923394447595,0
0,1,0.5988923394447595,1
1,1,0.5988923394447595,1
1,1,0.5988923394447595,1
1,1,0.5988923394447595,0
0,1,0.5988923394447595,1
0,1,0.5988923394447595,1
1,0,0.015243298114305623,1
0,1,0.5988923394447595,1
1,1,0.8628723991994889,0
1,1,0.5988923394447595,1
1,1,0.5988923394447595,1
1,1,0.5988923394447595,1
0,1,0.5988923394447595,0
0,1,0.5988923394447595,1
0,1,0.9579437415594539,1
1,1,0.5988923394447595,0
1,1,0.5988923394447595,1
1,1,0.5988923394447595,1
1,1,0.5988923394447595,1
1,1,0.5988923394447595,1
1,1,0.5988923394447595,1
0,1,0.7263066463494048,1
0,1,0.5988923394447595,1
1,1,0.6962262983059674,1
1,1,0.5988923394447595,1
