y_true,y_pred,y_prob,sensitive_features
1,1,0.9393341334709272,1
1,1,0.8136223825033724,0
1,1,0.8181843281277307,1
1,1,0.6297433664197,1
1,1,0.7149383906967075,1
1,0,0.4825097118798817,1
1,1,0.7540732389238248,1
1,0,0.4044144099628707,1
1,1,0.7592326783060707,1
0,1,0.5683146490924046,0
0,0,0.30278540099091217,0
0,0,0.5268987426575586,1
1,1,0.6477558999251783,1
1,1,0.778382713060682,1
0,1,0.5826564837581715,1
0,1,0.831850692170674,1
1,1,0.7089096876757373,1
1,1,0.7545864298116254,1
0,0,0.24257302847230344,0
0,1,0.6433954878771595,1
1,0,0.24147584406115594,1
0,1,0.640151714918351,1
1,1,0.7237485561123016,0
0,1,0.6246667713830221,1
1,1,0.8332178264281582,0
0,0,0.19239534431075941,1
0,1,0.7001489481691463,1
0,1,0.7270948923338431,1
0,0,0.4584729027240514,1
0,1,0.6734018217757283,0
0,1,0.6615273770729608,1
1,0,0.2716427941663152,1
0,0,0.28851576999404854,0
1,0,0.5233386239651951,1
1,1,0.6745945645300361,1
1,1,0.5636816332828238,0
1,0,0.4543472629181283,1
0,1,0.5695009747461359,1
0,1,0.8810358788850562,1
1,1,0.6344036982567793,0
0,0,0.377771222144921,0
1,0,0.35301125173249764,1
1,1,0.5627740630805135,1
1,1,0.5451053201917376,1
1,1,0.6245480358594033,1
1,1,0.5785156634544658,1
1,1,0.8438958398754858,1
