y_true,y_pred,y_prob,sensitive_features
0,0,0.5439558895171394,0
1,1,0.6179188383961733,1
1,1,0.6451415133047953,1
1,0,0.535191739231934,1
0,1,0.591604181255482,1
1,1,0.6294760470654414,1
0,1,0.6305618200142581,1
0,0,0.5180494722950324,1
1,1,0.5941183692335261,1
0,1,0.5615550759517358,0
0,1,0.5602964017701257,1
0,1,0.6205656402966786,1
1,1,0.5572157529010834,1
1,1,0.5939191634918799,1
1,1,0.566087800112108,1
1,1,0.6362856342332708,1
0,1,0.6260519425733769,1
1,0,0.5298008907509486,1
0,0,0.44123271880011933,0
1,1,0.6375947788957742,1
0,0,0.5,1
1,1,0.6181187462369432,0
0,1,0.6046611414269171,1
0,1,0.6029124809909626,1
1,0,0.5463418359309624,0
1,1,0.5817041419054634,1
0,1,0.665902985129779,1
1,0,0.5428504651264336,1
1,1,0.5754694299278448,1
0,0,0.4797393489283653,0
0,0,0.5166865562274675,0
1,1,0.6619139420771761,1
1,1,0.5859530667853262,1
0,1,0.571365733567327,1
0,1,0.5961209814458531,1
1,1,0.5704140204159032,1
0,1,0.577957240915584,1
1,1,0.5569579897267848,1
1,1,0.5579050465649487,1
0,0,0.5,0
1,1,0.5565553208270417,1
1,1,0.5974767108101475,0
1,1,0.5825209982700136,1
1,0,0.5202299410863065,1
1,1,0.6481561061958362,1
1,1,0.6656073124264762,0
1,1,0.6206346317963646,0
