y_true,y_pred,y_prob,sensitive_features
0,1,0.646432746129332,1
0,0,0.5264424526952309,0
1,1,0.5742465672345115,1
0,1,0.7026994421166879,1
1,1,0.5621265598715063,0
0,1,0.6303258465586384,0
0,1,0.6547612777835025,1
0,0,0.45085791376196943,1
1,1,0.6798400156493403,1
0,1,0.7194135767338087,1
0,1,0.5586645180319462,0
1,0,0.45677838735858606,1
1,1,0.7205120155533069,1
0,0,0.5,1
1,1,0.6042164617117672,1
0,1,0.5699411069759025,1
0,1,0.5863050207127639,1
0,1,0.6477768203115152,1
1,1,0.5735916820991935,1
1,1,0.6482548642910404,1
0,0,0.4672788082868761,1
1,1,0.6689767989945574,1
1,0,0.4944227169077485,1
1,0,0.5137300550824587,1
1,1,0.563014768064671,1
0,1,0.6713358564330993,1
1,1,0.6102609193034051,1
1,1,0.66524993122804,1
0,0,0.540021503424435,1
1,1,0.5946025702554144,0
1,0,0.48709057785453114,0
1,1,0.6434703393406369,1
0,0,0.5482271244551533,0
1,1,0.6907461811870675,0
1,1,0.5554461360613241,1
1,1,0.6586356507398357,0
1,1,0.6146697262107252,1
1,1,0.5769692666435047,1
1,1,0.6481208347083294,1
0,1,0.5703965943068228,0
1,1,0.6566211441135625,1
1,0,0.5462967049143141,1
1,0,0.5,1
1,1,0.6166030193463489,1
0,0,0.5242698470877626,1
0,1,0.5837665574274244,0
1,1,0.6215988389870841,1
