y_true,y_pred,y_prob,sensitive_features
0,1,0.842654577897982,1
0,0,0.27918635909396855,0
1,1,0.6806994606366574,1
0,1,0.8958305262710913,1
1,1,0.4927813843394206,0
0,0,0.19306928601584566,0
0,1,0.8242563867180157,1
0,1,0.5967412063646222,1
1,1,0.897882615726131,1
0,1,0.8912042288737257,1
0,0,0.1341416183468052,0
1,0,0.4549899717014153,1
1,1,0.8944790792790537,1
0,1,0.6216181056260679,1
1,1,0.8791534938094344,1
0,1,0.8130425969002318,1
0,1,0.7288757847935803,1
0,1,0.8262395014369817,1
1,1,0.6683645707648346,1
1,1,0.845231199420172,1
0,1,0.5214312598652884,1
1,1,0.8042510653383385,1
1,1,0.7794425504119615,1
1,1,0.7731823675902556,1
1,1,0.8139121407626362,1
0,1,0.8883548262504778,1
1,1,0.8205890607720945,1
1,1,0.8564355320618753,1
0,1,0.8310937050759017,1
1,0,0.2730463879925002,0
1,0,0.18955978059865336,0
1,1,0.8802184862256598,1
0,0,0.1580002824832832,0
1,1,0.6871066863087573,0
1,1,0.720337160928832,1
1,1,0.8679520929943,0
1,1,0.7094606615544236,1
1,1,0.6370948639789198,1
1,1,0.8256978924553886,1
0,1,0.47984949598969373,0
1,1,0.9143165924168032,1
1,1,0.7266191499713562,1
1,1,0.6155491152497478,1
1,1,0.832946556267654,1
0,1,0.6266681715428349,1
0,0,0.2343168881038049,0
1,1,0.7469068395194657,1
