y_true,y_pred,y_prob,sensitive_features
0,1,0.7575996728770442,1
0,1,0.5323930041253185,0
1,1,0.7489613030323515,1
0,1,0.927904550100414,1
1,1,0.5957250716986735,0
0,1,0.6464614056805311,0
0,1,0.7624588751982546,1
0,0,0.18250754765705335,1
1,1,0.8789895322371928,1
0,1,0.925515523366231,1
0,1,0.7069385241784075,0
1,0,0.16951250298622564,1
1,1,0.8380253468187171,1
0,0,0.18387282154252907,1
1,1,0.9142641540852827,1
0,1,0.7106930441461332,1
0,0,0.4726969661335232,1
0,1,0.90550585506199,1
1,0,0.4488770832646262,1
1,1,0.7512110488000713,1
0,0,0.14109138873232552,1
1,1,0.7335424009903913,1
1,1,0.6049659119026022,1
1,1,0.6689126102445591,1
1,1,0.8203387596528612,1
0,1,0.8009903061474298,1
1,1,0.7563871133769686,1
1,1,0.893067946737423,1
0,1,0.748844194854745,1
1,1,0.6766577775390358,0
1,1,0.528122399680574,0
1,1,0.7735703550137777,1
0,1,0.6464410823952043,0
1,1,0.8729713665819427,0
1,0,0.38785335553942013,1
1,1,0.7753160675109253,0
1,1,0.7223714632881691,1
1,0,0.44306043703007497,1
1,1,0.9454006133615735,1
0,1,0.595493450511447,0
1,1,0.7342185478808542,1
1,1,0.5939657226548,1
1,0,0.3000811441822277,1
1,1,0.8216782836629126,1
0,1,0.5,1
0,1,0.7132611780592722,0
1,1,0.6480057246182512,1
