y_true,y_pred,y_prob,sensitive_features
1,1,0.5597925278029628,1
1,1,0.570917809499004,0
0,1,0.5628209587856178,1
0,1,0.5595291071842335,1
0,0,0.5352725872634153,0
1,1,0.5698508581326991,1
0,0,0.5480057156391495,1
0,1,0.5562758313415571,1
1,1,0.5969087298147739,1
1,0,0.5238134133026751,1
0,1,0.5653806123869554,1
1,1,0.5650439711303247,1
1,0,0.5479414188401068,1
1,1,0.5878524203522245,0
1,1,0.5676893315906508,0
0,0,0.534992920324782,1
1,1,0.5510014091281935,1
0,1,0.560188150530863,1
1,1,0.5547475651789678,1
1,1,0.5536012685427649,1
1,1,0.5682049026544334,1
0,0,0.5486623352017632,0
0,0,0.5390317750381616,1
1,0,0.5353634550361531,0
0,1,0.583426173517536,1
0,1,0.5621435821434045,1
1,0,0.5457064630865078,1
0,1,0.5555508801466382,0
1,0,0.5461879943988882,1
1,1,0.5729681809997764,1
1,1,0.5539052233001338,1
1,1,0.5872496602200328,0
1,0,0.5399404765007452,1
0,1,0.5570824962243037,1
1,0,0.5293241179855881,1
1,1,0.5586454509574337,1
0,0,0.5336786395850709,1
0,1,0.5665867660772858,0
0,0,0.5379522569941441,0
1,0,0.5402078776754704,1
1,1,0.5749704352489873,1
1,1,0.5574510994753772,1
1,0,0.5492454359115451,1
1,0,0.523466899677667,1
0,0,0.5397489686846086,1
1,1,0.5673908109637619,1
0,1,0.5790070875685619,0
