y_true,y_pred,y_prob,sensitive_features
0,1,0.9703088946113009,1
1,1,0.9036550664999938,1
1,0,0.34516155848358787,1
1,1,0.7685603911280711,1
1,1,0.9112703121846943,1
0,0,0.487885178030911,1
1,1,0.7883621194109285,0
1,1,0.7462965440830894,0
0,1,0.6845174465302818,1
0,0,0.39215846353706074,0
0,0,0.2769531007094698,0
1,1,0.8384477121370817,1
0,1,0.8318540406638434,1
0,0,0.4889638678948449,1
0,0,0.3593875194321806,1
1,1,0.7494499907955501,1
1,1,0.9530855703550078,1
0,0,0.3259617555594341,1
1,0,0.32460564712393314,1
1,0,0.4389406264304742,1
0,1,0.7800427039505178,1
0,0,0.4046369065437181,0
1,0,0.24328799275833957,1
1,1,0.6859547987631041,1
1,0,0.2913977809828628,1
0,1,0.7833249756348173,1
0,0,0.49026701942228446,1
1,0,0.437108001788464,1
1,1,0.9498042134175488,1
1,0,0.44093877118064057,1
1,1,0.5956115841868559,1
1,1,0.5424828356348809,1
0,1,0.8806514118733767,0
1,0,0.4829896830175413,1
1,0,0.2857800434738281,1
0,0,0.12743581547086247,0
1,1,0.6623804020556172,1
1,0,0.42328717710449376,0
0,1,0.9200941892525178,1
0,0,0.11548149741303163,0
0,0,0.25988409066569107,1
1,0,0.46981628230571465,1
0,0,0.327788362675802,1
1,1,0.7173596376122564,0
1,1,0.8162807433249881,1
1,1,0.5406795480379986,1
1,1,0.7541951619486172,0
