y_true,y_pred,y_prob,sensitive_features
1,1,0.9671037583869301,1
1,0,0.4782089824084663,1
0,0,0.21134281065175903,0
0,1,0.8393104287419162,1
1,0,0.45739330144547385,0
0,0,0.11847535313869674,0
1,1,0.7861603734551927,1
1,0,0.02934996881049476,0
0,0,0.3408181964442582,0
1,1,0.9675475287913805,1
1,1,0.9621365926910314,1
0,1,0.5068406416436859,1
1,1,0.9489844213268864,1
1,1,0.6606053307571306,1
1,1,0.7475325502936054,1
0,1,0.7702420171477968,1
1,1,0.7663484448020064,0
0,1,0.7627894728523933,1
0,0,0.27264431323219085,0
1,0,0.32302898509184885,1
0,0,0.11219745310256322,0
1,1,0.7717375976452638,1
1,1,0.8422386420397338,1
0,1,0.9567182500385004,1
1,1,0.9046067344188035,1
1,1,0.9853393857443201,1
0,1,0.6435804918975904,1
1,1,0.8820223193808844,1
1,1,0.9074655412011063,1
1,1,0.6846572641723465,1
0,1,0.7252627594581164,1
1,0,0.19765621950647355,1
0,1,0.9342148259583832,1
1,1,0.8246520830093657,0
0,0,0.19178321485856367,1
1,0,0.14522589820538961,1
0,1,0.8323968147681761,1
1,1,0.9691658797355657,1
1,1,0.656642478287488,1
1,1,0.7654148521873797,1
1,1,0.6332546931259898,1
0,1,0.5626844693638493,1
0,1,0.8142362626761275,1
0,1,0.7940299977039593,0
1,0,0.10484023629706729,0
0,1,0.9782115092505167,1
1,1,0.7197961844632721,1
