y_true,y_pred,y_prob,sensitive_features
0,0,0.48832572790604656,0
1,1,0.5295792250050504,1
1,1,0.5134769961603738,1
1,0,0.48966118794801566,1
0,0,0.43795210004759666,1
1,1,0.5360232934713006,1
0,1,0.5472580302593166,1
0,0,0.41836406060270254,1
1,0,0.46118614774345074,1
0,1,0.5572069990606127,0
0,0,0.4934190995082869,1
0,1,0.508593518574336,1
1,0,0.4814310106998874,1
1,1,0.5338204496137581,1
1,1,0.5454951919107707,1
1,1,0.5410055494734579,1
0,1,0.5081596218938949,1
1,0,0.4899577320065254,1
0,0,0.4081069721135685,0
1,1,0.592753942992183,1
0,0,0.451410307353414,1
1,1,0.531717172149587,0
0,0,0.47814608636705785,1
0,1,0.5081113178784334,1
1,0,0.43173254105776937,0
1,0,0.44330061284064304,1
0,1,0.6092539753758774,1
1,0,0.4661210178791877,1
1,1,0.5173499530681219,1
0,0,0.45222961274302564,0
0,1,0.5078776300429755,0
1,1,0.5841300185990007,1
1,1,0.5305484273755534,1
0,0,0.44556820268103947,1
0,1,0.5311142253010545,1
1,1,0.5184572266948233,1
0,0,0.4586101770278584,1
1,0,0.4865935701061209,1
1,0,0.47072789262927206,1
0,0,0.4907154934622894,0
1,0,0.4305374957707106,1
1,0,0.478805942498915,0
1,1,0.5258125078270524,1
1,0,0.4422478738947664,1
1,1,0.5506979698234199,1
1,1,0.5683824820579355,0
1,1,0.5674292076254865,0
