y_true,y_pred,y_prob,sensitive_features
0,0,0.3397457086526142,1
0,0,0.3583203485604246,0
1,0,0.49613100035941654,1
0,1,0.5281242513135757,1
1,1,0.5740226688304656,0
0,1,0.5306362933746624,0
0,0,0.0517637715667885,1
0,0,0.4167435267332262,1
1,1,0.7742506030255649,1
0,1,0.6272339067331608,1
0,1,0.5671067549785355,0
1,0,0.032147188116731194,1
1,0,0.27176535433324595,1
0,1,0.6508045877425231,1
1,1,0.7250924641509157,1
0,1,0.7316123849410152,1
0,1,0.6909763023682546,1
0,0,0.24684998214404544,1
1,0,0.07850527144842283,1
1,1,0.7377072324636692,1
0,0,0.24664598585670658,1
1,1,0.5372875585465504,1
1,0,0.34253404807603666,1
1,1,0.824877177235588,1
1,0,0.4065057345442685,1
0,1,0.680546412387926,1
1,1,0.5861166819792173,1
1,1,0.6417167426970253,1
0,0,0.3922334984391418,1
1,0,0.19381209371332664,0
1,0,0.17160204774330862,0
1,1,0.9769442818531714,1
0,0,0.42289499033360695,0
1,0,0.4293839242206044,0
1,0,0.4600886669362255,1
1,1,0.8540505997709663,0
1,1,0.5221051950799265,1
1,1,0.6745168289894371,1
1,0,0.41553782324622707,1
0,0,0.40282389968792237,0
1,0,0.37135136545483977,1
1,1,0.6693701183679204,1
1,0,0.31485341265689737,1
1,1,0.8272223320789599,1
0,0,0.4242866166849747,1
0,1,0.5688384038925637,0
1,1,0.6350105066860727,1
