y_true,y_pred,y_prob,sensitive_features
1,1,0.8740269781242125,1
1,1,0.9918424845792724,0
0,0,0.4484070791267517,1
0,1,0.7779915080408882,1
0,0,0.05624255979174301,0
1,1,0.8092965492207769,1
0,0,0.2711631590730105,1
0,1,0.640939484944858,1
1,1,0.9857252404229125,1
1,0,0.0317221177277606,1
0,1,0.7636737946351395,1
1,1,0.9509490263057506,1
1,1,0.8520971654090123,1
1,1,0.9353954317902616,0
1,1,0.7809725030056892,0
0,0,0.21817917930907477,1
1,0,0.45166039787086415,1
0,1,0.6757361937389454,1
1,0,0.3950251521160131,1
1,0,0.4636191599073379,1
1,1,0.9928264959975165,1
0,0,0.07526582378232459,0
0,1,0.5376587581464918,1
1,0,0.2762995646052573,0
0,0,0.42921274891016237,1
0,1,0.5537059095766663,1
1,1,0.5904404708460695,1
0,0,0.12650218256996684,0
1,1,0.5856703098535505,1
1,1,0.6137343598753394,1
1,0,0.10587675533224664,1
1,1,0.8568457172507342,0
1,0,0.487563153703726,1
0,1,0.7690546293778681,1
1,0,0.3102358421285649,1
1,1,0.9082838664866785,1
0,0,0.10255789552814648,1
0,0,0.3344246715857767,0
0,0,0.06977254701784608,0
1,1,0.8316521732045131,1
1,1,0.9481407499678701,1
1,1,0.7172110716806738,1
1,1,0.6607533642917484,1
1,0,0.048008652531744044,1
0,1,0.6175388649953437,1
1,1,0.8797398943405994,1
0,1,0.8630351593696248,0
