y_true,y_pred,y_prob,sensitive_features
0,0,0.11399992730008181,0
1,0,0.04839514557363531,1
1,1,0.9003175619694164,1
1,1,0.6662886113840829,1
0,0,0.24793828616574157,1
1,1,0.9916330986488351,1
0,1,0.5700832245037187,1
0,1,0.6525377289176688,1
1,1,0.6167109471074275,1
0,1,0.7253679339008945,0
0,1,0.7888005294537033,1
0,1,0.811704851050587,1
1,1,0.916199674815216,1
1,1,0.7272970993173805,1
1,0,0.3765232581581053,1
1,1,0.8009040189568077,1
0,0,0.17137645923765837,1
1,0,0.29305575568436526,1
0,1,0.5305434859177506,0
1,1,0.9911587103054647,1
0,0,0.26688139831576385,1
1,1,0.784279546220998,0
0,0,0.31986248005545237,1
0,1,0.8823667278550453,1
1,0,0.38004308705507367,0
1,0,0.36345741380718916,1
0,1,0.9656155308484964,1
1,1,0.7365266893776444,1
1,1,0.9372107469258248,1
0,0,0.21691281173877391,0
0,0,0.23767111187710965,0
1,1,0.9097615154253382,1
1,1,0.9318433592810321,1
0,0,0.33932500220536443,1
0,0,0.4706680528866087,1
1,1,0.9801556494422179,1
0,0,0.3889607775616805,1
1,1,0.7429547341585917,1
1,0,0.134612324490249,1
0,0,0.4370656029386279,0
1,1,0.8062227547172692,1
1,1,0.850031628425112,0
1,1,0.8280403136228927,1
1,1,0.6481617819603681,1
1,1,0.9381081126380929,1
1,1,0.9967200918465493,0
1,1,0.6681225612231774,0
