y_true,y_pred,y_prob,sensitive_features
0,0,0.45671187950972725,1
0,0,0.41276170804857637,0
1,1,0.6215935214153455,1
0,1,0.5150610803996819,1
1,1,0.5683113356303228,0
0,0,0.3042577276353464,0
0,0,0.30364199240928147,1
0,0,0.42624853415779906,1
1,1,0.5664333221167991,1
0,1,0.5941216874444623,1
0,0,0.49709150041049366,0
1,0,0.4468694409635282,1
1,0,0.4979503706824791,1
0,0,0.3864729455667695,1
1,1,0.6267366257298362,1
0,1,0.6447265919366001,1
0,1,0.5760206339251454,1
0,0,0.337862514554638,1
1,1,0.5651605541053962,1
1,1,0.5976512842018809,1
0,0,0.39906823062114577,1
1,1,0.5664385240198635,1
1,0,0.3662408095721449,1
1,1,0.5760610948725569,1
1,1,0.6289513101318762,1
0,1,0.513038206163876,1
1,1,0.6115187306526508,1
1,1,0.5698017985729368,1
0,1,0.6431147476033083,1
1,0,0.47100993810569597,0
1,0,0.42931127754450527,0
1,1,0.6040942949640083,1
0,0,0.4809369424154216,0
1,0,0.48142490106478175,0
1,1,0.5015893123848926,1
1,1,0.7988876512659392,0
1,1,0.6077009719911002,1
1,0,0.42124980825106234,1
1,0,0.49219263977791267,1
0,0,0.4842913326443849,0
1,1,0.5436978909409481,1
1,0,0.4417110487963505,1
1,0,0.3027582980238805,1
1,1,0.5587227052995138,1
0,0,0.4603445140483745,1
0,1,0.5166609849910725,0
1,0,0.4809666163648181,1
