y_true,y_pred,y_prob,sensitive_features
0,1,0.8584306410991583,0
1,1,0.9786710756278201,1
0,0,0.4237975394018192,0
1,1,0.7453593410422014,1
1,1,0.5102687136701848,1
1,1,0.8724945108760559,1
1,1,0.7984002410849422,1
1,1,0.9926344464668667,1
1,1,0.9816568064183863,1
0,0,0.36718806055144704,1
0,1,0.633128612620755,1
0,1,0.8547270068052072,1
0,1,0.9360893319774894,0
1,1,0.53112786471945,1
0,1,0.9732848822510213,1
1,1,0.9895508268700415,0
0,0,0.02651153913458435,1
1,1,0.9805337434255783,1
1,0,0.39150211941048557,0
1,0,0.38701923621098117,1
0,1,0.8653108654233155,0
0,0,0.10359167688696781,0
0,1,0.8608906142113002,1
1,1,0.8865787838385745,1
1,0,0.3585306550645654,1
1,1,0.8607474528240902,0
0,0,0.3440100681142908,1
0,1,0.6860569782569247,1
1,1,0.9299509207503227,1
0,1,0.9041652412370605,1
1,1,0.9882610474069087,0
1,0,0.14552259173867502,1
1,1,0.9186048528042111,1
1,1,0.9816673884428649,1
0,1,0.5750702155577355,0
0,1,0.6798589560820378,1
0,1,0.7872062541987542,1
1,1,0.9672679923799885,0
1,1,0.5480532867203456,1
1,1,0.7256290468402908,1
1,0,0.24172274788672,1
1,1,0.8760222582182847,1
1,0,0.024020902319558935,1
0,1,0.6785274157304017,1
0,1,0.9857235356723278,1
1,1,0.7629711996486033,1
1,1,0.9974766261273432,1
