y_true,y_pred,y_prob,sensitive_features
1,1,0.9152958167402409,1
0,1,0.7005832311792476,1
1,1,0.6268265633477389,1
0,0,0.055435136892312546,0
1,1,0.5951005837276715,0
0,0,0.037655913148629254,0
1,0,0.409908069321361,1
0,0,0.18916047961935487,1
0,1,0.595812239484721,1
1,1,0.6945327730570174,1
1,1,0.7854379276199521,1
1,1,0.6673302516327655,1
1,1,0.5038130872362251,1
1,1,0.9407809217769451,1
1,1,0.8387434958938588,1
1,0,0.28868877200956966,1
1,1,0.8400721275238678,1
0,1,0.895604549624851,1
1,1,0.9311532120177708,1
1,0,0.20320816300485642,1
1,1,0.9192916528230999,1
1,1,0.9904207440611228,1
0,1,0.5832683861012933,1
0,0,0.49462109153422124,1
0,1,0.6858933026408571,0
0,1,0.9071956258446696,1
1,0,0.1280918058735967,0
1,1,0.6894658476268812,1
0,1,0.9101832220227795,1
1,1,0.563516455019034,0
1,1,0.8548797588360008,1
0,0,0.45912821743645355,0
0,1,0.731602766603525,1
1,1,0.8994989666956138,1
0,0,0.184013087283744,0
0,1,0.9401168612324655,1
1,1,0.7216153683072001,1
1,1,0.9742116538909895,1
0,1,0.7765578321096478,1
1,0,0.07574046131638473,0
1,1,0.929738804605399,1
1,1,0.7903872706974474,0
1,1,0.6567190740683104,1
0,1,0.9277095396070042,1
1,1,0.6213115772848373,1
0,1,0.7382452917145824,1
0,0,0.11314802675809724,0
