y_true,y_pred,y_prob,sensitive_features
0,1,0.5966623780926892,0
1,1,0.827716043646167,1
0,1,0.5119538625077681,0
1,0,0.4377644921808998,1
1,0,0.3836854280991482,1
1,1,0.7044198451103257,1
1,1,0.7989961404386494,1
1,1,0.9115436869194599,1
1,1,0.7863500937417157,1
0,0,0.41765822881498665,1
0,1,0.8304022243627435,1
0,0,0.47272061880038313,1
0,1,0.522016550587145,0
1,0,0.49894306554402224,1
0,1,0.7770246292866957,1
1,1,0.810385597477253,0
0,0,0.30824379586339634,1
1,1,0.9085047718871222,1
1,1,0.5525936991956121,0
1,1,0.6176705538287527,1
0,1,0.5073292838069613,0
0,0,0.25307489342064693,0
0,1,0.8593265003877292,1
1,1,0.8020348865791082,1
1,1,0.7804094990091981,1
1,0,0.22314863497992293,0
0,0,0.1772080271630593,1
0,1,0.6303876750370215,1
1,1,0.8232734233417267,1
0,1,0.6009789993214997,1
1,1,0.9994938152375312,0
1,1,0.8468984958821864,1
1,1,0.7444627811725405,1
1,1,0.944089628844188,1
0,1,0.6877061747158698,0
0,1,0.5396450639953703,1
0,1,0.556579114471962,1
1,1,0.8112946975591815,0
1,0,0.3567694278513607,1
1,0,0.47565924673747567,1
1,0,0.43474334297183576,1
1,1,0.6494114452183358,1
1,0,0.2086932052798621,1
0,0,0.3873412937898222,1
0,1,0.7804134412994135,1
1,1,0.771211914952449,1
1,1,0.9075673840664639,1
