y_true,y_pred,y_prob,sensitive_features
0.0,1.0,0.989098727968972,1
1.0,1.0,0.9572799078528147,1
1.0,1.0,0.9138662062762669,1
1.0,1.0,0.9111080293906961,1
1.0,1.0,0.8607895060807911,1
0.0,1.0,0.8812912114660775,1
1.0,1.0,0.9009253933093202,0
1.0,1.0,0.9850579149528167,0
0.0,1.0,0.9698333012988173,1
0.0,0.0,0.3950005404559826,0
0.0,0.0,0.4046040434776288,0
1.0,1.0,0.9677208590204833,1
0.0,1.0,0.9841088547988772,1
0.0,1.0,0.7024694570436798,1
0.0,1.0,0.8991002597917803,1
1.0,1.0,0.9859706521716951,1
1.0,1.0,0.6629873274278126,1
0.0,1.0,0.6887550773759528,1
1.0,0.0,0.4559927232745354,1
1.0,1.0,0.5806987055228325,1
0.0,1.0,0.9796337424801849,1
0.0,0.0,0.07217884168909025,0
1.0,0.0,0.16589897776201748,1
1.0,1.0,0.9314885303011212,1
1.0,0.0,0.27328856821807707,1
0.0,1.0,0.9949474834880215,1
0.0,1.0,0.9321378105909465,1
1.0,1.0,0.8029379822319642,1
1.0,1.0,0.9953605222963573,1
1.0,1.0,0.5940556121234757,1
1.0,1.0,0.8186888658811483,1
1.0,1.0,0.9147360516537789,1
0.0,1.0,0.5828604275943235,0
1.0,1.0,0.868254384545088,1
1.0,0.0,0.21066957968700228,1
0.0,0.0,0.13212110365260873,0
1.0,1.0,0.722021141974492,1
1.0,0.0,0.43945266087462975,0
0.0,1.0,0.8526417427599118,1
0.0,1.0,0.5671162621259768,0
0.0,1.0,0.971588716315522,1
1.0,1.0,0.8675848390530565,1
0.0,0.0,0.31289105251375815,1
1.0,1.0,0.9617510819102736,0
1.0,1.0,0.6588003233824179,1
1.0,0.0,0.2026478016910547,1
1.0,1.0,0.9492906291069837,0
