y_true,y_pred,y_prob,sensitive_features
1,1,0.5820831991366506,1
1,1,0.9882761084069493,0
0,0,0.1285849533282469,1
0,1,0.6114768181598216,1
0,0,0.33990489429491344,0
1,1,0.9716971107825726,1
0,1,0.5751527512188787,1
0,0,0.4926834167660822,1
1,1,0.8056313592130082,1
1,0,0.2690438271258078,1
0,0,0.25109843975658225,1
1,0,0.3879543938685576,1
1,1,0.6160025063043406,1
1,1,0.8598951303438785,0
1,1,0.5412495524623087,0
0,0,0.35225189536414264,1
1,1,0.9178349550564873,1
0,0,0.26906826141043755,1
1,1,0.8716780944657764,1
1,1,0.5676609505519096,1
1,1,0.9276250842938297,1
0,0,0.08404762402419656,0
0,1,0.5669419526432609,1
1,0,0.40095327422445465,0
0,0,0.12799044328197767,1
0,1,0.5965154433351334,1
1,1,0.644293114723942,1
0,0,0.22204688967458838,0
1,1,0.7526005512322561,1
1,1,0.5396630238858182,1
1,0,0.1091899677457677,1
1,1,0.6836251470323398,0
1,0,0.21415625808357194,1
0,0,0.28670478026641993,1
1,0,0.24996326964054355,1
1,0,0.4560823013255254,1
0,0,0.19785829388705162,1
0,0,0.2915058296119781,0
0,0,0.1720302542482002,0
1,1,0.554038893165125,1
1,1,0.9650255648272937,1
1,1,0.6579988386027992,1
1,1,0.5495391817547562,1
1,0,0.08143406320703092,1
0,0,0.2836650174951938,1
1,0,0.4584295986091321,1
0,1,0.7383266821412383,0
