y_true,y_pred,y_prob,sensitive_features
0,1,0.6221387485973355,1
0,0,0.15047037498883972,0
1,0,0.3629218340237838,1
0,1,0.8965683712154817,1
1,1,0.849274187292294,0
0,0,0.4072058564309534,0
0,1,0.7825061167245827,1
0,0,0.35093366464068204,1
1,1,0.9452880268609094,1
0,1,0.882711106373819,1
0,0,0.13096994601689596,0
1,0,0.20896456663919144,1
1,1,0.898277883886469,1
0,1,0.6760007714306806,1
1,1,0.7832245772489833,1
0,0,0.4598897243963085,1
0,1,0.7394988934011031,1
0,0,0.30101261723118183,1
1,0,0.10265762902001517,1
1,1,0.8922736301313894,1
0,0,0.19138289755504717,1
1,1,0.8984565664819923,1
1,0,0.22551678079621448,1
1,1,0.5537637167265755,1
1,1,0.6477823414534838,1
0,1,0.9640554286756644,1
1,1,0.8899133386138811,1
1,1,0.8709419791094425,1
0,0,0.2624568773432653,1
1,1,0.7831433799519582,0
1,0,0.42592040542866166,0
1,1,0.9603146512742765,1
0,0,0.4406869305233721,0
1,1,0.8863526329250133,0
1,1,0.6892834476460484,1
1,1,0.9426956219896719,0
1,1,0.5656905666926414,1
1,1,0.8261050283390197,1
1,1,0.5068508766842406,1
0,1,0.8115848595542017,0
1,1,0.8268506820993321,1
1,1,0.8049293780649902,1
1,0,0.42397085304569193,1
1,1,0.5312209442468067,1
0,1,0.5236704409959522,1
0,0,0.25510735630728587,0
1,1,0.8851820509016866,1
