y_true,y_pred,y_prob,sensitive_features
0,1,0.9857680358173535,1
1,1,0.8976288868277811,1
1,1,0.7620167794593964,1
1,1,0.9261212378329416,1
1,1,0.9666534385249939,1
0,0,0.41743117501854105,1
1,1,0.812530731137315,0
1,1,0.9980627299246638,0
0,1,0.9847596391796416,1
0,0,0.28270015483229316,0
0,0,0.08104297724467491,0
1,1,0.9772274768364811,1
0,1,0.9802416074530274,1
0,1,0.6655709336559165,1
0,1,0.6064531453595708,1
1,1,0.9946992207310259,1
1,1,0.9988879053890553,1
0,0,0.41871614944467994,1
1,0,0.13203776418760632,1
1,1,0.7716195101657842,1
0,1,0.9857847478711698,1
0,0,0.30990517719941,0
1,0,0.1304099648384732,1
1,1,0.7389380569760963,1
1,0,0.40736399898555953,1
0,1,0.9941453042438136,1
0,1,0.8527666495921647,1
1,0,0.17105454066985906,1
1,1,0.9774977747240282,1
1,1,0.8420642952431733,1
1,1,0.9220166185734867,1
1,1,0.9731638146390212,1
0,1,0.9338126084060052,0
1,1,0.86653363172963,1
1,0,0.15147455273986718,1
0,0,0.09107490320295965,0
1,1,0.7802892374835667,1
1,1,0.8255767143353316,0
0,1,0.9760867901279845,1
0,0,0.1145203970446205,0
0,1,0.9344771739782083,1
1,1,0.994447864471181,1
0,1,0.6628947005445172,1
1,1,0.9320695288951406,0
1,1,0.9556436872349436,1
1,0,0.4600286293796157,1
1,1,0.9882837026115227,0
