y_true,y_pred,y_prob,sensitive_features
0.0,1.0,0.6598179167727286,0
1.0,1.0,0.584047490445256,1
1.0,1.0,0.8059175464054407,1
1.0,1.0,0.9808105579252474,1
0.0,0.0,0.2887097994787083,1
1.0,1.0,0.9631469942602621,1
0.0,0.0,0.32285674579425866,1
0.0,0.0,0.08512961509154525,1
1.0,0.0,0.300679671034364,1
0.0,1.0,0.515886335482411,0
0.0,0.0,0.318024495742385,1
0.0,1.0,0.8958156067315267,1
1.0,1.0,0.9905542476815997,1
1.0,1.0,0.9680349643763063,1
1.0,1.0,0.5532125227300553,1
1.0,1.0,0.914646114236062,1
0.0,1.0,0.9269026163375399,1
1.0,1.0,0.7799066748852255,1
0.0,0.0,0.05276232964523943,0
1.0,1.0,0.9788230468145497,1
0.0,0.0,0.35451876931300175,1
1.0,1.0,0.8526583315859844,0
0.0,1.0,0.6794202202366427,1
0.0,1.0,0.9392162728082221,1
1.0,1.0,0.6006617404601841,0
1.0,0.0,0.12915993428604824,1
0.0,1.0,0.9854577561609639,1
1.0,1.0,0.7875949376740361,1
1.0,1.0,0.8110714600953786,1
0.0,0.0,0.12846117919433925,0
0.0,0.0,0.25574284008324216,0
1.0,1.0,0.9940344636129068,1
1.0,1.0,0.936416605297691,1
0.0,0.0,0.10933839308023455,1
0.0,1.0,0.8457312068613753,1
1.0,0.0,0.3022125405555077,1
0.0,0.0,0.33783130313755416,1
1.0,1.0,0.9930836337780287,1
1.0,0.0,0.4366066395086054,1
0.0,1.0,0.5066330426836412,0
1.0,0.0,0.3143648611866653,1
1.0,1.0,0.9932252213199361,0
1.0,1.0,0.9292318540807845,1
1.0,1.0,0.9644458577386631,1
1.0,1.0,0.9301350498076735,1
1.0,1.0,0.9887269782805679,0
1.0,1.0,0.9492479321533244,0
