y_true,y_pred,y_prob,sensitive_features
1,1,0.6157754874971804,1
1,1,0.5559344137303447,1
0,1,0.5968490770430759,0
0,1,0.5959599710898889,1
1,1,0.5891142118016984,0
0,0,0.5443674117460943,0
1,1,0.5922504228075766,1
1,1,0.5671625453736022,0
0,1,0.5790155987499364,0
1,1,0.6267218271003423,1
1,1,0.6411351578657971,1
0,1,0.5698592130081754,1
1,1,0.6092789805813823,1
1,1,0.5808579480014088,1
1,1,0.5642672594281124,1
0,1,0.5663699820025034,1
1,1,0.6564518932196093,0
0,1,0.5933004859172482,1
0,1,0.6070807480652631,0
1,1,0.5776201768482089,1
0,0,0.5266848939298653,0
1,0,0.5455084874543796,1
1,1,0.6003562504828547,1
0,1,0.6208101582547453,1
1,1,0.5608242280131348,1
1,1,0.6139430319582948,1
0,1,0.6224700042600243,1
1,1,0.6058178458898384,1
1,1,0.59650733298409,1
1,1,0.5722335592650775,1
0,1,0.5694849853773029,1
1,0,0.5,1
0,1,0.6083781517812188,1
1,1,0.6225671125607259,0
0,0,0.5078574947903846,1
1,0,0.5,1
0,1,0.5880424014885278,1
1,1,0.6174861434785446,1
1,1,0.5783416795495647,1
1,1,0.6207315208291249,1
1,1,0.5861899624978866,1
0,0,0.533520184521935,1
0,1,0.5926058436578948,1
0,1,0.624221558115967,0
1,1,0.5918367199113445,0
0,1,0.6312238937971579,1
1,1,0.617653535632567,1
