y_true,y_pred,y_prob,sensitive_features
0,1,0.5827330491657416,1
1,1,0.6728749789834145,1
0,0,0.5646002181028934,0
0,1,0.6014778115756102,1
1,1,0.6234094253408101,0
1,0,0.5641733701000851,1
1,1,0.6528536134154372,1
0,1,0.6506027249877576,1
1,1,0.6321756905582606,1
1,1,0.6282593413715479,1
1,1,0.66006022965258,1
1,1,0.6408940692738841,1
1,1,0.6657805405777752,1
1,1,0.626023122436819,1
1,1,0.5924667531972194,0
0,0,0.560157062017089,1
0,0,0.5597358065633272,0
0,1,0.6218280817151414,1
1,1,0.6608817459007852,0
1,0,0.5677133283329334,0
1,1,0.6020155486589457,0
0,0,0.5134842539437436,0
1,1,0.6172071237359652,1
1,1,0.5873598589403863,1
1,1,0.6573593650027538,1
0,0,0.5309083500508622,1
0,1,0.5727946557914767,0
1,1,0.5933802275331627,1
1,1,0.581574245033948,1
1,1,0.5860497104915047,1
1,0,0.5631771680551814,1
0,1,0.6430329262454604,1
0,0,0.5593330549820527,0
0,1,0.6305880886060982,1
1,1,0.5971421310317796,1
0,1,0.6576586773825499,1
1,0,0.5310117993734321,1
1,1,0.5993263552706111,1
0,1,0.6431973705550132,1
1,1,0.6001244057158491,1
0,1,0.6166033903424445,1
1,1,0.6831110118284234,1
1,1,0.6099699109871216,1
0,1,0.6214309892186602,1
1,1,0.5950491508646002,1
0,1,0.6028052190114443,1
0,0,0.5090606778664708,0
