y_true,y_pred,y_prob,sensitive_features
1,1,0.7163890552958015,1
1,1,0.6225297503259231,1
1,1,0.8415780709477221,1
0,1,0.9359859567707575,1
1,0,0.48708084602321244,1
0,1,0.5908489789804916,1
0,1,0.6733635707366505,1
0,0,0.4367985676753104,0
0,1,0.5615730707169849,1
0,0,0.13706342677730382,0
1,0,0.45524491034642645,1
0,0,0.422002000209335,1
1,1,0.9662249290221386,1
1,0,0.3723463928837999,0
0,0,0.3710547687022036,1
1,1,0.6000729932038321,1
0,1,0.6170132917357034,1
1,0,0.2161629505001072,1
1,1,0.9565352430085695,1
1,1,0.8440128275649182,0
0,1,0.8206012414260387,1
0,0,0.1764018406785224,1
1,1,0.8761723186692991,1
1,1,0.8424643267288756,1
1,1,0.8083883357678278,1
1,1,0.6990288374464134,1
1,1,0.7439358741966223,0
1,1,0.8586014295095927,0
1,1,0.6139728980936313,1
1,1,0.6681946736099282,1
0,1,0.5216160414204062,1
1,1,0.9062261817356692,1
1,0,0.33684534175352265,1
0,0,0.24814398813101832,1
1,0,0.3729656260614264,1
1,1,0.8936908140832335,1
1,0,0.38797200946528626,1
0,1,0.7940737694572062,0
1,1,0.9995587144750326,0
0,0,0.20890024169909652,0
0,1,0.7326335306672974,1
0,1,0.7617845884656886,0
0,1,0.7281711412692303,0
1,0,0.40834303052458626,1
1,1,0.6845586587011034,1
0,0,0.30680503717547125,1
1,1,0.5184882586028458,1
