y_true,y_pred,y_prob,sensitive_features
0,0,0.39251778409121485,1
1,1,0.8642548628574047,1
0,0,0.30055112932762146,0
0,0,0.1634627200688064,1
1,1,0.9440518405698624,0
1,0,0.12675348237877576,1
1,1,0.9155000665988203,1
0,1,0.5371933607329396,1
1,1,0.977786713704945,1
1,1,0.9645191071098853,1
1,1,0.9531210132593412,1
1,1,0.9200691536936793,1
1,1,0.9602728941477935,1
1,1,0.7407423188401933,1
1,0,0.48813248166885714,0
0,1,0.765505932294806,1
0,1,0.8407606396578691,0
0,1,0.7146949602070642,1
1,1,0.8827794779876377,0
1,1,0.52826217110583,0
1,0,0.48799701121879663,0
0,0,0.2938492176135846,0
1,1,0.8280491547934273,1
1,1,0.5387090349605255,1
1,1,0.9933816166339066,1
0,0,0.11854234911547623,1
0,0,0.11009880355769322,0
1,0,0.3075260226044938,1
1,1,0.5956937063600586,1
1,1,0.7382512080071068,1
1,0,0.3434135544496575,1
0,0,0.339845870912376,1
0,0,0.23793127594042113,0
0,1,0.9570756255850416,1
1,1,0.6309885036588118,1
0,1,0.964341303862589,1
1,0,0.26628778915579027,1
1,0,0.4649618880111716,1
0,1,0.7176342708171461,1
1,1,0.9541508667539691,1
0,0,0.23318705243291066,1
1,1,0.8429576158169079,1
1,1,0.9654047328207191,1
0,0,0.07987830774288202,1
1,1,0.8220762002420067,1
0,1,0.734347229326501,1
0,0,0.1686828943119571,0
