y_true,y_pred,y_prob,sensitive_features
0,1,0.8179374700483083,1
1,1,0.7555992924753567,1
1,1,0.6351482613730846,1
1,1,0.5514955637418919,1
1,1,0.8493508222313014,1
0,1,0.6222807809027339,1
1,1,0.8657994646272755,0
1,0,0.37720693429716895,0
0,1,0.7012973837864258,1
0,1,0.695232677092509,0
0,1,0.6343603197001902,0
1,1,0.5491789466199124,1
0,1,0.9303065457230975,1
0,1,0.7886412678629722,1
0,1,0.6847479396201552,1
1,1,0.7368100200053268,1
1,1,0.9432226487364477,1
0,1,0.8343864822888847,1
1,1,0.5,1
1,1,0.7094198664471354,1
0,1,0.8280127587896616,1
0,0,0.22104130823852663,0
1,0,0.23418877419578388,1
1,1,0.7989441195173296,1
1,1,0.8415978054737822,1
0,1,0.9061800294577357,1
0,1,0.5,1
1,1,0.4828945574412357,1
1,1,0.9176475512296612,1
1,1,0.7728571840454569,1
1,1,0.6074466580774639,1
1,1,0.5688228120731895,1
0,1,0.822742121360622,0
1,1,0.8171124837829081,1
1,0,0.25119828821823514,1
0,0,0.08718124878931408,0
1,0,0.23223731015713228,1
1,1,0.510032292866996,0
0,1,0.9078341959258733,1
0,0,0.11303452315779276,0
0,1,0.9028698208443954,1
1,1,0.7006567266534242,1
0,1,0.5338971225840659,1
1,1,0.7813019424297848,0
1,1,0.8765272147419384,1
1,0,0.43311990749924995,1
1,1,0.7733633534039611,0
