y_true,y_pred,y_prob,sensitive_features
0,1,0.8911877832449348,1
0,0,0.42622854795931847,0
1,1,0.5198799809906144,1
0,1,0.8608589916461188,1
1,1,0.5982231925067761,0
0,1,0.5007206124495481,0
0,1,0.710343171478332,1
0,0,0.2480025645226603,1
1,1,0.708898071551165,1
0,1,0.8234926248838409,1
0,0,0.20978660980286307,0
1,0,0.2265985422744212,1
1,1,0.8427532138075267,1
0,0,0.2143417844050285,1
1,1,0.7378004264636661,1
0,1,0.511593500432964,1
0,1,0.6841176747850198,1
0,1,0.6581776337722197,1
1,1,0.7133307121220048,1
1,1,0.9225116953833113,1
0,0,0.14908513604648255,1
1,1,0.5931751953463431,1
1,1,0.6314078358731504,1
1,0,0.4033931716064162,1
1,0,0.39862484232701767,1
0,1,0.8164341956032253,1
1,1,0.709200893399687,1
1,1,0.7614319397782335,1
0,1,0.6244268917590061,1
1,0,0.25801742636685115,0
1,0,0.4325213288041344,0
1,1,0.8471984250746831,1
0,0,0.23351908418169975,0
1,1,0.609380952819155,0
1,1,0.5715465177871327,1
1,1,0.937067730707337,0
1,1,0.8371646565908308,1
1,0,0.22801951194435902,1
1,1,0.6908387066228279,1
0,1,0.5792918174286688,0
1,1,0.6797041320122165,1
1,1,0.5625009386441604,1
1,0,0.23611906777595687,1
1,0,0.3785910998103724,1
0,1,0.5105187202156226,1
0,0,0.4045823745081879,0
1,0,0.39006331214227946,1
