y_true,y_pred,y_prob,sensitive_features
1,1,0.9476908203163855,1
1,0,0.4621854656342975,1
0,0,0.1562047270230271,0
0,1,0.8136829677990294,1
1,0,0.36394600186432147,0
0,0,0.09339495098048743,0
1,1,0.8566687281427015,1
1,0,0.03828841649437472,0
0,0,0.3739099003711657,0
1,1,0.9735529771295457,1
1,1,0.9699495302452966,1
0,1,0.620109667040565,1
1,1,0.958442014783523,1
1,1,0.5809845041843814,1
1,1,0.7703974071460602,1
0,1,0.6466170328477434,1
1,1,0.8629780413411299,0
0,1,0.7792839657162017,1
0,0,0.22885633162937455,0
1,0,0.28547210050130206,1
0,0,0.11636116832153597,0
1,1,0.8687456666209219,1
1,1,0.8257314451875072,1
0,1,0.9507021267552641,1
1,1,0.8651444182693846,1
1,1,0.985785744373037,1
0,1,0.6420742101446008,1
1,1,0.8607909600030322,1
1,1,0.8722931520583734,1
1,1,0.6491039328174556,1
0,1,0.729885742509555,1
1,0,0.12505124418591962,1
0,1,0.8951951528987113,1
1,1,0.7491863478006281,0
0,0,0.2414836056860787,1
1,0,0.12631387821593468,1
0,1,0.8039176373682048,1
1,1,0.9822692417716299,1
1,1,0.6513852690267942,1
1,1,0.7174866954420811,1
1,1,0.5523862971138112,1
0,1,0.5992941520533429,1
0,1,0.8904589890721668,1
0,1,0.781473288124153,0
1,0,0.16630535483954034,0
0,1,0.9880153358527657,1
1,1,0.8628569272542111,1
