y_true,y_pred,y_prob,sensitive_features
1,0,0.46973581055198677,1
1,0,0.3105666819085215,1
1,1,0.942528913720444,1
0,1,0.7309896789619688,1
1,1,0.9242603050909366,1
0,1,0.867665815471744,1
0,1,0.8685477905648747,1
0,1,0.5238405269893696,0
0,0,0.4749778452380846,1
0,0,0.21337721301119345,0
1,1,0.5162188176003533,1
0,1,0.5585276806180355,1
1,1,0.9671242657992022,1
1,0,0.24317443512475165,0
0,1,0.6279727688908895,1
1,1,0.8924160309154142,1
0,0,0.3883689528631745,1
1,1,0.9098890826038701,1
1,1,0.5134555404446135,1
1,1,0.8884855520111568,0
0,1,0.9774840062726577,1
0,1,0.5557079961670873,1
1,1,0.8604910206694638,1
1,1,0.9493764461848192,1
1,1,0.7358894113747536,1
1,1,0.957617156431765,1
1,0,0.014110239356578565,0
1,1,0.9290834625997957,0
1,0,0.4819599811199389,1
1,1,0.6558409830870624,1
0,1,0.5151807116611484,1
1,0,0.1644502690849869,1
1,0,0.0805559409928132,1
0,0,0.4426869006783292,1
1,1,0.6115141337160198,1
1,0,0.3455308368504737,1
1,0,0.23142596032375423,1
0,0,0.0828951908580359,0
1,1,0.9991412983517813,0
0,0,0.39646478232097915,0
0,0,0.29687804240633986,1
0,1,0.8736095643666412,0
0,1,0.8139586748713301,0
1,1,0.502096865588251,1
1,1,0.9942984022245007,1
0,0,0.3040278190218945,1
1,1,0.7086605739749775,1
