y_true,y_pred,y_prob,sensitive_features
1,1,0.5711014623613927,1
1,1,0.6247151917438101,0
0,1,0.5701388703666477,1
0,1,0.5816366095308662,1
0,0,0.5057869247539035,0
1,1,0.6241059907132764,1
0,0,0.5263592936080388,1
0,1,0.5874521629906089,1
1,1,0.6975539228951191,1
1,0,0.449476838612287,1
0,1,0.6149228754223894,1
1,1,0.6134728500605064,1
1,1,0.5804975361964586,1
1,1,0.6442498882083675,0
1,1,0.5685286662548859,0
0,0,0.5171324035312717,1
1,1,0.5983150297461879,1
0,1,0.5995753141946354,1
1,1,0.600313267192215,1
1,1,0.5901542552109225,1
1,1,0.613959927096825,1
0,0,0.48933253692488426,0
0,0,0.5428524132605628,1
1,0,0.46607008889209617,0
0,1,0.6615953254570829,1
0,1,0.6006053730787022,1
1,1,0.5606889960877658,1
0,1,0.6127289388793176,0
1,1,0.5742862525119066,1
1,1,0.6056330718455536,1
1,1,0.5684040074246125,1
1,1,0.6006347731277767,0
1,1,0.5931198981045965,1
0,1,0.6036882829263018,1
1,0,0.5134972095786102,1
1,1,0.5675292125418722,1
0,0,0.5209000546247122,1
0,1,0.6018586896135785,0
0,0,0.42506049512446253,0
1,0,0.5153477766372716,1
1,1,0.6258734995321299,1
1,1,0.6128647308027314,1
1,0,0.5087075384859652,1
1,0,0.43593685336851273,1
0,1,0.5575393186590072,1
1,1,0.6100388069491943,1
0,1,0.5672502472954709,0
