y_true,y_pred,y_prob,sensitive_features
1,1,0.830881681344031,1
0,1,0.6473392477189458,1
1,1,0.7349146239605527,1
0,0,0.24281886613517092,0
1,0,0.2512126564729405,0
0,0,0.23893176006127018,0
1,0,0.4466558225920591,1
0,0,0.31211660530411345,1
0,1,0.8104088879080052,1
1,1,0.7660971681912764,1
1,1,0.9374132509286864,1
1,1,0.5566883062241017,1
1,0,0.3393785179755326,1
1,1,0.6774070818865845,1
1,1,0.7167346259605325,1
1,1,0.5545580893108533,1
1,1,0.8262539107503384,1
0,1,0.8037355674629204,1
1,1,0.8347389153217649,1
1,0,0.44393281706885296,1
1,1,0.9140994284335687,1
1,1,0.9908078076208543,1
0,1,0.5143511099514941,1
0,1,0.7956467620093748,1
0,1,0.5098200605511217,0
0,1,0.8400444027931947,1
1,0,0.22098901765019124,0
1,1,0.7911005882717616,1
0,1,0.7046495389454942,1
1,1,0.5638265454476864,0
1,1,0.7925735383155905,1
0,0,0.22786811906827742,0
0,1,0.7007147191735164,1
1,1,0.7561884193175559,1
0,0,0.12562437552469846,0
0,0,0.4687050263728157,1
1,1,0.6152372598786784,1
1,1,0.8258131690878151,1
0,1,0.8414692453076533,1
1,0,0.419679300490764,0
1,1,0.7937751597099006,1
1,1,0.6911742293013969,0
1,0,0.2695726529757465,1
0,1,0.7228012947712966,1
1,0,0.35849851542344413,1
0,1,0.5767284107777988,1
0,0,0.056543441908033475,0
