y_true,y_pred,y_prob,sensitive_features
0,1,0.6232366189787157,1
1,1,0.602028994557334,1
1,0,0.521460709103293,1
1,1,0.564605510675337,1
1,1,0.6151630775388136,1
0,0,0.5302422156447929,1
1,1,0.6246605210917932,0
1,1,0.5443079246939687,0
0,1,0.6000055129177831,1
0,0,0.5289127423473434,0
0,0,0.5171199245776046,0
1,1,0.5701365701341562,1
0,1,0.6017891235645811,1
0,1,0.550093930203853,1
0,0,0.5062588368435087,1
1,1,0.5814883522761988,1
1,1,0.663543762494462,1
0,1,0.5485612150730805,1
1,0,0.514355676709348,1
1,1,0.5480834212236909,1
0,1,0.6038938017848742,1
0,1,0.5443148486663985,0
1,0,0.4420937476135858,1
1,1,0.5819314488565719,1
1,1,0.5483281146144038,1
0,1,0.5737752465222975,1
0,0,0.5179250763883932,1
1,0,0.46802902178975675,1
1,1,0.6551852255378742,1
1,1,0.5654202031650641,1
1,1,0.5958211108562644,1
1,0,0.5183008172249938,1
0,1,0.5928958579248631,0
1,1,0.5519497255438748,1
1,0,0.4848851711904683,1
0,0,0.4726332715381891,0
1,0,0.4835761307556856,1
1,0,0.5338623450025953,0
0,1,0.633903545966199,1
0,1,0.5596527024604208,0
0,1,0.5835381528465391,1
1,1,0.5998530290757432,1
0,1,0.5557254978611456,1
1,1,0.609313077828366,0
1,1,0.58052257121217,1
1,1,0.5706578468621284,1
1,1,0.5849701682568936,0
