y_true,y_pred,y_prob,sensitive_features
1,1,0.918609159294436,1
1,1,0.9532418300482417,0
1,1,0.8777322935438233,1
1,1,0.8433954582854298,1
1,1,0.7778475322267869,1
1,0,0.12654319222220045,1
1,1,0.7800039651707386,1
1,1,0.5751967692732319,1
1,1,0.9440836475293887,1
0,0,0.2291712402035623,0
0,0,0.06667082587735451,0
0,1,0.8452351852881145,1
1,1,0.7296940515507047,1
1,1,0.9723731953365066,1
0,1,0.8546010776215387,1
0,1,0.9794622361698827,1
1,1,0.7853498333395017,1
1,1,0.7803569572081765,1
0,0,0.196628715519189,0
0,1,0.5284621390232432,1
1,1,0.6770064650286578,1
0,1,0.9579483667111025,1
1,1,0.8739494387880967,0
0,1,0.7431668347440147,1
1,1,0.8552645990148069,0
0,1,0.5318762145741004,1
0,1,0.6845655344047223,1
0,1,0.5067730601508587,1
0,0,0.4867793613061709,1
0,0,0.4864229928172997,0
0,1,0.8441705728021892,1
1,0,0.17292397109315633,1
0,0,0.11329413843261395,0
1,0,0.47359714574644785,1
1,1,0.8472646951267941,1
1,0,0.29685381070811734,0
1,1,0.7629896830810803,1
0,1,0.62733035540743,1
0,1,0.9754158683965928,1
1,1,0.7209823174886433,0
0,0,0.18054298267074786,0
1,1,0.5556336241894175,1
1,1,0.70230951693655,1
1,0,0.44623074884876984,1
1,1,0.8767287548287764,1
1,1,0.7768406735630146,1
1,1,0.9850052082488874,1
