y_true,y_pred,y_prob,sensitive_features
0,1,0.584652594670695,1
0,0,0.4097383882125113,0
1,0,0.46397506161377966,1
0,1,0.6787497808607639,1
1,1,0.5753456831729553,0
0,0,0.48468010160015246,0
0,1,0.5597742177742805,1
0,0,0.3796437686798515,1
1,1,0.5400322472314711,1
0,1,0.5735425719744609,1
0,1,0.5302189045913404,0
1,0,0.30951693178136386,1
1,1,0.609564225242348,1
0,0,0.36932988035450165,1
1,0,0.5,1
0,0,0.42924669563443335,1
0,0,0.45782808510519707,1
0,1,0.5283107994579741,1
1,0,0.4331612675602359,1
1,1,0.646691101445056,1
0,0,0.37075695871391284,1
1,1,0.6048833890138892,1
1,0,0.4269910120552923,1
1,0,0.48631060246351476,1
1,0,0.4733760079068496,1
0,1,0.5693112248618858,1
1,1,0.5741002837099544,1
1,1,0.5167307404282891,1
0,0,0.43309728140040293,1
1,0,0.4194621434858873,0
1,1,0.5423082494284468,0
1,1,0.617415650753799,1
0,1,0.5383283294564852,0
1,1,0.6265456352268179,0
1,0,0.4566379344718,1
1,1,0.612823636509977,0
1,1,0.5481228159118365,1
1,0,0.4164507694165851,1
1,1,0.5443541004147179,1
0,1,0.5249908525682719,0
1,1,0.5614119488794724,1
1,0,0.5,1
1,0,0.34695765573252507,1
1,0,0.4936087480787733,1
0,0,0.43809494162046536,1
0,1,0.5399072884540955,0
1,0,0.43270042802088415,1
