y_true,y_pred,y_prob,sensitive_features
0,1,0.7654482328993006,1
1,1,0.9302698032776144,1
0,0,0.164193800066622,0
0,1,0.9730954043089166,1
1,1,0.9598278400476828,0
1,1,0.5150469782537892,1
1,1,0.924985589268784,1
0,1,0.7511996936656983,1
1,1,0.9887923467313381,1
1,1,0.6239327497198428,1
1,1,0.8578157565229663,1
1,1,0.6713553885427072,1
1,1,0.9725401346720609,1
1,1,0.9593272926952768,1
1,1,0.8845749988711674,0
0,1,0.9592403720480455,1
0,1,0.6920955646929573,0
0,0,0.2824710036210198,1
1,1,0.5396425498778367,0
1,0,0.43849567971197423,0
1,1,0.5962524051408896,0
0,0,0.4110104407248172,0
1,0,0.29028816333209095,1
1,1,0.8495971463816947,1
1,1,0.9947023190528137,1
0,0,0.41782880596145094,1
0,0,0.13387629093376766,0
1,0,0.32341947812188176,1
1,1,0.7534754798842414,1
1,1,0.596129177578272,1
1,0,0.33448481842592365,1
0,1,0.925303350043616,1
0,1,0.5126797285841873,0
0,1,0.9641068023749512,1
1,1,0.9157917046478269,1
0,1,0.9795514277300633,1
1,0,0.3367636428522136,1
1,1,0.774480645633253,1
0,1,0.7009003818765611,1
1,1,0.9849333654474329,1
0,0,0.47534168228725754,1
1,1,0.944724647813422,1
1,1,0.9314158459125205,1
0,1,0.5709550102947972,1
1,1,0.7255364062485612,1
0,1,0.7344231241570734,1
0,0,0.05027263436342859,0
