y_true,y_pred,y_prob,sensitive_features
0,1,0.6165564727013969,1
1,1,0.873390210770455,1
0,0,0.4047247769426245,0
0,0,0.2598667983009439,1
1,1,0.6931965221298174,0
1,1,0.733949910819002,1
1,1,0.7694967200716822,1
0,1,0.6309250398090234,1
1,1,0.8141163586622989,1
1,1,0.5743110796385642,1
1,1,0.7366517355416824,1
1,1,0.6176966754380985,1
1,1,0.8905846989106971,1
1,1,0.7524042736905888,1
1,0,0.3991109627851019,0
0,0,0.41247907445134907,1
0,1,0.5509303955318404,0
0,1,0.5450848756217677,1
1,1,0.8962409147547604,0
1,0,0.1694224158606396,0
1,1,0.5607356701751386,0
0,0,0.24887670550549434,0
1,1,0.5468617268653111,1
1,1,0.7412323153342579,1
1,1,0.9034719933910191,1
0,0,0.4056589744640029,1
0,1,0.7287341902046127,0
1,1,0.7697892118302627,1
1,1,0.7291788799094936,1
1,1,0.5565645910765497,1
1,1,0.5839853815548872,1
0,0,0.4635489908123014,1
0,0,0.24322876793058648,0
0,1,0.6418944194278151,1
1,1,0.7052351979170391,1
0,1,0.807521290010298,1
1,0,0.4521315223246696,1
1,1,0.7558119046854601,1
0,1,0.9190122927772867,1
1,1,0.9273045996711589,1
0,1,0.6138111757134656,1
1,1,0.9268242606304273,1
1,1,0.7015083378625356,1
0,1,0.7186429304281899,1
1,1,0.5642319644392282,1
0,1,0.7374622601688762,1
0,0,0.2016923170856686,0
