y_true,y_pred,y_prob,sensitive_features
1,1,0.8547715525921397,1
1,1,0.5788461049846974,1
0,1,0.5106505165207365,0
0,1,0.8944637583398177,1
1,1,0.6416040536503564,0
0,0,0.08819353439142441,0
1,1,0.9373178125565093,1
1,0,0.14944259443578586,0
0,0,0.4930828260567427,0
1,1,0.9672398871677114,1
1,0,0.3534755830008628,1
0,1,0.5911718178690525,1
1,1,0.9750104001359224,1
1,1,0.8763029359775437,1
1,1,0.916354901111457,1
0,1,0.6873010609885236,1
1,1,0.5602191315865884,0
0,1,0.8161062051873242,1
0,0,0.38999480700601213,0
1,1,0.6637253808693906,1
0,0,0.2867886768662691,0
1,1,0.9164056104898832,1
1,1,0.7725931004400243,1
0,1,0.9537201713248452,1
1,0,0.14764110347806134,1
1,1,0.9567403346381375,1
0,0,0.21372606218650933,1
1,1,0.8881759468875795,1
1,1,0.8492731357854406,1
1,1,0.5697694491033539,1
0,1,0.7876282123627603,1
1,1,0.5813978636389128,1
0,1,0.5308329902798795,1
1,1,0.9322526230861095,0
0,1,0.9306722135424114,1
1,0,0.2166792387490521,1
0,0,0.27933474863194513,1
1,1,0.9951992309755375,1
1,1,0.5454759887529474,1
1,0,0.2868351796668842,1
1,0,0.017391320243704718,1
0,1,0.5146083818123637,1
0,1,0.9347211891731538,1
0,1,0.8239784191770848,0
1,1,0.9142109474198149,0
0,1,0.9822214380726036,1
1,1,0.8956400637860503,1
