y_true,y_pred,y_prob,sensitive_features
1,1,0.9747519744704145,1
1,1,0.9943152228084444,0
1,1,0.9559049795434825,1
1,1,0.9500741544804888,1
1,1,0.8512781504649599,1
1,0,0.06805688194195887,1
1,1,0.8475968676855843,1
1,1,0.5034675185104163,1
1,1,0.9513636099953913,1
0,0,0.4549412474436623,0
0,0,0.15762913469519765,0
0,1,0.8035126636421509,1
1,0,0.216274619713941,1
1,1,0.6946622492199727,1
0,0,0.09171143370966735,1
0,1,0.965135122885224,1
1,1,0.8708576348599857,1
1,1,0.7833393490687963,1
0,0,0.08321801196647978,0
0,0,0.42823478057151043,1
1,0,0.0519847091188356,1
0,1,0.8944496898381593,1
1,1,0.7592987236921643,0
0,0,0.48007023336136734,1
1,1,0.6873877266137807,0
0,0,0.34600846569569993,1
0,0,0.4618806763480112,1
0,0,0.11859126105597377,1
0,1,0.5496792172797754,1
0,1,0.7177984900308243,0
0,1,0.5603352295523158,1
1,0,0.2439449706845345,1
0,1,0.5252548767957634,0
1,1,0.6567521561229811,1
1,1,0.8468289631737017,1
1,0,0.31192999728848386,0
1,1,0.7173123640465678,1
0,1,0.5391592962002905,1
0,1,0.9761969274355948,1
1,1,0.6966265529137112,0
0,0,0.29399317539136055,0
1,0,0.42810834533204484,1
1,1,0.6383013489510235,1
1,0,0.1162242987532322,1
1,1,0.8556513188526584,1
1,1,0.7350059899529773,1
1,1,0.9985637784851163,1
