y_true,y_pred,y_prob,sensitive_features
1,1,0.7658084697337787,1
1,0,0.4781395855188911,1
0,1,0.5961337476089041,0
0,1,0.5134197951794772,1
1,1,0.6252279992662235,0
0,0,0.14085614912520536,0
1,1,0.8170323031613899,1
1,1,0.5377887829974088,0
0,1,0.5810946651513751,0
1,1,0.7514498708480077,1
1,0,0.2434374587984363,1
0,0,0.33367317560475857,1
1,1,0.9827514038410976,1
1,1,0.8153869538113816,1
1,1,0.8715317136537976,1
0,0,0.43195890399134546,1
1,1,0.8211202802094132,0
0,0,0.2791119142930272,1
0,0,0.1523111191703309,0
1,1,0.7594585523859586,1
0,1,0.5183701062168099,0
1,1,0.92743498956948,1
1,1,0.7790444094610486,1
0,1,0.931674133793713,1
1,0,0.16387595643660316,1
1,1,0.8583543517777079,1
0,0,0.13913884174881155,1
1,1,0.6999814336705977,1
1,1,0.8738461741813928,1
1,1,0.5943841679136824,1
0,1,0.8596884086810406,1
1,0,0.3963465629379107,1
0,1,0.5826044830400873,1
1,1,0.8434877557943623,0
0,1,0.551506271655394,1
1,0,0.11521869876260209,1
0,1,0.7479213190127566,1
1,1,0.956641900640257,1
1,0,0.4788960163506716,1
1,0,0.37964361892582027,1
1,0,0.025952031623541413,1
0,1,0.7925327959107157,1
0,1,0.6164878295147554,1
0,1,0.7008490462485112,0
1,1,0.6925485414246393,0
0,0,0.27131113749821406,1
1,1,0.688751309714174,1
