y_true,y_pred,y_prob,sensitive_features
1,1,0.5018314717755503,1
0,1,0.7278546739505183,1
1,1,0.6513750168722368,1
0,0,0.17420593566983258,0
1,0,0.36152303853098056,0
0,0,0.22939924534300357,0
1,0,0.49944814955005423,1
0,0,0.2608201185927621,1
0,1,0.7097800011210992,1
1,1,0.6676792800770508,1
1,1,0.9002741826910353,1
1,1,0.5259345402478769,1
1,0,0.3796880474784321,1
1,1,0.6967915136627687,1
1,1,0.5881851304651068,1
1,0,0.49301582670832667,1
1,1,0.7205227443236392,1
0,1,0.9182999597773508,1
1,1,0.9357329122451379,1
1,0,0.47728233906356315,1
1,1,0.9150930495754934,1
1,1,0.9776925846673691,1
0,1,0.6097968079343009,1
0,1,0.7186081020233608,1
0,0,0.4495981982707327,0
0,1,0.821939483119047,1
1,0,0.2958834638652992,0
1,1,0.6779358760596408,1
0,1,0.9327326817250015,1
1,1,0.591240955204461,0
1,1,0.7286141813928253,1
0,0,0.2766947415074237,0
0,0,0.23511857598714023,1
1,1,0.6546811326355606,1
0,0,0.1973885421605765,0
0,1,0.531769311092692,1
1,1,0.7677371005763761,1
1,1,0.8413216032138058,1
0,1,0.8122486823525883,1
1,0,0.27554613885958273,0
1,1,0.7634101097509858,1
1,1,0.719903092790238,0
1,0,0.4690262448887953,1
0,1,0.8019753724361149,1
1,0,0.48666556312179776,1
0,0,0.47817356667634325,1
0,0,0.12856480998800474,0
