y_true,y_pred,y_prob,sensitive_features
0,1,0.559457706208877,0
1,1,0.8917387545376084,1
0,0,0.36354390366199585,0
1,1,0.6191498439891442,1
1,1,0.5499177369738747,1
1,1,0.727510079396832,1
1,1,0.8407716121121676,1
1,1,0.9373922922427128,1
1,1,0.8548367724608146,1
0,0,0.4782106704517942,1
0,1,0.8644296736423621,1
0,1,0.584209323886531,1
0,1,0.5720492277629327,0
1,1,0.5235076920895522,1
0,1,0.8805253248110576,1
1,1,0.7318056225886048,0
0,0,0.37127207037980403,1
1,1,0.9487567552382398,1
1,1,0.5847777866115204,0
1,1,0.7771575679973234,1
0,0,0.48171318440785965,0
0,0,0.2912889491528874,0
0,1,0.9094669468962189,1
1,1,0.8707828871845403,1
1,1,0.8847597596987095,1
1,0,0.1973609377126591,0
0,0,0.23546838817577162,1
0,1,0.65090045964491,1
1,1,0.9013697083513721,1
0,1,0.6541698191092457,1
1,1,0.9994902735680321,0
1,1,0.9105620545341985,1
1,1,0.8001430291093242,1
1,1,0.9730646201509957,1
0,1,0.5826863124432089,0
0,1,0.629862563728461,1
0,1,0.7041891021017771,1
1,1,0.8196989249877434,0
1,1,0.5317503564865148,1
1,1,0.6024158150678102,1
1,1,0.5110624682324747,1
1,1,0.590941406799415,1
1,0,0.2776068627466016,1
0,0,0.49701692697961336,1
0,1,0.8297884754967784,1
1,1,0.8295250659614476,1
1,1,0.9663120976747211,1
