y_true,y_pred,y_prob,sensitive_features
0,1,0.6986150639093173,1
1,1,0.7114562449422941,1
1,1,0.5526672433453479,1
1,1,0.5522121527930066,1
1,1,0.7062018863130352,1
0,1,0.5516035315503625,1
1,1,0.7191886382872287,0
1,1,0.6172383583475126,0
0,1,0.6884567989868305,1
0,0,0.5,0
0,1,0.5453104816387043,0
1,1,0.5870729162891768,1
0,0,0.4645594783708989,1
0,1,0.6564557907844581,1
0,0,0.5,1
1,1,0.664082646043661,1
1,1,0.7370837419550029,1
0,1,0.5706460627620282,1
1,0,0.5136273055164572,1
1,1,0.6209737846472848,1
0,1,0.6939940152892715,1
0,1,0.6183987768519202,0
1,0,0.38316404051674713,1
1,1,0.581942676794912,1
1,1,0.5665307968079035,1
0,1,0.6449608028390481,1
0,1,0.5583677690997089,1
1,0,0.4178094378318322,1
1,1,0.7477049066579999,1
1,1,0.6575098959471486,1
1,1,0.6510553080086396,1
1,1,0.5774344474665334,1
0,1,0.6148493826687367,0
1,1,0.5911840195229611,1
1,0,0.4767079479016453,1
0,0,0.4422513626505249,0
1,0,0.48939074789603204,1
1,1,0.5561336743785977,0
0,1,0.7008710279101797,1
0,1,0.5828687488116863,0
0,1,0.689410835026503,1
1,1,0.6986773275686629,1
0,1,0.6784642331214582,1
1,1,0.6116838683584781,0
1,1,0.5911257625712145,1
1,1,0.6321717587812203,1
1,1,0.6567678610308656,0
