y_true,y_pred,y_prob,sensitive_features
0,1,0.6300613662604969,1
0,1,0.6267598745968113,0
1,1,0.6428904949000284,1
0,1,0.6119291564894743,1
1,1,0.6119332949468728,0
0,1,0.6632867978147956,0
0,1,0.6478577878001793,1
0,1,0.6564221034811932,1
1,1,0.6282983897037675,1
0,1,0.605592402354948,1
0,1,0.6481514692978836,0
1,0,0.6756598655000546,1
1,1,0.619149688073123,1
0,1,0.6555766055026591,1
1,1,0.6173540702044945,1
0,1,0.622872494007289,1
0,1,0.6448977023439211,1
0,1,0.6396008421874061,1
1,1,0.6479711023915414,1
1,1,0.6206547867302741,1
0,0,0.6738791562549135,1
1,1,0.6217673457184287,1
1,1,0.6410317201061236,1
1,1,0.6450270134737424,1
1,1,0.6212907360065679,1
0,1,0.6231992378760738,1
1,1,0.6336207549241603,1
1,1,0.6164748992438317,1
0,1,0.6186334779180006,1
1,1,0.6459382605031897,0
1,1,0.6425485206906418,0
1,1,0.6163757624009853,1
0,1,0.6245213899464962,0
1,1,0.6154180509093284,0
1,1,0.6456063404751188,1
1,1,0.6235905843270245,0
1,1,0.6453455629602323,1
1,1,0.6569880602527769,1
1,1,0.627536276735294,1
0,1,0.6289616349780356,0
1,1,0.6329432640692323,1
1,1,0.6560559345814057,1
1,1,0.6592633075550928,1
1,1,0.6307432245269784,1
0,1,0.6518043559457419,1
0,1,0.6446832216760952,0
1,1,0.6320778544321095,1
