y_true,y_pred,y_prob,sensitive_features
0,1,0.6373677350015046,1
0,0,0.3153865671087107,0
1,0,0.4777036801448083,1
0,1,0.8049318458925828,1
1,1,0.5477364762641217,0
0,0,0.4915149667648421,0
0,1,0.6777896385720292,1
0,0,0.4382089987791191,1
1,1,0.6571768582908618,1
0,1,0.8024140159645569,1
0,0,0.44552352539227413,0
1,0,0.28933281181465037,1
1,1,0.722304749694839,1
0,0,0.41236496740909445,1
1,1,0.5879699370100101,1
0,1,0.5510392659193557,1
0,1,0.5694438145496773,1
0,1,0.6534778567707112,1
1,1,0.5235840516197843,1
1,1,0.6997558407432617,1
0,0,0.3274666759974613,1
1,1,0.8110364779344266,1
1,0,0.36589608048067573,1
1,1,0.5314645388807687,1
1,1,0.5744613685369258,1
0,1,0.7597719286621254,1
1,1,0.7251772246338197,1
1,1,0.7798415683285743,1
0,0,0.47099483866127223,1
1,0,0.4325603844548587,0
1,1,0.5641302373799133,0
1,1,0.806523966157793,1
0,0,0.4310908843188116,0
1,1,0.5899029238617427,0
1,1,0.5497708809081328,1
1,1,0.9509979011632786,0
1,1,0.6427311991547858,1
1,0,0.44589295937389617,1
1,1,0.6015003894239873,1
0,1,0.5380450785263586,0
1,1,0.8442069461376966,1
1,1,0.578548949207714,1
1,0,0.40594439988270803,1
1,0,0.4638271624610082,1
0,0,0.4754044098314221,1
0,1,0.6887602747887831,0
1,1,0.5322137637590737,1
