y_true,y_pred,y_prob,sensitive_features
1,1,0.977610607240594,1
1,1,0.9036530029106601,0
1,1,0.7328630290637868,1
1,1,0.8570530654380708,1
1,1,0.9395096190689911,1
1,0,0.027154495367085425,1
1,1,0.8615779419191234,1
1,0,0.3228305934419641,1
1,1,0.9794194156272155,1
0,0,0.4590034765190503,0
0,0,0.12862899272723485,0
0,1,0.9112371498305383,1
1,0,0.3645456601402299,1
1,1,0.9339349235643597,1
0,1,0.6306570736525403,1
0,1,0.9552583573271389,1
1,1,0.8301266944219895,1
1,1,0.9613723381266771,1
0,0,0.12181250532074007,0
0,0,0.3823906294350306,1
1,0,0.31972285144159013,1
0,1,0.8097101596228615,1
1,1,0.8433088213578458,0
0,1,0.87370025163122,1
1,1,0.8981533679597699,0
0,1,0.518687844820288,1
0,1,0.7397476836774972,1
0,0,0.2572717849815724,1
0,0,0.4871874506269927,1
0,1,0.5964528120931762,0
0,1,0.9413790676905728,1
1,0,0.3663811475410052,1
0,0,0.22422548455164906,0
1,1,0.749030238563336,1
1,1,0.821343105691774,1
1,0,0.12178075287053128,0
1,1,0.8493221338475265,1
0,1,0.5523045115442283,1
0,1,0.9654916187602436,1
1,1,0.9062164146604247,0
0,0,0.21215459049148355,0
1,0,0.245731009117973,1
1,0,0.4746967104890747,1
1,0,0.18501474836533607,1
1,1,0.9540913212259561,1
1,1,0.9592464906175812,1
1,1,0.9947477366974197,1
