y_true,y_pred,y_prob,sensitive_features
0,0,0.47080614092512574,0
1,0,0.16248642495379123,1
1,1,0.7097808396543073,1
1,0,0.31250925076721886,1
0,0,0.4927395224843277,1
1,1,0.9661917977610349,1
0,1,0.7645555304536392,1
0,0,0.24834449083787444,1
1,0,0.2789488727772839,1
0,1,0.6330889452396351,0
0,1,0.6508727633155396,1
0,1,0.7992381300585469,1
1,1,0.9272725385895153,1
1,1,0.5721667815067961,1
1,1,0.5441637251899479,1
1,1,0.780001887604821,1
0,1,0.5320352186464001,1
1,1,0.6679980546981474,1
0,0,0.08547531440087389,0
1,1,0.9866877699422703,1
0,0,0.29529362302136464,1
1,1,0.503555040891603,0
0,0,0.428524865016313,1
0,0,0.48293171846271427,1
1,1,0.5808975574106081,0
1,0,0.49492804134588464,1
0,1,0.987283907421738,1
1,0,0.09207119115205675,1
1,1,0.7150254947302632,1
0,0,0.20205126487026734,0
0,0,0.25904383659794145,0
1,1,0.9548383502910311,1
1,1,0.9281958634748859,1
0,0,0.3317757215020884,1
0,1,0.8056310159868417,1
1,0,0.24937143149559257,1
0,0,0.4078006024047401,1
1,0,0.2950170708726534,1
1,0,0.36842273536382675,1
0,1,0.5664067830697153,0
1,1,0.795153931567458,1
1,0,0.2516271285274244,0
1,0,0.21003065918326905,1
1,0,0.37189974287798233,1
1,1,0.9798997649525473,1
1,1,0.9926653647195232,0
1,1,0.7596755939991775,0
