y_true,y_pred,y_prob,sensitive_features
0,0,0.3392786573574217,0
1,1,0.6977577398807565,1
1,1,0.9561985597134857,1
1,1,0.6890816745877333,1
0,0,0.38967640199806414,1
1,1,0.9485634756420298,1
0,1,0.7320153281344457,1
0,0,0.352199138857622,1
1,0,0.35371462987402275,1
0,1,0.9000705627124198,0
0,0,0.4242641462004025,1
0,1,0.5941927338377275,1
1,0,0.3072594722529274,1
1,1,0.7970748908626798,1
1,1,0.7260540296348287,1
1,1,0.7091891592317597,1
0,0,0.3229155772620553,1
1,0,0.37921278699514793,1
0,0,0.44123678470690875,0
1,1,0.9480897962744687,1
0,0,0.44723006453836145,1
1,1,0.5636829165028898,0
0,1,0.5122076714118922,1
0,1,0.9475942870178058,1
1,1,0.6172901945461984,0
1,0,0.2850934373135989,1
0,1,0.7550834550953099,1
1,1,0.6305176422786058,1
1,1,0.6001673925862134,1
0,0,0.3680189163840568,0
0,0,0.3838824059934231,0
1,1,0.8612777593244482,1
1,1,0.6809045995722502,1
0,0,0.3523987828415364,1
0,0,0.4677824558093189,1
1,1,0.8424907861791138,1
0,1,0.5234122072563453,1
1,1,0.6375189580548443,1
1,1,0.5869012028381113,1
0,0,0.40073792975825917,0
1,0,0.3154743864324517,1
1,1,0.9747059370694231,0
1,1,0.5483164179087718,1
1,0,0.3910781974063284,1
1,1,0.9442474396725622,1
1,1,0.9686495740655036,0
1,1,0.9145375527336118,0
