y_true,y_pred,y_prob,sensitive_features
0,0,0.5415660941207789,0
1,1,0.6489627260844197,1
1,1,0.6955941649533651,1
1,1,0.6616385204380407,1
0,1,0.7123136858591328,1
1,1,0.7020818906998079,1
0,1,0.8226882687185243,1
0,0,0.512684625416382,1
1,1,0.7097578132660998,1
0,1,0.6705514584534868,0
0,1,0.6601362344411416,1
0,1,0.7727241647102397,1
1,1,0.6683887973410328,1
1,1,0.669874366295316,1
1,1,0.6562346365669509,1
1,1,0.7119500279898422,1
0,1,0.6812408262535874,1
1,1,0.6581327463790156,1
0,0,0.28432168621560816,0
1,1,0.7616322336058257,1
0,1,0.5716109615531969,1
1,1,0.714531572683887,0
0,1,0.580264650669856,1
0,1,0.719892660447404,1
1,1,0.6118579137909682,0
1,0,0.5291236124968078,1
0,1,0.8461538284709358,1
1,1,0.6076853767396602,1
1,1,0.7758545338920178,1
0,0,0.44755769776086474,0
0,0,0.5509716864372498,0
1,1,0.7589520983117808,1
1,1,0.7390551558799195,1
0,1,0.664159632036112,1
0,1,0.8228972498637264,1
1,0,0.5166181278949739,1
0,1,0.6764334980753196,1
1,1,0.5921669956483111,1
1,0,0.5544512539220449,1
0,0,0.5463979747878528,0
1,1,0.7563601186258447,1
1,1,0.6949962491169046,0
1,1,0.6477083665091353,1
1,1,0.5939096120949362,1
1,1,0.7855386733814153,1
1,1,0.7487717389825725,0
1,1,0.71292547169002,0
