y_true,y_pred,y_prob,sensitive_features
0.0,0.0,0.3341980871492378,0
1.0,1.0,0.5199325270059592,1
1.0,1.0,0.6749977750362915,1
1.0,1.0,0.9601795500486205,1
0.0,0.0,0.34081860977422684,1
1.0,1.0,0.8734620650896133,1
0.0,1.0,0.6031667054655112,1
0.0,0.0,0.24107105016970107,1
1.0,0.0,0.25095105704874804,1
0.0,0.0,0.2777566255920174,0
0.0,0.0,0.28678301870668105,1
0.0,1.0,0.5421541624293692,1
1.0,1.0,0.594505871002461,1
1.0,1.0,0.8032134614220857,1
1.0,1.0,0.6436946584423101,1
1.0,1.0,0.531599699663713,1
0.0,0.0,0.4281221085018755,1
1.0,1.0,0.5209820878940364,1
0.0,0.0,0.0773104734911176,0
1.0,1.0,0.801629670144501,1
0.0,0.0,0.21114602348686912,1
1.0,0.0,0.41163969572331444,0
0.0,0.0,0.24786381484013797,1
0.0,0.0,0.39237707191956483,1
1.0,1.0,0.7129201116656003,0
1.0,0.0,0.21180756026117645,1
0.0,1.0,0.8272857458690869,1
1.0,0.0,0.45199616844760504,1
1.0,0.0,0.36240654829127106,1
0.0,0.0,0.15689912130730468,0
0.0,0.0,0.16433091051965418,0
1.0,1.0,0.930759674151278,1
1.0,1.0,0.6380522000863529,1
0.0,0.0,0.4348387082687791,1
0.0,1.0,0.5841549624527531,1
1.0,0.0,0.30633665974856483,1
0.0,0.0,0.2368909065930883,1
1.0,1.0,0.7543281103274221,1
1.0,0.0,0.3865674264282984,1
0.0,0.0,0.3964348408727819,0
1.0,0.0,0.34875681675624015,1
1.0,0.0,0.3616068472783255,0
1.0,0.0,0.4403566919147761,1
1.0,0.0,0.30507111563689243,1
1.0,1.0,0.8569062062965261,1
1.0,1.0,0.9851586445760562,0
1.0,0.0,0.48470058712837544,0
