y_true,y_pred,y_prob,sensitive_features
1,1,0.6015992151481494,1
0,0,0.6117295640694097,1
1,1,0.6049425571766225,1
0,0,0.6146616673344515,0
1,1,0.6096086910437544,0
0,0,0.6130425206041984,0
1,0,0.6114778398677996,1
0,0,0.6182064463631853,1
0,1,0.6111410359184096,1
1,1,0.602464122182996,1
1,1,0.5961433366102378,1
1,1,0.606842621368696,1
1,1,0.6084117868835881,1
1,1,0.6017199545269796,1
1,1,0.608016729471793,1
1,0,0.6131954413954126,1
1,1,0.6040946217324532,1
0,1,0.6065584860816025,1
1,1,0.6082116879536141,1
1,0,0.6135392632979833,1
1,1,0.6026148590217092,1
1,1,0.602640784573515,1
0,1,0.6111435618219062,1
0,1,0.6032748373265839,1
0,1,0.6109144195047111,0
0,1,0.605399873206922,1
1,0,0.6125915149417634,0
1,1,0.6058248708845251,1
0,1,0.6040682366254918,1
1,1,0.6046171862650992,0
1,1,0.6022823067046719,1
0,1,0.6110006560527574,0
0,1,0.6077974100145098,1
1,1,0.6052652739423018,1
0,0,0.613064233535277,0
0,1,0.6081346101136484,1
1,1,0.6037025250281948,1
1,1,0.6053374403372889,1
0,1,0.6061262410622169,1
1,0,0.6191389761744396,0
1,1,0.6033144117153899,1
1,1,0.6017709623660081,0
1,0,0.6152360733329888,1
0,1,0.5996087639705028,1
1,0,0.6139097443908006,1
0,1,0.6106164032807421,1
0,0,0.6127874939169896,0
