y_true,y_pred,y_prob,sensitive_features
0,0,0.21182115928988918,0
1,1,0.5173272867702833,1
1,1,0.8785963716589409,1
1,1,0.6869328090105781,1
0,1,0.7608247884163772,1
1,1,0.9927118170067043,1
0,1,0.7545013806219005,1
0,0,0.43962406329226134,1
1,0,0.3992974778332878,1
0,1,0.8189147249775375,0
0,1,0.7550890802599624,1
0,1,0.8494586486789273,1
1,0,0.3532605712940639,1
1,1,0.7091170496778011,1
1,0,0.4422178102305266,1
1,1,0.648325160994782,1
0,1,0.6238024902208896,1
1,0,0.4480958930421734,1
0,1,0.6547971065479495,0
1,1,0.9408040080189972,1
0,0,0.18097240962106523,1
1,1,0.5543532627848724,0
0,0,0.1318357470509105,1
0,1,0.9767977661655839,1
1,0,0.43705607886656667,0
1,0,0.08774714527340294,1
0,1,0.9875019724394362,1
1,1,0.5850048061285491,1
1,1,0.9470507180827791,1
0,0,0.22750644425765276,0
0,0,0.20598199950774126,0
1,1,0.9372841247761841,1
1,1,0.9584875041897851,1
0,0,0.4575350289347972,1
0,1,0.6000051986663376,1
1,1,0.7915998811152001,1
0,0,0.2739945564034251,1
1,1,0.8132869739746846,1
1,0,0.17979722286497543,1
0,0,0.43742797508584685,0
1,1,0.5860973141467005,1
1,1,0.9628761503754905,0
1,1,0.6877923450745824,1
1,1,0.5373509069596101,1
1,1,0.9949347376510157,1
1,1,0.997693005905174,0
1,0,0.48781294941577974,0
