y_true,y_pred,y_prob,sensitive_features
1,1,0.9852770459489072,1
1,1,0.9998517299917327,0
1,1,0.9969586427608628,1
1,0,0.19718480952620077,1
1,1,0.9355708479793733,1
1,0,0.08306203818932566,1
1,1,0.8948691195658166,1
1,0,0.26119083365438456,1
1,1,0.9474510062232924,1
0,1,0.6636854457184482,0
0,0,0.17948152051193283,0
0,1,0.7092019549185254,1
1,0,0.011424329878374393,1
1,1,0.9274789667687044,1
0,0,0.4404212577921847,1
0,1,0.9423626403876708,1
1,1,0.9201811023416813,1
1,1,0.7746099832567842,1
0,0,0.10395358101174405,0
0,1,0.6650719701948095,1
1,0,0.02888712081447621,1
0,1,0.8468203915132843,1
1,0,0.20202413715062292,0
0,1,0.5261152883908482,1
1,1,0.9276068605777258,0
0,0,0.1569545665376114,1
0,1,0.6397137288915349,1
0,1,0.8646837285042924,1
0,0,0.1564255657844039,1
0,1,0.7099116741577773,0
0,1,0.815956488650324,1
1,0,0.03654880210271385,1
0,0,0.13604233034078167,0
1,0,0.45796412799739883,1
1,0,0.37270052185278857,1
1,0,0.38953758077552486,0
1,0,0.19268736020098584,1
0,1,0.674781898439814,1
0,1,0.9821390568771585,1
1,1,0.6026548096377012,0
0,0,0.0605803950448033,0
1,0,0.3519072094695477,1
1,1,0.6770206433174873,1
1,1,0.8129897106432862,1
1,1,0.8344669307325954,1
1,1,0.9146662571536092,1
1,1,0.9963701342872893,1
