y_true,y_pred,y_prob,sensitive_features
0,1,0.8524235383767143,0
1,1,0.7444116593052013,1
0,0,0.17523777463397525,0
1,1,0.973856231258263,1
1,1,0.8353781662428801,1
1,0,0.44792157696162543,1
1,1,0.9424741860859754,1
1,1,0.9499465445143549,1
1,1,0.8967941580403507,1
0,0,0.206345949887833,1
0,1,0.6010765049837257,1
0,1,0.6364691721119864,1
0,1,0.9298598480412995,0
1,0,0.4303566224929348,1
0,1,0.9809143226923851,1
1,1,0.9174952773338353,0
0,1,0.557048234986336,1
1,1,0.9791452957635404,1
1,1,0.6730503899922083,0
1,1,0.9884210260618492,1
0,1,0.6737185306006684,0
0,1,0.6998547547521932,0
0,1,0.9382011283868329,1
1,1,0.9188506932832343,1
1,1,0.9347003581733276,1
1,0,0.06299777839660042,0
0,0,0.08684088374699273,1
0,1,0.7260354786723022,1
1,1,0.7136155883546947,1
0,1,0.6782566940515458,1
1,1,0.9999491191958965,0
1,1,0.9670030630947178,1
1,1,0.8747379634082342,1
1,1,0.9963764553809635,1
0,1,0.6724098954017097,0
0,1,0.6550946086772667,1
0,1,0.6598703018235602,1
1,1,0.9577310727371804,0
1,1,0.5930815839391025,1
1,1,0.7593879393835352,1
1,1,0.5199003384470363,1
1,1,0.6369175774890726,1
1,0,0.23104898625251358,1
0,1,0.627227021871811,1
0,1,0.8261321486319656,1
1,1,0.8368299975502773,1
1,1,0.9960320078883728,1
