y_true,y_pred,y_prob,sensitive_features
1,1,0.9522933152008733,1
0,1,0.5092427034541259,1
1,0,0.47427748317498114,1
0,0,0.0712296762267038,0
1,1,0.8917079059184552,0
0,0,0.12562913878147325,0
1,0,0.2530968867692232,1
0,0,0.04167478950229672,1
0,0,0.24715412635100487,1
1,1,0.842814560861811,1
1,1,0.9066838651068921,1
1,1,0.5322767552793899,1
1,1,0.5682686334945264,1
1,1,0.7311515035271351,1
1,1,0.5736798940070499,1
1,0,0.46484111965027836,1
1,1,0.8255447596135025,1
0,1,0.8454828401995438,1
1,1,0.9385868609917849,1
1,0,0.08511532297169618,1
1,1,0.8997086890421283,1
1,1,0.9937049497077839,1
0,1,0.5311588344995919,1
0,1,0.8266570618899388,1
0,1,0.8530856999015292,0
0,1,0.7904977831504414,1
1,0,0.2069740325668961,0
1,0,0.41555173507305243,1
0,1,0.8772116014965131,1
1,1,0.8678529986240169,0
1,1,0.8427495304506886,1
0,0,0.42660912725560035,0
0,0,0.12322260804379617,1
1,1,0.8644194231128721,1
0,0,0.41567016238688304,0
0,1,0.9585719576028742,1
1,1,0.513505536913267,1
1,1,0.934560617347419,1
0,1,0.861548203422212,1
1,0,0.049769020836240435,0
1,1,0.9157118303695602,1
1,1,0.9661999420094813,0
1,0,0.45719272751845114,1
0,1,0.9194821402105049,1
1,1,0.5801356057313353,1
0,0,0.42143904497943974,1
0,0,0.2024584043560114,0
