y_true,y_pred,y_prob,sensitive_features
0,1,0.7507483050349127,1
1,1,0.8113889261313183,1
1,1,0.6072519511688586,1
1,1,0.9485123870575961,1
1,1,0.8387513136191156,1
0,1,0.5959591852849555,1
1,1,0.8476817809164731,0
1,0,0.399537723994844,0
0,1,0.6148033207725009,1
0,1,0.5309202992230162,0
0,1,0.5213576674037252,0
1,1,0.9535802344775831,1
0,1,0.7892549855633758,1
0,1,0.6753387682713398,1
0,0,0.30465605056694556,1
1,1,0.8605457011992097,1
1,1,0.9437102863983818,1
0,0,0.43623809774051114,1
1,1,0.5658063554976734,1
1,1,0.6393431087158654,1
0,1,0.699204085493923,1
0,0,0.21996064431908605,0
1,0,0.23774880065228257,1
1,1,0.748404193697755,1
1,1,0.6900718301227532,1
0,1,0.7391467457467066,1
0,0,0.4789281708604195,1
1,0,0.200855190429408,1
1,1,0.9227025396384435,1
1,1,0.7332261571622087,1
1,1,0.9184675114413151,1
1,0,0.464901274117679,1
0,1,0.8979651066136466,0
1,1,0.699820677859526,1
1,0,0.33130246810997077,1
0,0,0.2034836527036333,0
1,0,0.2490313117840975,1
1,1,0.549294891365012,0
0,1,0.7720406632975508,1
0,0,0.2438618990611068,0
0,1,0.816629945821785,1
1,1,0.8347377987482472,1
0,1,0.6619655513865361,1
1,1,0.7546038880070116,0
1,1,0.6912436863125391,1
1,1,0.932140485697012,1
1,1,0.6169808056809115,0
