y_true,y_pred,y_prob,sensitive_features
1,1,0.6586246833749245,1
1,0,0.4540331823903767,1
0,1,0.6251088923186305,0
0,1,0.6458662117897662,1
1,1,0.576745211526283,0
0,0,0.3290472064990388,0
1,1,0.6587751286631335,1
1,0,0.4822600615885517,0
0,0,0.45870049799608886,0
1,1,0.7631387624258198,1
1,1,0.7878874708379845,1
0,1,0.6729959648810528,1
1,1,0.7482485905129846,1
1,1,0.6038197202124858,1
1,1,0.577932732829544,1
0,0,0.5,1
1,1,0.7892227471307861,0
0,1,0.6586507826117765,1
0,0,0.5169240244777552,0
1,1,0.5527334497305831,1
0,0,0.2923143814611386,0
1,1,0.746624135027707,1
1,1,0.6548473874220065,1
0,1,0.7372084224339636,1
1,1,0.5705501826880472,1
1,1,0.7814117615380071,1
0,1,0.6259210484554396,1
1,1,0.6482263891187972,1
1,1,0.6511969631057982,1
1,1,0.5654816645831993,1
0,1,0.6759098009344595,1
1,0,0.3381256160939468,1
0,1,0.6107923119636238,1
1,1,0.6487244031055399,0
0,0,0.4557649669923037,1
1,0,0.38607866337955066,1
0,1,0.6647987032254382,1
1,1,0.7902777753969606,1
1,1,0.6667679404110416,1
1,1,0.6045196406060882,1
1,0,0.4007713750323323,1
0,1,0.5764440355492081,1
0,1,0.7611873477076092,1
0,1,0.6871556289583745,0
1,1,0.6310828842817713,0
0,1,0.7438783854739872,1
1,1,0.7896413705973424,1
