y_true,y_pred,y_prob,sensitive_features
1,0,0.4948255873604361,1
1,1,0.7480787579828697,0
0,1,0.8794778451993883,1
0,1,0.8200670183334353,1
0,0,0.4794381775294951,0
1,1,0.8292994727785975,1
0,1,0.7245270677883058,1
0,0,0.3502860234313197,1
1,1,0.9346441599129696,1
1,0,0.35674875837223363,1
0,1,0.9783832094582579,1
1,1,0.903421874932102,1
1,1,0.5436318666120966,1
1,1,0.6435891793236855,0
1,0,0.40277225872859873,0
0,0,0.4131404888220217,1
1,1,0.506424771695952,1
0,1,0.8144199891043921,1
1,1,0.5351399957388798,1
1,1,0.6646718276391728,1
1,0,0.440709631461875,1
0,0,0.14185660830412505,0
0,0,0.3670869231067773,1
1,0,0.4124367143278308,0
0,1,0.8180496153048982,1
0,0,0.3845068790842527,1
1,1,0.8177318356954572,1
0,0,0.09778849567539896,0
1,0,0.2646688579189337,1
1,1,0.8516238621855482,1
1,1,0.6139243756709191,1
1,1,0.8203190894160233,0
1,0,0.22891105290225006,1
0,1,0.727316625434698,1
1,0,0.41640567754960356,1
1,1,0.6155658948173687,1
0,1,0.7126652554629013,1
0,1,0.924467107728338,0
0,0,0.45496437028558223,0
1,0,0.32735952572575,1
1,1,0.8337743794877152,1
1,0,0.36601752407941623,1
1,0,0.47339399783448904,1
1,1,0.5703365852739348,1
0,1,0.5303498566210365,1
1,1,0.5806510469366444,1
0,1,0.6460092926390376,0
