y_true,y_pred,y_prob,sensitive_features
0,1,0.8269596497549652,1
1,1,0.95807671202231,1
0,0,0.1226607918033479,0
0,0,0.43375123994038367,1
1,1,0.7429551549153334,0
1,1,0.7638359173796269,1
1,1,0.7848559216863215,1
0,1,0.7043528806250382,1
1,1,0.9804139000872356,1
1,0,0.3905681427644077,1
1,1,0.9017763390011329,1
1,1,0.6160241482272429,1
1,1,0.9767579780560588,1
1,1,0.8850904220828377,1
1,1,0.5280084611712293,0
0,0,0.4521917594515256,1
0,0,0.46638582495163106,0
0,1,0.5316790626130624,1
1,1,0.8060520229369097,0
1,0,0.05918347362854589,0
1,1,0.5251176080127847,0
0,0,0.19299440322873584,0
1,1,0.8186734839603609,1
1,1,0.6890421673336686,1
1,1,0.9935638362583501,1
0,0,0.24363529310146778,1
0,1,0.8165796947722487,0
1,0,0.4989819042840218,1
1,1,0.7238403124045272,1
1,1,0.5738371592915585,1
1,1,0.6837247397670091,1
0,1,0.7143904218956738,1
0,0,0.24679792501142545,0
0,1,0.9636666442255107,1
1,1,0.8071081783949184,1
0,1,0.9726432815915907,1
1,0,0.4410921417088965,1
1,1,0.8190258886200976,1
0,1,0.8750771067204349,1
1,1,0.9180227236601642,1
0,1,0.5530420511660108,1
1,1,0.8919436111995491,1
1,1,0.9509307111379314,1
0,1,0.6911312260311195,1
1,1,0.5329204312716256,1
0,1,0.6715552074441278,1
0,0,0.034463598562399,0
