y_true,y_pred,y_prob,sensitive_features
1,1,0.6296000639491702,1
0,1,0.6311002274327172,1
1,1,0.6323345868376161,1
0,1,0.6330281216954143,0
1,1,0.6324382549543527,0
0,1,0.6313427421349784,0
1,0,0.6355909226314289,1
0,1,0.6334759229319707,1
0,1,0.6311166677490083,1
1,1,0.6327135663030093,1
1,1,0.6285261374892509,1
1,1,0.6323544438187003,1
1,1,0.6338085442050775,1
1,1,0.6299975687421053,1
1,1,0.6313992612386453,1
1,0,0.6348535762632724,1
1,1,0.631630409817596,1
0,1,0.6327648558510186,1
1,1,0.6324499705635959,1
1,0,0.634745171742281,1
1,1,0.632038787571818,1
1,1,0.6309006900990325,1
0,1,0.6336978160540925,1
0,1,0.630853290469825,1
0,0,0.6349885459763567,0
0,1,0.6313381184959154,1
1,1,0.6319996914954712,0
1,1,0.6320504179583757,1
0,1,0.6302105826697527,1
1,1,0.6334566449794803,0
1,1,0.6312394500434872,1
0,1,0.6311293547849814,0
0,1,0.6307507957486921,1
1,1,0.6315599529966652,1
0,1,0.6345219305674987,0
0,1,0.6344708081328082,1
1,1,0.6315506752953828,1
1,1,0.6317015579912131,1
0,1,0.6314038176070161,1
1,0,0.6362399953098026,0
1,1,0.6318246521021021,1
1,1,0.630312959733331,0
1,1,0.6340269291859394,1
0,1,0.6293752040556453,1
1,1,0.6339338662597204,1
0,1,0.6304400490495549,1
0,0,0.63510974873308,0
