y_true,y_pred,y_prob,sensitive_features
0,1,0.7595631365174746,1
1,1,0.8573903304127405,1
1,0,0.4943132314709817,1
1,0,0.4504898765439629,1
1,1,0.8109436848588772,1
0,1,0.6123262331186975,1
1,1,0.9208501358192053,0
1,0,0.40797605278857735,0
0,1,0.7549039251482067,1
0,1,0.5030009913794938,0
0,0,0.4749395333515721,0
1,1,0.6386758130358204,1
0,1,0.5667902000244199,1
0,1,0.678245997439155,1
0,0,0.32110063810708994,1
1,1,0.7144842367635315,1
1,1,0.8701392085349803,1
0,0,0.39779611890090216,1
1,1,0.5676254597690505,1
1,1,0.7038182701746865,1
0,1,0.6662604151173561,1
0,0,0.49918519978084236,0
1,0,0.2070682831781569,1
1,1,0.5301866567791877,1
1,1,0.6551980168706207,1
0,1,0.6470227459437906,1
0,0,0.4394149579195897,1
1,0,0.3073851940308666,1
1,1,0.9436631731781973,1
1,1,0.5894100789852976,1
1,1,0.7679236052056008,1
1,0,0.38114350005565917,1
0,1,0.534904554395036,0
1,1,0.6346353193477821,1
1,0,0.36911236555824745,1
0,0,0.37067922059159547,0
1,0,0.3032891030236826,1
1,0,0.4566425443270433,0
0,1,0.6393719927419526,1
0,0,0.29732834941213937,0
0,1,0.7414025230228154,1
1,1,0.6084403236506531,1
0,0,0.465899250884019,1
1,1,0.7237843754971043,0
1,1,0.7041677139922772,1
1,1,0.6929329855631793,1
1,0,0.3786435792123207,0
