y_true,y_pred,y_prob,sensitive_features
1,1,0.5161223075130813,1
1,1,0.9930845268931316,0
0,1,0.6131573871659723,1
0,1,0.5893919693172254,1
0,0,0.37618888280017587,0
1,1,0.6634183166695495,1
0,1,0.7583134695480045,1
0,1,0.5030647636592517,1
1,1,0.908652751638722,1
1,0,0.33412875714016776,1
0,1,0.7263602872132806,1
1,1,0.7529209593842582,1
1,1,0.6005684822846155,1
1,1,0.8981960934003566,0
1,1,0.6020572956442238,0
0,0,0.41389107361249117,1
1,1,0.6766249736063508,1
0,1,0.6753941223839343,1
1,1,0.5053635795783572,1
1,1,0.7008301360218402,1
1,1,0.9354118064952556,1
0,1,0.6069127167776883,0
0,0,0.4636002005689354,1
1,0,0.24946682947400664,0
0,1,0.7866019623569541,1
0,1,0.7302295682445011,1
1,1,0.5949737036213574,1
0,0,0.3338862482762826,0
1,0,0.3918500646646046,1
1,1,0.6627808991759486,1
1,0,0.42071458673647455,1
1,1,0.7671251921670836,0
1,0,0.4290068548810588,1
0,1,0.6369825479204758,1
1,0,0.39159903870886736,1
1,1,0.7659559492220871,1
0,0,0.26161909430147856,1
0,1,0.7303548706537611,0
0,0,0.461100663734869,0
1,0,0.44322213595963234,1
1,1,0.75258063343863,1
1,0,0.47277084901653904,1
1,1,0.811883514341541,1
1,0,0.4713094098943728,1
0,0,0.48554156297031814,1
1,1,0.915406868775991,1
0,1,0.6330391191649221,0
