y_true,y_pred,y_prob,sensitive_features
0,0,0.3890791514739856,1
1,1,0.8566352866607323,1
0,0,0.39620801476558615,0
0,0,0.39678198187537267,1
1,1,0.7795806152006819,0
1,0,0.4004864615791985,1
1,1,0.6420604471003343,1
0,1,0.6533790441504506,1
1,1,0.7328934333547782,1
1,0,0.47626089738759786,1
1,1,0.7444576083751032,1
1,1,0.6525171894896064,1
1,1,0.8443170938198,1
1,1,0.6786108776501495,1
1,1,0.5664130505911578,0
0,0,0.3963501676061716,1
0,0,0.48225917335350704,0
0,0,0.46734925150984086,1
1,1,0.6977437191818756,0
1,0,0.36994205499507066,0
1,0,0.5,0
0,0,0.19050737772011775,0
1,0,0.5309272403060172,1
1,1,0.5758211452059695,1
1,1,0.8245872553885014,1
0,0,0.25454278623953785,1
0,1,0.7869967553612714,0
1,1,0.5827609584570289,1
1,1,0.7319341682990784,1
1,1,0.5457026024795456,1
1,0,0.32100770543169876,1
0,1,0.5740811352522713,1
0,0,0.38830508807268516,0
0,1,0.6240122894644394,1
1,0,0.42597405775296093,1
0,1,0.7498781096926823,1
1,0,0.48783959258488957,1
1,1,0.6064450306807699,1
0,1,0.719212015886569,1
1,1,0.7373211138201347,1
0,1,0.613086347093728,1
1,1,0.8166299626867186,1
1,1,0.70485490157245,1
0,1,0.6651881270677353,1
1,0,0.4062563650080977,1
0,0,0.5309008221581123,1
0,0,0.19317276608454376,0
