y_true,y_pred,y_prob,sensitive_features
0,0,0.24146754153845773,0
1,0,0.35935054344179534,1
1,1,0.7527166090681124,1
1,1,0.7455031230350878,1
0,1,0.5556398626591278,1
1,1,0.9290774286299441,1
0,1,0.8843575260702023,1
0,0,0.4244033476761791,1
1,0,0.41892823320422407,1
0,0,0.4092708759139188,0
0,1,0.6731278437999959,1
0,1,0.7005029345859888,1
1,1,0.8005022745340458,1
1,1,0.8183766989972671,1
1,1,0.6428808003048345,1
1,1,0.6679893645931269,1
0,0,0.427606724931739,1
1,0,0.40378089532488004,1
0,0,0.22599727195611213,0
1,1,0.7426880607441827,1
0,0,0.4142778720004362,1
1,1,0.5621263876122766,0
0,1,0.6116577177613993,1
0,1,0.5321459570666204,1
1,0,0.2063939708791991,0
1,1,0.7904045738420864,1
0,1,0.704117921227844,1
1,0,0.3247903697918298,1
1,1,0.6642777689704004,1
0,0,0.19389615266426366,0
0,1,0.5556769085794768,0
1,1,0.757393543384314,1
1,1,0.7604474501518833,1
0,1,0.6976265398010727,1
0,1,0.78265611711342,1
1,0,0.41758732655166286,1
0,1,0.550697631429702,1
1,1,0.7225948724558371,1
1,0,0.47782935756738204,1
0,0,0.1654278229338119,0
1,1,0.5291237431767521,1
1,0,0.3588270534433564,0
1,0,0.3417932374086035,1
1,0,0.43420114952974215,1
1,1,0.7868827547451304,1
1,1,0.8468334794866088,0
1,0,0.4111232487585188,0
