y_true,y_pred,y_prob,sensitive_features
1,1,0.9446293341857431,1
0,1,0.576112061265616,1
1,0,0.30531152815354323,1
0,0,0.07793899169737216,0
1,1,0.6888173567100706,0
0,0,0.1266760460884139,0
1,0,0.12321933022689027,1
0,0,0.09821321506569808,1
0,0,0.3990487810094069,1
1,1,0.8741049241357975,1
1,1,0.8876229997890684,1
1,0,0.3985557623729652,1
1,0,0.37841507482964987,1
1,1,0.9143901890971144,1
1,1,0.5328461899918233,1
1,0,0.4098221000884531,1
1,1,0.9193703967627217,1
0,1,0.984774163160508,1
1,1,0.9516000319140061,1
1,0,0.1709469671413818,1
1,1,0.785531595985109,1
1,1,0.994789554715638,1
0,1,0.5230078365162957,1
0,1,0.8691212116470481,1
0,1,0.7897210586850165,0
0,1,0.9671139461391718,1
1,0,0.0487468720524441,0
1,1,0.7569236447987266,1
0,1,0.9749435895610751,1
1,1,0.7169251241430847,0
1,1,0.9106279562240036,1
0,0,0.16352430794290157,0
0,0,0.3196645853220749,1
1,1,0.9040940555192777,1
0,0,0.15537776445953141,0
0,1,0.9777619085452113,1
1,1,0.9482825099696913,1
1,1,0.9809469401042051,1
0,1,0.8922749258560156,1
1,0,0.058722355504230286,0
1,1,0.9480645669031946,1
1,1,0.9430033663145378,0
1,1,0.6474278669620888,1
0,1,0.9707980252383901,1
1,1,0.7413290439591048,1
0,1,0.5718929804048994,1
0,0,0.15112123247104825,0
