y_true,y_pred,y_prob,sensitive_features
1,1,0.7741590274964169,1
1,0,0.28230154860243634,1
0,1,0.7558322501293404,0
0,1,0.7851393282584496,1
1,1,0.7027203887159251,0
0,0,0.5165999936470896,0
1,1,0.724981617283163,1
1,0,0.5099329955327941,0
0,0,0.5495163559975664,0
1,1,0.8779525794803879,1
1,1,0.8304654916205068,1
0,1,0.8442540194008394,1
1,1,0.8539643148369087,1
1,1,0.6290739066780998,1
1,1,0.733707216203467,1
0,1,0.7724859783064311,1
1,1,0.8591664408069505,0
0,1,0.7000272887357522,1
0,1,0.6737854695057519,0
1,0,0.37023593791241755,1
0,0,0.4339195103759975,0
1,1,0.7924561774471626,1
1,1,0.7651926251408308,1
0,1,0.8428645153957581,1
1,1,0.5634106631956207,1
1,1,0.8978449067086383,1
0,1,0.7531160470220463,1
1,1,0.7447268585095754,1
1,1,0.8706664828809988,1
1,1,0.6341552736773582,1
0,1,0.8208904745751275,1
1,0,0.2460450120996459,1
0,1,0.8004008013230184,1
1,1,0.8043445507109258,0
0,0,0.20618583487840755,1
1,0,0.21128688793816608,1
0,1,0.8089984629958911,1
1,1,0.8997087213236578,1
1,1,0.7121209689087279,1
1,1,0.7458196864018505,1
1,0,0.5492894713923491,1
0,1,0.6126609461926911,1
0,1,0.76292162011438,1
0,1,0.8187177198883794,0
1,1,0.671479308606819,0
0,1,0.838042944306447,1
1,1,0.8152477216221757,1
