y_true,y_pred,y_prob,sensitive_features
1,1,0.7803179295752404,1
1,1,0.9976273344619728,0
0,0,0.4806887367206592,1
0,1,0.8108199375166447,1
0,0,0.014790296371571254,0
1,1,0.9713348519463506,1
0,1,0.5173003748367444,1
0,1,0.8007336960372258,1
1,1,0.9290546931980267,1
1,0,0.08016520102388278,1
0,1,0.5461313345589582,1
1,1,0.9400050180662413,1
1,1,0.66411850065282,1
1,1,0.9266494457966724,0
1,1,0.8708594350996521,0
0,1,0.6344321284210862,1
1,1,0.8612850793319601,1
0,1,0.5509472112789494,1
1,1,0.8397633945002719,1
1,1,0.6928006273169043,1
1,1,0.9962634239651512,1
0,0,0.22950331565701415,0
0,0,0.39319880809702956,1
1,0,0.4367402011374771,0
0,1,0.6422388818661315,1
0,1,0.7110454657889591,1
1,1,0.5373033287557355,1
0,0,0.41963291574644357,0
1,1,0.7313598079133752,1
1,1,0.5915502604869317,1
1,0,0.03340181534056215,1
1,1,0.8762550642058682,0
1,1,0.5063488605154254,1
0,1,0.8040721222985466,1
1,0,0.4261069547246104,1
1,1,0.8392246992900894,1
0,0,0.1254160607635148,1
0,0,0.3843947430810703,0
0,0,0.1971613489360967,0
1,1,0.9482981238879856,1
1,1,0.9885727898943673,1
1,1,0.818986116334076,1
1,1,0.8595560715363735,1
1,0,0.0329192253728841,1
0,0,0.32587219468241807,1
1,1,0.8050673278475969,1
0,1,0.8027055801877718,0
