y_true,y_pred,y_prob,sensitive_features
1,1,0.9132583048158602,1
1,1,0.9919166440834883,0
1,1,0.9080635042255979,1
1,1,0.7632436300048043,1
1,0,0.17483206156773423,1
1,0,0.21376082451932507,1
1,0,0.4063256430231738,1
1,0,0.44327998166446786,1
1,1,0.9095659207968584,1
0,1,0.8065614729017571,0
0,0,0.4210539718563513,0
0,1,0.6515727097870155,1
1,0,0.011058956139075659,1
1,1,0.6686502618185042,1
0,0,0.3102669264554014,1
0,1,0.962894241494884,1
1,1,0.7661241108962984,1
1,1,0.8159562343406717,1
0,0,0.44835558658154223,0
0,1,0.5451037280862682,1
1,0,0.014655921771333102,1
0,0,0.31602826853894495,1
1,1,0.58938707170136,0
0,1,0.8089478055009486,1
1,1,0.8866746221064501,0
0,0,0.4179110744553213,1
0,1,0.6406499595022495,1
0,1,0.7666912735927531,1
0,0,0.28528644359245925,1
0,1,0.6755445365740221,0
0,1,0.9309142331381101,1
1,0,0.38359335948818224,1
0,0,0.29765341239885645,0
1,0,0.436957683654521,1
1,1,0.523816585383829,1
1,1,0.8469522180190134,0
1,0,0.4295835462518758,1
0,0,0.46109358566119457,1
0,1,0.841060499649856,1
1,1,0.6895147307797981,0
0,0,0.40071209819267084,0
1,0,0.17975445967029155,1
1,0,0.20093104960166716,1
1,1,0.7231717476083911,1
1,0,0.444255802868682,1
1,1,0.5787886476514453,1
1,1,0.923114690370009,1
