y_true,y_pred,y_prob,sensitive_features
0,1,0.5247491518651504,1
1,1,0.6330660340023083,1
0,0,0.10869766185505698,0
0,1,0.8105192850777078,1
1,1,0.8912418072490559,0
1,0,0.32720598791316097,1
1,1,0.8795423664379093,1
0,0,0.4682723990920351,1
1,1,0.8121277467093557,1
1,1,0.8439410626199884,1
1,1,0.8548802131343293,1
1,1,0.7037203141243245,1
1,0,0.4007877363132083,1
1,0,0.37763483189816827,1
1,1,0.5095035515839917,0
0,1,0.7913210643682159,1
0,1,0.641835595753788,0
0,1,0.8045399003560576,1
1,0,0.45946800027481755,0
1,1,0.7659377787040655,0
1,0,0.38020129177740913,0
0,1,0.5267910386858794,0
1,1,0.633799398514839,1
1,0,0.37860701191086915,1
1,1,0.9517451367509518,1
0,0,0.19307882704740342,1
0,0,0.1940438559361869,0
1,0,0.2889161270881012,1
1,0,0.3699861770167758,1
1,1,0.8230140962189838,1
1,0,0.3002602709506374,1
0,1,0.6223486764231576,1
0,0,0.23189753760779167,0
0,1,0.8118467594530975,1
1,1,0.6593806142777476,1
0,1,0.8782338277445428,1
1,0,0.25220602666341,1
1,0,0.3499274876343141,1
0,1,0.592078195972064,1
1,1,0.7823552819773519,1
0,0,0.4813188137731094,1
1,1,0.8214614644599831,1
1,1,0.9274663166836994,1
0,1,0.7103939572093995,1
1,1,0.7404189830500831,1
0,1,0.7787934959206742,1
0,0,0.026039224820379,0
