y_true,y_pred,y_prob,sensitive_features
0,0,0.5,0
1,1,0.5952080550277666,1
1,1,0.6510222254023436,1
1,1,0.588797142668244,1
0,1,0.6962018911981471,1
1,1,0.6688939815657906,1
0,1,0.8029622719748712,1
0,0,0.46427576332941684,1
1,1,0.6470304969653764,1
0,1,0.6181663173670221,0
0,1,0.5897919641119241,1
0,1,0.7401731666649578,1
1,1,0.6453222126067018,1
1,1,0.6162917925322771,1
1,1,0.6292311086222458,1
1,1,0.709448961479239,1
0,1,0.6356411643482075,1
1,1,0.629086804252782,1
0,0,0.2562189572768074,0
1,1,0.7384741360895822,1
0,1,0.522227603140953,1
1,1,0.7133618064532529,0
0,1,0.5911199578059935,1
0,1,0.6843169216516839,1
1,1,0.6001071203271243,0
1,1,0.5393451145006817,1
0,1,0.8292164189327482,1
1,1,0.5544418021889153,1
1,1,0.7292210836793642,1
0,0,0.38100792989291904,0
0,1,0.5126281061785568,0
1,1,0.7466282630118938,1
1,1,0.7151523203831395,1
0,1,0.6464533300334497,1
0,1,0.7754713486603936,1
1,0,0.5,1
0,1,0.6163827392752306,1
1,1,0.5184393696982779,1
1,0,0.4821337677695364,1
0,0,0.5,0
1,1,0.681121633354582,1
1,1,0.6652432117980402,0
1,1,0.5841068209749917,1
1,1,0.526862177338723,1
1,1,0.7738399703582218,1
1,1,0.7468020232920672,0
1,1,0.7057340985894978,0
