y_true,y_pred,y_prob,sensitive_features
1,1,0.6247072720979341,1
1,1,0.9997199469570434,0
0,1,0.7071742887286203,1
0,1,0.6545114237449932,1
0,1,0.7934155759490011,0
1,1,0.8524925804901043,1
0,1,0.6373949472253891,1
0,0,0.41938731629202874,1
1,1,0.9584915310978328,1
1,0,0.2744537297131891,1
0,1,0.5843103724478014,1
1,0,0.26973896591641855,1
1,1,0.6254168696236619,1
1,1,0.8835660386869718,0
1,1,0.574676344104617,0
0,0,0.20352664647474444,1
1,1,0.6274033898722311,1
0,1,0.7765612721653466,1
1,1,0.9277636962526136,1
1,1,0.8066013866271948,1
1,1,0.9155294334703307,1
0,0,0.016018063733432644,0
0,0,0.24342450268798158,1
1,0,0.391513629962351,0
0,1,0.862313628879104,1
0,0,0.18753088766768414,1
1,1,0.5092672275553626,1
0,0,0.005565688178757168,0
1,0,0.4183609361544595,1
1,1,0.8020525722148893,1
1,1,0.6880141939565051,1
1,1,0.7991470079293165,0
1,1,0.6157658054993921,1
0,1,0.6199336197892565,1
1,1,0.7580178539726997,1
1,1,0.5112196883935533,1
0,0,0.35785392882619854,1
0,1,0.654630643880574,0
0,0,0.13618228943859695,0
1,0,0.2853320173479915,1
1,1,0.9793152351046395,1
1,1,0.5957079878302095,1
1,0,0.08971307257864695,1
1,0,0.30257905677802066,1
0,0,0.41754356615266747,1
1,1,0.8606546922746248,1
0,1,0.6829795719090921,0
