y_true,y_pred,y_prob,sensitive_features
0.0,1.0,0.6624329694446935,1
1.0,1.0,0.6261262218230644,1
1.0,1.0,0.6293968718182101,1
1.0,1.0,0.6256564759660048,1
1.0,1.0,0.6057356942822109,1
0.0,1.0,0.6226833783949798,1
1.0,1.0,0.6442165527336055,0
1.0,1.0,0.6046001738648681,0
0.0,1.0,0.5699215525691422,1
0.0,1.0,0.555085039069729,0
0.0,1.0,0.5387924656445437,0
1.0,1.0,0.6700912861135652,1
0.0,1.0,0.6563498095939608,1
0.0,1.0,0.6455973489846037,1
0.0,1.0,0.6263098551567546,1
1.0,1.0,0.6918878979747811,1
1.0,1.0,0.6614608937114788,1
0.0,1.0,0.6536720768711857,1
1.0,1.0,0.5946612971518507,1
1.0,1.0,0.5615324923132479,1
0.0,1.0,0.5748237947032343,1
0.0,1.0,0.5551682288722327,0
1.0,1.0,0.5666959523606215,1
1.0,1.0,0.635470020022764,1
1.0,1.0,0.6369057841258301,1
0.0,1.0,0.6946450970619481,1
0.0,1.0,0.6102771956596829,1
1.0,1.0,0.5759052666939792,1
1.0,1.0,0.6580321265987255,1
1.0,1.0,0.6236123907996872,1
1.0,1.0,0.6706520361933324,1
1.0,1.0,0.6136138719662368,1
0.0,0.0,0.47264973555579776,0
1.0,1.0,0.6526202109371649,1
1.0,1.0,0.5369012649428032,1
0.0,0.0,0.5063561243296331,0
1.0,1.0,0.5734822126891986,1
1.0,1.0,0.5708950914907395,0
0.0,1.0,0.6708990963888556,1
0.0,1.0,0.540459799716449,0
0.0,1.0,0.6494418208381809,1
1.0,1.0,0.6428743407187555,1
0.0,1.0,0.6021849009532425,1
1.0,1.0,0.5955620202898356,0
1.0,1.0,0.6381088341390548,1
1.0,1.0,0.5945393709156995,1
1.0,1.0,0.6102242392068123,0
