y_true,y_pred,y_prob,sensitive_features
0,0,0.48650944428959125,0
1,0,0.29015382090716335,1
1,1,0.8168373767624169,1
1,0,0.49148485537881964,1
0,1,0.5148925882934089,1
1,1,0.964471307811002,1
0,1,0.7875064280302709,1
0,0,0.3115316218267391,1
1,0,0.23869703964437552,1
0,1,0.6436443682682651,0
0,0,0.42900044387907404,1
0,1,0.6176142866605461,1
1,1,0.6836712029766798,1
1,0,0.46189341305235426,1
1,1,0.6644188770078319,1
1,1,0.6139068506611621,1
0,0,0.45540626171325127,1
1,0,0.4029069426491824,1
0,0,0.2921708481930526,0
1,1,0.8863779730034801,1
0,0,0.280884450667792,1
1,1,0.749382999102762,0
0,0,0.4007266543684759,1
0,1,0.5659278875279985,1
1,1,0.7074199738629342,0
1,0,0.48889689218613086,1
0,1,0.9095947549486922,1
1,0,0.2778164390566459,1
1,1,0.6097212077080235,1
0,0,0.30389988336265905,0
0,1,0.5237445690125965,0
1,1,0.9319454753748504,1
1,1,0.8468114669575417,1
0,0,0.3828863961207845,1
0,1,0.6089660844035522,1
1,0,0.23167279460323728,1
0,0,0.3785607382600454,1
1,0,0.39793297954285806,1
1,0,0.3148542220356557,1
0,1,0.5103842549071697,0
1,0,0.49203311172325237,1
1,1,0.6455716012677281,0
1,0,0.24104823590373517,1
1,0,0.3589929542204561,1
1,1,0.9500297433539804,1
1,1,0.9963971879466793,0
1,1,0.7698255613217381,0
