y_true,y_pred,y_prob,sensitive_features
1,0,0.14656464054037047,1
1,0,0.369084019977562,1
1,1,0.9789573465342489,1
0,1,0.6839105961185398,1
1,1,0.7085652443257094,1
0,1,0.9596577520760036,1
0,1,0.902582790832354,1
0,1,0.6588769758143663,0
0,1,0.8099032596991047,1
0,1,0.5252555957961748,0
1,1,0.5853071895473386,1
0,1,0.7476813216101742,1
1,1,0.9082320443386385,1
1,0,0.22412314385061932,0
0,1,0.5624715921536636,1
1,1,0.5869602516155091,1
0,0,0.4678806911720892,1
1,1,0.8872881400032545,1
1,1,0.7533580478557873,1
1,1,0.9021835401885357,0
0,1,0.9295252853631527,1
0,0,0.2734871004679004,1
1,1,0.6160916245862923,1
1,1,0.810832546170586,1
1,1,0.5705273862140737,1
1,1,0.9575618923667841,1
1,0,0.12313002351976607,0
1,1,0.8405894576519164,0
1,0,0.12797451219352896,1
1,0,0.494164233856025,1
0,0,0.4345811212076851,1
1,0,0.14439619484367558,1
1,0,0.23179849938961547,1
0,0,0.3949324431812676,1
1,1,0.5846987455730548,1
1,0,0.28495498445260603,1
1,0,0.29327368445760205,1
0,0,0.346209762882738,0
1,1,0.9984499195858219,0
0,0,0.15553978923452258,0
0,0,0.3766457502108978,1
0,1,0.81774230334055,0
0,1,0.947307326565077,0
1,1,0.6932818413459605,1
1,1,0.9576589709821415,1
0,0,0.12920319790051854,1
1,1,0.7557229877638783,1
