y_true,y_pred,y_prob,sensitive_features
1,1,0.7155218544814912,1
0,1,0.5116069585346218,1
1,1,0.8647083742417673,1
0,0,0.10952858199805866,0
1,0,0.1869061161487341,0
0,0,0.2040476115844025,0
1,0,0.29731386818505373,1
0,0,0.17619210556078865,1
0,1,0.6913933739339402,1
1,1,0.6079108815749378,1
1,1,0.9873954750772153,1
1,0,0.48110976844479525,1
1,0,0.17198221367271488,1
1,1,0.6287303266226894,1
1,1,0.7722925540427239,1
1,1,0.7727272160262323,1
1,1,0.9062741056259237,1
0,1,0.8863906951602442,1
1,1,0.9625191560373436,1
1,0,0.29432571501185295,1
1,1,0.8494148103512666,1
1,1,0.999773061472163,1
0,1,0.5681457478656019,1
0,1,0.8190777152895388,1
0,0,0.41490036713246403,0
0,1,0.6700103763632147,1
1,0,0.08146020253041526,0
1,1,0.621587178331271,1
0,1,0.9867150761599117,1
1,1,0.6176082711671059,0
1,1,0.8980732977098755,1
0,0,0.12241705597638025,0
0,0,0.487223591684865,1
1,1,0.8076896646389484,1
0,0,0.13796800256394318,0
0,1,0.5421525649715904,1
1,1,0.6017639407049232,1
1,1,0.7737043528396974,1
0,1,0.8970514345436454,1
1,0,0.3461613607363869,0
1,1,0.8337770476252552,1
1,1,0.6219634288315274,0
1,0,0.3288713842588415,1
0,1,0.8468225674892085,1
1,1,0.5571567194273357,1
0,0,0.3819649274422542,1
0,0,0.03530202413366059,0
