y_true,y_pred,y_prob,sensitive_features
1,1,0.8448442110230561,1
0,1,0.7039802069723149,1
1,1,0.8820358260043661,1
0,0,0.3716593358572043,0
1,1,0.571576195308119,0
0,0,0.4338733595796734,0
1,0,0.4217546107464648,1
0,0,0.0880455516555975,1
0,1,0.7376649934157989,1
1,1,0.6164171656119604,1
1,1,0.9142273367073287,1
1,0,0.4389909960420593,1
1,1,0.49392407524449433,1
1,1,0.5283536610594849,1
1,1,0.9014085985759908,1
1,1,0.8696930032789111,1
1,1,0.8799570254907558,1
0,1,0.7136941307659666,1
1,1,0.6798670600839224,1
1,0,0.4390989497908004,1
1,1,0.7606268742879805,1
1,1,0.6992515095674461,1
0,0,0.32182522983008,1
0,1,0.8809570443961179,1
0,1,0.5385217897246005,0
0,1,0.7222361841617564,1
1,0,0.4514438568686333,0
1,1,0.691632821522149,1
0,1,0.7506145662240112,1
1,1,0.6137300856433323,0
1,1,0.8044620060909585,1
0,0,0.4558763345763407,0
0,1,0.6898858305066214,1
1,1,0.8617671248020127,1
0,0,0.4419526438211544,0
0,0,0.24340566934927482,1
1,1,0.8263512856973515,1
1,1,0.6500678875734953,1
0,1,0.7976485065223253,1
1,0,0.34682524569144285,0
1,1,0.7204936961944203,1
1,1,0.7841671310708417,0
1,1,0.5813421036906308,1
0,1,0.8210754850065124,1
1,0,0.3730497641993175,1
0,1,0.6987601390726651,1
0,0,0.3886696397620098,0
