y_true,y_pred,y_prob,sensitive_features
0,1,0.9527011363721487,1
0,0,0.3115911410222889,0
1,0,0.27239463801244057,1
0,1,0.9981161408016215,1
1,1,0.6592130923691663,0
0,1,0.8672692265450873,0
0,1,0.8502367507030719,1
0,0,0.1672206684844301,1
1,1,0.9954774498038016,1
0,1,0.9633696337913903,1
0,0,0.1551300216104801,0
1,0,0.022422525912767083,1
1,1,0.9780434415200809,1
0,0,0.39406568586829693,1
1,1,0.9775839578032215,1
0,0,0.4726673972405038,1
0,1,0.7554945153292485,1
0,1,0.7664413153116122,1
1,0,0.11011975158288988,1
1,1,0.9265324110805736,1
0,0,0.10028984387822638,1
1,1,0.8294686071694662,1
1,0,0.011341108797550917,1
1,1,0.6930742783144229,1
1,1,0.9584390169994647,1
0,1,0.8641695669806275,1
1,1,0.8436509134399802,1
1,1,0.9776036046672538,1
0,1,0.8217836931824652,1
1,1,0.7447299211537344,0
1,0,0.16367675233210138,0
1,1,0.9831891617876976,1
0,0,0.48338562673460383,0
1,1,0.904200324299964,0
1,0,0.2808419231134692,1
1,1,0.9981304659590087,0
1,1,0.7446423179259494,1
1,0,0.4797123529700958,1
1,1,0.9662091735223085,1
0,1,0.9186670647731436,0
1,1,0.9125461480590978,1
1,1,0.7076759382008901,1
1,0,0.2599223883404364,1
1,1,0.765608933638075,1
0,0,0.2827411077201079,1
0,0,0.08415207258597562,0
1,1,0.7183288847984722,1
