y_true,y_pred,y_prob,sensitive_features
1,1,0.8104735971774498,1
1,1,0.9990430729106274,0
0,1,0.6784305754094905,1
0,1,0.7572044839843444,1
0,0,0.044399654552935555,0
1,1,0.9171450949631528,1
0,0,0.44387416938008456,1
0,1,0.8333240717865323,1
1,1,0.9418080711089124,1
1,0,0.132140116337137,1
0,0,0.4980864807368254,1
1,1,0.9397764398967698,1
1,1,0.7373628413683573,1
1,1,0.8961245890270988,0
1,1,0.8158158211127595,0
0,1,0.7033140070229534,1
1,1,0.798002756186489,1
0,0,0.34713511163999655,1
1,1,0.9011006454621415,1
1,1,0.5442172949024691,1
1,1,0.9647773092771907,1
0,1,0.6537363659868174,0
0,0,0.2504397584578719,1
1,0,0.27836567368412696,0
0,0,0.428526274750301,1
0,1,0.8070413361158051,1
1,0,0.35897796602397575,1
0,1,0.5418745325042321,0
1,1,0.7528370901313779,1
1,1,0.8011776079740746,1
1,0,0.02318753817005138,1
1,1,0.7894833906445983,0
1,0,0.42699031726402525,1
0,1,0.8895450059104899,1
1,0,0.4560978512135671,1
1,1,0.8877090295228258,1
0,0,0.0178867836349728,1
0,0,0.3812208860225219,0
0,0,0.15448793081422904,0
1,1,0.8756545611219804,1
1,1,0.9944606757285787,1
1,1,0.8964582551787694,1
1,1,0.8690176262622237,1
1,0,0.047773067962773114,1
0,1,0.5821504292536358,1
1,1,0.9482217016782426,1
0,1,0.7882995261845254,0
