y_true,y_pred,y_prob,sensitive_features
1,1,0.507582631999092,1
1,0,0.4354853531856449,1
0,1,0.5205179686704491,0
0,1,0.5621305757636937,1
1,0,0.4897693671860982,0
0,0,0.43840285437018317,0
1,1,0.5763757877226233,1
1,0,0.4866274272424804,0
0,0,0.4328380357668472,0
1,1,0.5898243030259199,1
1,1,0.5992551627027579,1
0,1,0.5990680853425954,1
1,1,0.6333183840957796,1
1,1,0.5625463152916019,1
1,1,0.5680301811001873,1
0,0,0.4937056231934462,1
1,1,0.6058352258426474,0
0,1,0.5357978043078516,1
0,0,0.39572152990619547,0
1,1,0.5177051283277554,1
0,0,0.40675249566329647,0
1,1,0.5811151188736832,1
1,1,0.5595099676563897,1
0,1,0.6102199713197712,1
1,0,0.44412278563508406,1
1,1,0.6581518269588931,1
0,0,0.48259026376981984,1
1,1,0.5945231515401256,1
1,1,0.5298901385158044,1
1,1,0.5277665202425337,1
0,1,0.6239052691801995,1
1,0,0.470123263510213,1
0,1,0.5418537736794282,1
1,1,0.5459456969926262,0
0,0,0.4763688100914419,1
1,0,0.4507012971169488,1
0,1,0.5731318788999406,1
1,1,0.6420839400679442,1
1,1,0.5272533152734321,1
1,1,0.5162066587575418,1
1,0,0.4115464461043147,1
0,1,0.5122398740429258,1
0,1,0.5842368731855587,1
0,1,0.5214444518478124,0
1,1,0.5340210850265422,0
0,1,0.6359020576802282,1
1,1,0.6011117729363652,1
