y_true,y_pred,y_prob,sensitive_features
1,1,0.6078642252381058,1
1,0,0.5569731121459707,1
0,1,0.5844426194954636,0
0,1,0.5940890424948531,1
1,0,0.5608268164328069,0
0,0,0.5331887040635536,0
1,1,0.6027460475354283,1
1,0,0.554273897146053,0
0,0,0.5399534563610422,0
1,1,0.6375669243315017,1
1,1,0.625084427312081,1
0,1,0.6049759652079173,1
1,1,0.6298776492609074,1
1,1,0.6063766255117613,1
1,1,0.5854915157945773,1
0,1,0.5860800496648653,1
1,1,0.6291354672484187,0
0,1,0.5845851790004821,1
0,0,0.5578745978619111,0
1,1,0.5695355072394093,1
0,0,0.5162515332424111,0
1,1,0.61658807901826,1
1,1,0.5934561698351889,1
0,1,0.6434608855770622,1
1,0,0.5585658709287372,1
1,1,0.6482819560605767,1
0,1,0.5968913504865165,1
1,1,0.5987800440586164,1
1,1,0.6091841685982724,1
1,1,0.5788782640929845,1
0,1,0.6207732543495427,1
1,0,0.526684656529764,1
0,1,0.5933213090812147,1
1,1,0.6141776926444896,0
0,0,0.5356242494917118,1
1,0,0.5325549282484108,1
0,1,0.597064658326792,1
1,1,0.6381365705858864,1
1,1,0.587014261221376,1
1,1,0.601040491467099,1
1,0,0.5347160601693421,1
0,1,0.5738350536696494,1
0,1,0.622535539367574,1
0,1,0.6279306948900769,0
1,1,0.567374692688252,0
0,1,0.6246358712414942,1
1,1,0.6202495395546004,1
