y_true,y_pred,y_prob,sensitive_features
1,1,0.5118196982831518,1
1,1,0.6821652870803548,1
1,1,0.8330320647182652,1
0,1,0.6909143775142096,1
1,1,0.5778211060707379,1
0,1,0.6659443462313669,1
0,1,0.5634273444863032,1
0,0,0.45607866450573886,0
0,1,0.6213492203535417,1
0,0,0.24742592929072055,0
1,0,0.31805784002055265,1
0,0,0.44254612886281713,1
1,1,0.9178453374903196,1
1,0,0.3595646359059557,0
0,0,0.47771945773420704,1
1,1,0.6558855299852319,1
0,1,0.7040549520326855,1
1,0,0.3594376996058666,1
1,1,0.7391912005885869,1
1,1,0.765455993154158,0
0,1,0.7480705495521979,1
0,0,0.281222418797742,1
1,1,0.6098582405931963,1
1,1,0.7554147122705069,1
1,1,0.7668187534686947,1
1,1,0.7743138733806445,1
1,0,0.4012334024241101,0
1,1,0.8399946291570642,0
1,0,0.44264990466423065,1
1,1,0.6082389901688496,1
0,1,0.564381480464477,1
1,1,0.9100379883628961,1
1,1,0.5043894089049742,1
0,0,0.3166611801452561,1
1,1,0.5473562662497589,1
1,1,0.6694398590138795,1
1,1,0.5667883163635152,1
0,1,0.734645132214287,0
1,1,0.9998795961584634,0
0,0,0.27988871844912994,0
0,0,0.449130964485474,1
0,1,0.7139465483726253,0
0,1,0.6861523469430977,0
1,0,0.43602216457159176,1
1,1,0.5117210975031332,1
0,0,0.08848795104830438,1
1,0,0.497926107675051,1
