y_true,y_pred,y_prob,sensitive_features
0,1,0.6286198926940879,0
1,1,0.6185734976691588,1
0,1,0.6453068698043993,0
1,1,0.6716349520778936,1
1,0,0.48147317143037244,1
1,1,0.6728851918938661,1
1,1,0.6608390689723137,1
1,1,0.8467541989841435,1
1,1,0.6532791295869234,1
0,1,0.5780023985294647,1
0,1,0.6861246289938838,1
0,1,0.6210786276403096,1
0,1,0.6141522621801279,0
1,0,0.5211289845812711,1
0,1,0.721158119748786,1
1,1,0.6662942760666117,0
0,1,0.6910468078543314,1
1,1,0.6711316340328376,1
1,0,0.49067256494255485,0
1,1,0.7077722185980553,1
0,0,0.526314962300293,0
0,0,0.4633284683138153,0
0,1,0.6618136974353597,1
1,1,0.6273195656908332,1
1,1,0.6199296080285205,1
1,1,0.5923231328798464,0
0,0,0.45041731610354346,1
0,1,0.6649548598633621,1
1,1,0.7336582335804847,1
0,1,0.7667955144504572,1
1,1,0.697436234814416,0
1,1,0.5294475402977178,1
1,1,0.6721594975832268,1
1,1,0.71590943573353,1
0,1,0.6581827530305767,0
0,1,0.6795923280188314,1
0,1,0.7333543894597395,1
1,1,0.7690208416416183,0
1,0,0.4626158921346413,1
1,0,0.4661391588808846,1
1,0,0.49374173048131187,1
1,1,0.6847621911341183,1
1,0,0.3467468424097282,1
0,0,0.43362690579709534,1
0,1,0.7498902390690558,1
1,1,0.6397509922853784,1
1,1,0.6643225704972916,1
