y_true,y_pred,y_prob,sensitive_features
1,1,0.9701844248273874,1
1,1,0.6160501901771127,1
0,1,0.5195912245751712,0
0,1,0.8379957368912456,1
1,1,0.7618521098118001,0
0,0,0.37129692818485127,0
1,1,0.8408300182618121,1
1,0,0.09985394112703883,0
0,0,0.42908837300647124,0
1,1,0.9374123166421061,1
1,0,0.41259946042930873,1
0,0,0.23801910494657458,1
1,1,0.9780498262358475,1
1,1,0.7538308367807265,1
1,1,0.7854381467517998,1
0,1,0.7344232250412386,1
1,1,0.7084371000442201,0
0,1,0.7108519518576664,1
0,0,0.4421721502350853,0
1,0,0.29397108638130903,1
0,1,0.7837859240463699,0
1,1,0.9753833013201104,1
1,1,0.7359235472513236,1
0,1,0.9727297876127396,1
1,0,0.1808556160717473,1
1,1,0.9732751196801044,1
0,1,0.5210713265192392,1
1,1,0.8919121292238616,1
1,1,0.9677494959340387,1
1,1,0.5112334191740446,1
0,1,0.8567179933558392,1
1,1,0.7313136987593063,1
0,1,0.968786390381939,1
1,1,0.9660754165712288,0
0,0,0.18610167170960507,1
1,0,0.01403336188097642,1
0,1,0.9226945471557921,1
1,1,0.9986845723156683,1
1,1,0.7630645685230619,1
1,0,0.23833293488394663,1
1,0,0.024844152695124962,1
0,1,0.9219685527278312,1
0,1,0.8704492275205791,1
0,1,0.9393265459561285,0
1,1,0.6722119938696164,0
0,1,0.9819876000003228,1
1,1,0.9392551689342982,1
