y_true,y_pred,y_prob,sensitive_features
0,0,0.4675039903940301,0
1,1,0.6678541135076231,1
1,1,0.7182430476278235,1
1,1,0.7046043712778586,1
0,1,0.8820189841124307,1
1,1,0.7238719309951466,1
0,1,0.8886504927714645,1
0,1,0.5079745782065703,1
1,1,0.7901884952251581,1
0,1,0.688016015225104,0
0,1,0.7181819142879005,1
0,1,0.8593016232351876,1
1,1,0.6568318070420887,1
1,1,0.6977414232437888,1
1,1,0.6242014726848496,1
1,1,0.6765637664044432,1
0,1,0.7082167186444673,1
1,1,0.6647609319064444,1
0,0,0.18706009264764095,0
1,1,0.7717710493411746,1
0,1,0.681876806619447,1
1,1,0.6789739567391285,0
0,0,0.3556534314867644,1
0,1,0.7438370077693356,1
1,1,0.5237162508507355,0
1,0,0.37887105057483084,1
0,1,0.9154175598829746,1
1,1,0.6074209789223662,1
1,1,0.8436824952516081,1
0,0,0.3992980112200031,0
0,1,0.5206299811312776,0
1,1,0.7920936485510605,1
1,1,0.7613748962554651,1
0,1,0.6612834862186261,1
0,1,0.9059832188991014,1
1,0,0.3102744150663014,1
0,1,0.7165826417834623,1
1,1,0.6019824593342689,1
1,0,0.4300792199975945,1
0,0,0.4406370617800257,0
1,1,0.8472848873438354,1
1,1,0.6993817020296419,0
1,1,0.6267156078475329,1
1,1,0.6148138523304539,1
1,1,0.8159052314837059,1
1,1,0.7455619372858203,0
1,1,0.6906687629843753,0
