y_true,y_pred,y_prob,sensitive_features
0,1,0.9049147564719954,1
0,1,0.7239861291052435,0
1,0,0.3396462682052269,1
0,1,0.9505305951308842,1
1,1,0.7031415177014242,0
0,0,0.16433418543091238,0
0,1,0.5620671915696099,1
0,0,0.4889832474765436,1
1,1,0.7400453624983164,1
0,1,0.9311670643648509,1
0,0,0.16448982308854598,0
1,0,0.3517056923922304,1
1,1,0.9342027473965576,1
0,0,0.2903142729835608,1
1,1,0.5021801227052494,1
0,1,0.5768436867975579,1
0,1,0.6132870812925203,1
0,1,0.5620398371093609,1
1,0,0.38082027345626385,1
1,1,0.862592425038013,1
0,0,0.2668178416446217,1
1,1,0.6810040974364583,1
1,0,0.10716478581790255,1
1,0,0.3191009074713333,1
1,1,0.73496472811288,1
0,1,0.7403615681915596,1
1,1,0.7688752653896237,1
1,1,0.6844104598481411,1
0,0,0.34794991744080905,1
1,1,0.7186220458726401,0
1,1,0.7038103122636231,0
1,0,0.05939282334708013,1
0,1,0.5868321178088385,0
1,1,0.8884321012724569,0
1,1,0.7316715960853943,1
1,1,0.9997209455712872,0
1,1,0.8496882107936634,1
1,0,0.3991310395447441,1
1,1,0.7315742740875254,1
0,1,0.6517001784751828,0
1,0,0.42952681328346454,1
1,0,0.185578938804961,1
1,0,0.15791127518125603,1
1,0,0.26639884549978127,1
0,1,0.6331445403937329,1
0,0,0.03595611322101291,0
1,1,0.6756728543655391,1
