y_true,y_pred,y_prob,sensitive_features
0,1,0.6231695155996537,1
0,0,0.4786647026179231,0
1,0,0.4176069028909021,1
0,1,0.6957705833503056,1
1,1,0.7802986536087784,0
0,1,0.5161563001731422,0
0,1,0.6997151431607017,1
0,0,0.260699035846639,1
1,1,0.7478602525676414,1
0,1,0.8429781261646068,1
0,1,0.5609432246356555,0
1,0,0.24569374403959665,1
1,1,0.831140877399537,1
0,0,0.2482443945422436,1
1,1,0.5522828064464752,1
0,0,0.37526948028852875,1
0,0,0.4546046905305021,1
0,1,0.5532250077346562,1
1,0,0.4401431695185622,1
1,1,0.7024977082976789,1
0,0,0.1785703768569573,1
1,1,0.684750401214096,1
1,0,0.15264912520817123,1
1,0,0.4475943316672219,1
1,0,0.37897261259992976,1
0,1,0.7074815134908891,1
1,1,0.682007947205525,1
1,1,0.7842607035085065,1
0,0,0.40491010063749594,1
1,1,0.6256431903843985,0
1,1,0.5479255359318376,0
1,0,0.3013772049105647,1
0,1,0.5549555472624882,0
1,1,0.8431233291388679,0
1,0,0.44662449987458896,1
1,1,0.9800600214240301,0
1,1,0.5474397332170933,1
1,0,0.3245840614819992,1
1,1,0.602336029410528,1
0,1,0.6954831748626525,0
1,1,0.7662672902823431,1
1,0,0.32787135542860935,1
1,0,0.3041687723627043,1
1,0,0.36358851449647206,1
0,0,0.31057891219482925,1
0,0,0.4510895079966104,0
1,1,0.5398194407863476,1
