y_true,y_pred,y_prob,sensitive_features
0,1,0.5186052169630201,1
0,0,0.2942811823890029,0
1,1,0.5163834826524127,1
0,1,0.8338546391117136,1
1,1,0.5852027498007522,0
0,1,0.509076510600021,0
0,1,0.7747025880201596,1
0,0,0.4631036468034017,1
1,1,0.6702774439591074,1
0,1,0.7847632935891773,1
0,0,0.39197964698284243,0
1,0,0.36975664809257686,1
1,1,0.7174261186335582,1
0,0,0.41829875604150557,1
1,1,0.6314664054392822,1
0,1,0.5345131679904807,1
0,1,0.5905180173174661,1
0,1,0.6784800295911395,1
1,1,0.5442305794552307,1
1,1,0.5502290885598508,1
0,0,0.3310299410841895,1
1,1,0.7205054670693181,1
1,1,0.6168273465031091,1
1,1,0.6292376466342173,1
1,1,0.5675807360205593,1
0,1,0.7858559038922049,1
1,1,0.6718194289787011,1
1,1,0.7568698594420598,1
0,1,0.5325067788936535,1
1,0,0.363781337797138,0
1,1,0.5109157660612877,0
1,1,0.8521980268535987,1
0,0,0.2981825844112617,0
1,1,0.5764086027497918,0
1,1,0.5679032965421179,1
1,1,0.947770500350459,0
1,1,0.5569745055226167,1
1,0,0.40613656438967977,1
1,1,0.6168537909798982,1
0,1,0.5607403832750872,0
1,1,0.8249820434148346,1
1,1,0.7025271214610073,1
1,0,0.43557482848723617,1
1,0,0.39540134070153793,1
0,0,0.4738413523490175,1
0,1,0.6679134125250408,0
1,1,0.5187998610583384,1
