y_true,y_pred,y_prob,sensitive_features
0,0,0.031461840374658094,1
0,0,0.10232845805174602,0
1,0,0.15872887991142812,1
0,1,0.9443149438106149,1
1,1,0.6599403568894799,0
0,1,0.6416390814406063,0
0,0,0.12269825638922487,1
0,0,0.29163810059403916,1
1,1,0.7832227447838774,1
0,1,0.9244947407407912,1
0,0,0.32922139897985675,0
1,0,0.20170772636006823,1
1,1,0.9420170620817745,1
0,0,0.4391139960378548,1
1,1,0.8257650906312974,1
0,0,0.24678457255274033,1
0,1,0.8411123237098203,1
0,0,0.009411371988384314,1
1,0,0.13623572992227562,1
1,1,0.7980705826681024,1
0,0,0.08999311244650327,1
1,1,0.8655565868355886,1
1,0,0.15673462364115906,1
1,0,0.3263762317785354,1
1,0,0.45206744889915373,1
0,1,0.9369318146325633,1
1,1,0.6596542838229119,1
1,1,0.9596418251373253,1
0,0,0.4015989040972762,1
1,1,0.7374912081077261,0
1,0,0.46805875229722976,0
1,1,0.9859038220194349,1
0,0,0.1727366331841785,0
1,1,0.9754451057238811,0
1,0,0.4466574713782214,1
1,1,0.9930196601224721,0
1,1,0.6334401653602045,1
1,1,0.6549322070122574,1
1,0,0.40793708842422594,1
0,1,0.6545162349476434,0
1,1,0.9144533462512543,1
1,1,0.8676716805102277,1
1,0,0.22663460467406793,1
1,0,0.02246774980050548,1
0,1,0.6625320628506779,1
0,0,0.21696676102784831,0
1,1,0.825854431656679,1
