y_true,y_pred,y_prob,sensitive_features
1,1,0.608897539829057,1
0,1,0.6015135755419841,1
1,1,0.6110185533381961,1
0,0,0.5890220155647456,0
1,1,0.6002105914964305,0
0,1,0.5969610783359407,0
1,1,0.6004203048397493,1
0,0,0.5722813477805189,1
0,1,0.6148002189638402,1
1,1,0.6032839662557516,1
1,1,0.6248686132555117,1
1,1,0.6022736902444104,1
1,1,0.6028738833217205,1
1,1,0.617805126477488,1
1,1,0.6123032865277929,1
1,0,0.587651469370902,1
1,1,0.6157581392707249,1
0,1,0.6033389944413794,1
1,1,0.6021905926682913,1
1,1,0.5914523249636282,1
1,1,0.6133427458955661,1
1,1,0.6096672830625142,1
0,0,0.5824898256342455,1
0,1,0.617377257129558,1
0,1,0.5986330021331638,0
0,1,0.607856206520631,1
1,1,0.5969989754920441,0
1,1,0.6062750922748216,1
0,1,0.6128118653454344,1
1,1,0.5998009253720701,0
1,1,0.6140700854107728,1
0,1,0.596402844557964,0
0,1,0.5937875851496832,1
1,1,0.6160463457849306,1
0,0,0.5801696629231078,0
0,0,0.5825592398863632,1
1,1,0.5953887685996142,1
1,1,0.6115379939147636,1
0,1,0.6063283655006397,1
1,0,0.5835320175098743,0
1,1,0.6149992792742369,1
1,1,0.6207022357844317,0
1,0,0.5772537738800662,1
0,1,0.6155704734619073,1
1,1,0.5930172827446225,1
0,1,0.6072374750259106,1
0,0,0.5827981614650946,0
