y_true,y_pred,y_prob,sensitive_features
0,1,0.6128150664246718,1
0,0,0.5054372736815521,0
1,0,0.4897219583683182,1
0,1,0.6739255192940188,1
1,1,0.6732522070401261,0
0,1,0.5528972286750001,0
0,1,0.6366173066898215,1
0,0,0.45627883900354954,1
1,1,0.6419297181956294,1
0,1,0.6906228328916735,1
0,0,0.4889003313244386,0
1,0,0.4172551021150131,1
1,1,0.6511622302477287,1
0,0,0.44375331157142284,1
1,1,0.6264191440309421,1
0,1,0.5536490969115243,1
0,1,0.55453894428665,1
0,1,0.6032150553156764,1
1,0,0.524360245866028,1
1,1,0.6143024040706198,1
0,0,0.41319725202451574,1
1,1,0.604286844783293,1
1,0,0.5354688680005772,1
1,1,0.5762104031309633,1
1,1,0.5791268388900864,1
0,1,0.6285440277250884,1
1,1,0.5730419033707355,1
1,1,0.5995846688385904,1
0,1,0.5686827962375487,1
1,1,0.5975941195981249,0
1,0,0.5239929742999162,0
1,1,0.6134874002599301,1
0,0,0.5,0
1,1,0.6955287943368088,0
1,0,0.51547159568099,1
1,1,0.6397436263123155,0
1,1,0.5779001846887618,1
1,0,0.47280478419901695,1
1,1,0.6158041696970072,1
0,1,0.6835588251811734,0
1,1,0.610253399381458,1
1,1,0.5468515393868059,1
1,0,0.43679888610499945,1
1,1,0.5450061069231923,1
0,0,0.46740544196001305,1
0,1,0.5474079455376648,0
1,0,0.536992450350132,1
