y_true,y_pred,y_prob,sensitive_features
1,1,0.8223699471480116,1
1,0,0.4951074262933445,1
0,1,0.549635827128469,0
0,1,0.6904880774845944,1
1,0,0.4448474125723955,0
0,0,0.34347827781814677,0
1,1,0.6464726534911093,1
1,0,0.14913702055333022,0
0,0,0.43128007811209096,0
1,1,0.7632366822079474,1
1,1,0.8067393621707729,1
0,1,0.5244712127083713,1
1,1,0.7990818211529895,1
1,1,0.53485299841328,1
1,1,0.7236948775143702,1
0,1,0.6246817468456567,1
1,1,0.7959125629388109,0
0,0,0.43862680194429793,1
0,0,0.2882691583139993,0
1,0,0.30452162262588006,1
0,0,0.34762430315294246,0
1,1,0.760625057011339,1
1,1,0.5186150957981664,1
0,1,0.6998129114471793,1
1,1,0.7890171605910192,1
1,1,0.8898542928016215,1
0,0,0.3848458108057711,1
1,1,0.8156173566936703,1
1,1,0.7041912548099252,1
1,0,0.3982326295870983,1
0,1,0.6146376736623761,1
1,0,0.2776301966340146,1
0,1,0.6536803691093372,1
1,1,0.7146351880277367,0
0,0,0.3411825990219694,1
1,0,0.2036908251229324,1
0,1,0.5363381656350145,1
1,1,0.856003543643886,1
1,0,0.4393949609987333,1
1,0,0.43219103130067094,1
1,0,0.3736486442998602,1
0,1,0.572201241787625,1
0,1,0.6454363734670936,1
0,1,0.6159185864422558,0
1,0,0.3376698820028237,0
0,1,0.9112207428111112,1
1,1,0.5938634848963922,1
