y_true,y_pred,y_prob,sensitive_features
1,1,0.8946963996521832,1
1,0,0.4753491075559222,1
0,0,0.2089459916564674,0
0,1,0.8469172943919735,1
1,1,0.5009321131207556,0
0,0,0.20816833134878315,0
1,1,0.8070352613689531,1
1,0,0.042868270604018814,0
0,0,0.31054348231978585,0
1,1,0.9073335500872247,1
1,1,0.9496713960727754,1
0,0,0.259454509223946,1
1,1,0.8173110502943488,1
1,1,0.5722346510309283,1
1,1,0.9086115438086074,1
0,1,0.508479241843553,1
1,1,0.8467579492489702,0
0,1,0.7394765848731478,1
0,0,0.3764427235823584,0
1,0,0.18279070360459765,1
0,0,0.16946878463424855,0
1,1,0.7167458706039846,1
1,1,0.8221626384898432,1
0,1,0.9440197885047701,1
1,1,0.7526784010746873,1
1,1,0.9748277519921881,1
0,1,0.7798069352405385,1
1,1,0.7572667820883253,1
1,1,0.7631274305406155,1
1,0,0.46639746369581686,1
0,1,0.7693905957321445,1
1,0,0.08878437204832301,1
0,0,0.3841797531232367,1
1,1,0.8613862230049281,0
0,0,0.21138720969274455,1
1,0,0.06885719004917984,1
0,1,0.766796389170235,1
1,1,0.9558257315905592,1
1,1,0.7071037460493619,1
1,1,0.8756937301373392,1
1,1,0.5186239501147449,1
0,1,0.5322064867459901,1
0,1,0.8090620947246067,1
0,1,0.6847909947336995,0
1,0,0.2594774488997114,0
0,1,0.9762070157535017,1
1,1,0.859905401490517,1
