y_true,y_pred,y_prob,sensitive_features
1,1,0.6105688834171726,1
1,1,0.7702789797113762,0
1,1,0.5373293216765582,1
1,0,0.39955836674574885,1
1,1,0.5531467418621304,1
1,0,0.3706792142742468,1
1,1,0.6176301986326658,1
1,1,0.5488179592683283,1
1,1,0.5487917144054314,1
0,0,0.39673579297289724,0
0,0,0.30914775089714297,0
0,0,0.47186492952201936,1
1,0,0.12643017828963166,1
1,0,0.4942768167540048,1
0,1,0.644914294719157,1
0,1,0.6053109559564758,1
1,1,0.539725461279816,1
1,0,0.31104432309899405,1
0,0,0.2840524465948222,0
0,1,0.6181410772396185,1
1,0,0.09771337895087287,1
0,1,0.537430613983565,1
1,0,0.33478103143156174,0
0,0,0.4102914102455057,1
1,1,0.5219721310775796,0
0,0,0.3495168731401283,1
0,0,0.46272244741960905,1
0,1,0.7030310367869617,1
0,0,0.4695797557116665,1
0,0,0.4690712883838786,0
0,1,0.6857720174922475,1
1,0,0.30793677626970467,1
0,0,0.4101728640025017,0
1,0,0.45209421488256396,1
1,1,0.6011798058563715,1
1,0,0.420673879651062,0
1,0,0.37833916369837617,1
0,1,0.5816888654844619,1
0,1,0.6509806579764564,1
1,0,0.41019128442735675,0
0,0,0.3653938629430669,0
1,0,0.4786845772471245,1
1,0,0.4938910663641759,1
1,0,0.46281720520591674,1
1,1,0.5348227079013668,1
1,1,0.5558097725725231,1
1,1,0.6377551218165688,1
