y_true,y_pred,y_prob,sensitive_features
1,1,0.7361878422393933,1
1,1,0.7346035576100071,0
0,1,0.7350974656229882,1
0,1,0.7733279642564852,1
0,0,0.26768947496043144,0
1,1,0.7478811553711427,1
0,1,0.5598803092209061,1
0,1,0.6212788511935902,1
1,1,0.8959804568505163,1
1,0,0.39442578268513256,1
0,1,0.6580225641020733,1
1,1,0.7520747956941777,1
1,1,0.7243387563544937,1
1,1,0.6407792742884433,0
1,1,0.48338421260504,0
0,1,0.4337815078330464,1
1,1,0.6932375988706918,1
0,1,0.6529435334635411,1
1,1,0.6970968625481285,1
1,1,0.6602866555337614,1
1,1,0.6567895172948244,1
0,0,0.19239097742314848,0
0,1,0.48506278484985843,1
1,0,0.27450874544795634,0
0,1,0.8128710769025848,1
0,1,0.694445388568208,1
1,1,0.6176401302844301,1
0,0,0.2816264436344967,0
1,1,0.6220424844596902,1
1,1,0.7901415683583489,1
1,1,0.6188675295468306,1
1,1,0.5493004564247704,0
1,1,0.5859154703086414,1
0,1,0.7420691302714432,1
1,1,0.5,1
1,1,0.7385574407322857,1
0,0,0.42179178127259453,1
0,0,0.34912379792733594,0
0,0,0.17165011379237888,0
1,1,0.45661667391682853,1
1,1,0.8344883896298182,1
1,1,0.6964576865849439,1
1,1,0.6761557071668063,1
1,0,0.31013621091498456,1
0,1,0.6467307281402909,1
1,1,0.7780551874165211,1
0,1,0.48379150786230324,0
