y_true,y_pred,y_prob,sensitive_features
0,0,0.4248086251583088,0
1,0,0.4285092675771979,1
1,1,0.7970441399553895,1
1,1,0.5533653760190674,1
0,1,0.6935164287467321,1
1,1,0.9836458313849581,1
0,1,0.7173002795552995,1
0,0,0.28400513088385076,1
1,0,0.4469136223073764,1
0,1,0.5405303618820694,0
0,1,0.7889030977071841,1
0,1,0.8869373938003059,1
1,1,0.6589487790931315,1
1,1,0.689531772543483,1
1,0,0.36125216369465274,1
1,1,0.5667716154952771,1
0,1,0.6816893422142487,1
1,0,0.29787072195271136,1
0,0,0.43098142015133145,0
1,1,0.93087737471925,1
0,0,0.3598894736023217,1
1,1,0.5007749952957093,0
0,0,0.26318869560021707,1
0,1,0.7134080106703289,1
1,0,0.32865980563207176,0
1,0,0.1938754280616479,1
0,1,0.9857389513154626,1
1,1,0.6614563780048961,1
1,1,0.9489909757859466,1
0,0,0.2164274203086354,0
0,0,0.28261824526394747,0
1,1,0.7795208198358117,1
1,1,0.9252382193811496,1
0,0,0.4010138992442401,1
0,1,0.6308843672786871,1
1,1,0.8741832024314736,1
0,0,0.3118128827116501,1
1,1,0.8597233453734197,1
1,1,0.830651849193873,1
0,0,0.3881331231332651,0
1,1,0.8491867999477388,1
1,1,0.7824275657857561,0
1,1,0.830796453083575,1
1,1,0.7105741278017779,1
1,1,0.9719952667880892,1
1,1,0.9849290797075394,0
1,0,0.35134275139115223,0
