y_true,y_pred,y_prob,sensitive_features
1,1,0.7315541265881433,1
1,1,0.633705565085811,0
1,1,0.6808741252561984,1
1,1,0.5617125885780218,1
1,1,0.6664521884963077,1
1,1,0.5608916876244142,1
1,1,0.6605264807856022,1
1,1,0.552042854342973,1
1,1,0.655321550299147,1
0,1,0.5930802240178791,0
0,0,0.49405018920674726,0
0,1,0.6126062330525216,1
1,1,0.5789242560200428,1
1,1,0.5899226742079295,1
0,1,0.5901727372542199,1
0,1,0.6592150626256434,1
1,1,0.6899395627180802,1
1,1,0.6579480125221079,1
0,0,0.4675698940202256,0
0,1,0.6177490321990768,1
1,0,0.4697011969576508,1
0,1,0.6029224199206666,1
1,1,0.5916349710395238,0
0,1,0.6127075475681649,1
1,1,0.6527961423193315,0
0,0,0.4901706103697206,1
0,1,0.6126711620704403,1
0,1,0.6045297556115988,1
0,1,0.570750638882001,1
0,1,0.5953668082496925,0
0,1,0.6074440046851265,1
1,0,0.47751412127717097,1
0,0,0.4702595829455813,0
1,1,0.6075605451134308,1
1,1,0.5805522538330543,1
1,1,0.5799864898445338,0
1,0,0.5400764100101118,1
0,1,0.5772173523788255,1
0,1,0.698015594520582,1
1,1,0.5594332524115426,0
0,0,0.4734935722292887,0
1,0,0.5300964253847974,1
1,1,0.5803226894311054,1
1,1,0.6104553272398779,1
1,1,0.6482086069917417,1
1,1,0.5553400411281919,1
1,1,0.6524636057260983,1
