y_true,y_pred,y_prob,sensitive_features
1,1,0.8786354816143221,1
1,1,0.9828419015729554,0
0,1,0.5138264647216313,1
0,1,0.6439495558189566,1
0,0,0.06101685003053945,0
1,1,0.8834925790891641,1
0,0,0.4948076814759529,1
0,1,0.5842799250463737,1
1,0,0.29028367044843495,1
1,0,0.07814902200908135,1
0,1,0.790990798402923,1
1,1,0.9366849629210178,1
1,1,0.7567000960019388,1
1,1,0.7494362956388284,0
1,1,0.8598238885548636,0
0,0,0.17043410519098742,1
1,1,0.7017297667763673,1
0,0,0.28353056829087264,1
1,1,0.8924211425385735,1
1,1,0.5367374565822984,1
1,1,0.9398900831382844,1
0,1,0.6780308248220515,0
0,1,0.6974680691673587,1
1,0,0.44424067393719635,0
0,1,0.7862175226454046,1
0,1,0.9300746525299532,1
1,1,0.5395344297696053,1
0,1,0.729424536629313,0
1,0,0.4008845692333584,1
1,1,0.6738533470780892,1
1,1,0.5500237014941525,1
1,1,0.8018265903069027,0
1,0,0.23447175231105838,1
0,1,0.852600360717505,1
1,1,0.5559213980097476,1
1,1,0.7950659373446897,1
0,0,0.14297548320007133,1
0,1,0.721498491800086,0
0,1,0.5324551345536997,0
1,0,0.3264664728290326,1
1,1,0.7645301571563271,1
1,1,0.8259756726694467,1
1,1,0.6148643839916542,1
1,0,0.16370071264537464,1
0,0,0.42933012937055487,1
1,1,0.7506570930825821,1
0,1,0.7938281975814032,0
