y_true,y_pred,y_prob,sensitive_features
1,1,0.6418980613356189,1
0,0,0.4461384521394135,1
1,1,0.6283387099709772,1
0,0,0.25960528429725366,0
1,0,0.45809339570019564,0
0,0,0.4362712003341382,0
1,0,0.3704070640212834,1
0,0,0.22117930270940314,1
0,1,0.5560309354061639,1
1,0,0.47132499207169143,1
1,1,0.848017264208754,1
1,0,0.385779699218895,1
1,0,0.25879162774500125,1
1,1,0.5522979157102217,1
1,1,0.5691810994751209,1
1,1,0.5316651209048888,1
1,1,0.6724736109576182,1
0,1,0.9106759260432542,1
1,1,0.9738014113934482,1
1,0,0.2599693133486615,1
1,1,0.6544772422299692,1
1,1,0.9990537642507952,1
0,0,0.4345803407866893,1
0,1,0.6888755035039767,1
0,0,0.4471706611848853,0
0,0,0.47223766559115876,1
1,0,0.2637050588111443,0
1,0,0.4065409679930552,1
0,1,0.9325458072012089,1
1,1,0.6079325426143145,0
1,1,0.7427560532912265,1
0,0,0.3862611658794959,0
0,0,0.20351304902117023,1
1,1,0.638702887128585,1
0,0,0.2710161567629122,0
0,0,0.44156148540227885,1
1,0,0.3030808128438848,1
1,1,0.7534853236170166,1
0,1,0.6564067702439841,1
1,0,0.4836392868189699,0
1,1,0.6601566392053064,1
1,1,0.7042033019095607,0
1,0,0.28007688846443257,1
0,1,0.7447242209180263,1
1,0,0.4146740607813033,1
0,0,0.34687357380232825,1
0,0,0.22304781096612672,0
