y_true,y_pred,y_prob,sensitive_features
1,0,0.1694244227277835,1
1,1,0.9945525023098339,0
0,1,0.6264813009464135,1
0,1,0.5218291408871375,1
0,0,0.2090271139523397,0
1,0,0.1280160447772428,1
0,1,0.6486768368418958,1
0,1,0.6589379899982103,1
1,1,0.8414027664593581,1
1,0,0.12801656915902507,1
0,0,0.1430096593558308,1
1,0,0.1832590209729365,1
1,1,0.647240557718605,1
1,1,0.909428356581346,0
1,0,0.30403227161815816,0
0,1,0.5317961098299897,1
1,1,0.5417092938187715,1
0,1,0.6088853081578288,1
1,1,0.5712958132317112,1
1,0,0.4830011764940643,1
1,1,0.9367788386747717,1
0,0,0.30178337301269603,0
0,0,0.351055679120829,1
1,0,0.31174210761612026,0
0,1,0.6433890489622256,1
0,0,0.2595171451789023,1
1,1,0.5530074680624161,1
0,0,0.039098476984243236,0
1,1,0.53288762650377,1
1,1,0.6227085210302197,1
1,0,0.16674805461302206,1
1,1,0.8003362763698411,0
1,1,0.7942096378808632,1
0,1,0.6425280563040962,1
1,1,0.7143536740175447,1
1,1,0.5205231599830515,1
0,0,0.12430815546220188,1
0,0,0.16654414654979285,0
0,0,0.37809545882182005,0
1,0,0.20599979434550084,1
1,0,0.37091777265489245,1
1,1,0.525591913065935,1
1,1,0.7038225488313127,1
1,0,0.1934819958048542,1
0,0,0.3101083223579348,1
1,0,0.24217390309968578,1
0,1,0.6683401686614481,0
