y_true,y_pred,y_prob,sensitive_features
0,1,0.5962691867759631,0
1,1,0.7617873193683006,1
0,0,0.38098262917971193,0
1,1,0.6568440704896996,1
1,1,0.5900694912180982,1
1,1,0.627304852538588,1
1,1,0.8814598595461179,1
1,1,0.7651618101733176,1
1,1,0.6382502505866989,1
0,1,0.5557475681010319,1
0,0,0.49356587476808583,1
0,1,0.6569527219777206,1
0,1,0.556766703764467,0
1,1,0.61990378361592,1
0,1,0.751289159426574,1
1,1,0.6866114611895627,0
0,1,0.6446861255932884,1
1,1,0.8576328327148204,1
1,0,0.37131087156153075,0
1,1,0.7948961196086005,1
0,1,0.6823232127544512,0
0,1,0.5754290025702494,0
0,1,0.9416845007678912,1
1,1,0.8642089553413904,1
1,1,0.7437595721677159,1
1,0,0.10668414514318188,0
0,0,0.30383013218626204,1
0,1,0.9218928360495672,1
1,0,0.39569497983792024,1
0,1,0.7307876404784627,1
1,1,0.8638389875852429,0
1,1,0.8446352601300129,1
1,1,0.8273395432058247,1
1,1,0.9643380767815821,1
0,1,0.5138278259175368,0
0,1,0.5573453419962584,1
0,0,0.4990646636198682,1
1,1,0.5014085564468733,0
1,0,0.4320302977268966,1
1,1,0.7098603528852822,1
1,1,0.5598649049923252,1
1,1,0.8384381721394815,1
1,1,0.5603487338695128,1
0,1,0.5665227946794107,1
0,1,0.804314511890433,1
1,1,0.8216144126184545,1
1,1,0.7341878933436887,1
