y_true,y_pred,y_prob,sensitive_features
0,1,0.5945871887605083,0
1,1,0.5946918430350213,1
1,1,0.5979869533990535,1
1,1,0.5952985204224477,1
0,1,0.5957790050862608,1
1,1,0.5990744707525687,1
0,1,0.6012983655229168,1
0,0,0.5876642799422325,1
1,0,0.5933948647961301,1
0,1,0.6006026912561251,0
0,1,0.5954860852383913,1
0,1,0.600553607212728,1
1,1,0.5984016362458255,1
1,1,0.5967295546614427,1
1,1,0.5972449656497234,1
1,1,0.5984916219759742,1
0,1,0.5964691099970709,1
1,0,0.5934104245756304,1
0,0,0.588810072728408,0
1,1,0.6026715343113507,1
0,0,0.5896619594946951,1
1,1,0.6029254120832136,0
0,0,0.5931328359263143,1
0,1,0.6000469334250821,1
1,1,0.5967231810373667,0
1,0,0.5914551625857052,1
0,1,0.6053626303869643,1
1,1,0.59516061217432,1
1,1,0.5994172203945075,1
0,0,0.588850079950227,0
0,1,0.5976582175776102,0
1,1,0.6024778831506393,1
1,1,0.5989948718562844,1
0,1,0.5956428183507281,1
0,1,0.5990879426266752,1
1,0,0.5931612889024555,1
0,0,0.5928781487654505,1
1,1,0.5942682928581539,1
1,0,0.5903340263618037,1
0,1,0.5957993659622017,0
1,0,0.5920706107472294,1
1,1,0.6019775802776497,0
1,0,0.5922160250092123,1
1,0,0.5929783671024499,1
1,1,0.6031842485127336,1
1,1,0.6033158472250824,0
1,1,0.6023892324710157,0
