y_true,y_pred,y_prob,sensitive_features
1,0,0.36086896415156255,1
1,1,0.688132532899894,1
1,1,0.7552552995524972,1
0,1,0.5451608966155482,1
1,1,0.5835235991694897,1
0,1,0.5100093494360769,1
0,0,0.4742956200217886,1
0,1,0.6713559391609047,0
0,0,0.49568934211899396,1
0,0,0.3988505718832449,0
1,1,0.5522829221839778,1
0,0,0.3989288867678982,1
1,1,0.7750673041712125,1
1,0,0.41249794408046875,0
0,0,0.33115945865174273,1
1,1,0.7248365145271323,1
0,1,0.6629672343114864,1
1,0,0.43048574129246014,1
1,1,0.8456481502260416,1
1,0,0.4670184668887685,0
0,1,0.5106420067490609,1
0,0,0.3568001370393444,1
1,0,0.48258481157459215,1
1,1,0.6404037848923018,1
1,1,0.5756119107219941,1
1,1,0.7541045924613695,1
1,0,0.371035778269683,0
1,1,0.7592200520019045,0
1,0,0.190084768610218,1
1,1,0.6572229970688815,1
0,1,0.6561659858554679,1
1,1,0.8374677276250156,1
1,1,0.5321483028169104,1
0,0,0.4272062932481757,1
1,1,0.6125229458883117,1
1,1,0.7075597292538109,1
1,0,0.4284515135345132,1
0,1,0.8044154317946677,0
1,1,0.9209214410558643,0
0,0,0.3166459253182373,0
0,0,0.4454304459677599,1
0,1,0.5480371392243326,0
0,1,0.6594324624158604,0
1,0,0.3533518024761431,1
1,1,0.5428626337884302,1
0,0,0.10477771087698566,1
1,1,0.575812268506178,1
