y_true,y_pred,y_prob,sensitive_features
1,1,0.8589735861891634,1
1,1,0.9420990470941425,0
1,1,0.9117990345226341,1
1,0,0.43665751554446325,1
1,1,0.5895173287679123,1
1,0,0.3769545132451474,1
1,1,0.6204629209719867,1
1,0,0.3075872944959734,1
1,1,0.7607880805066998,1
0,1,0.5383636591294727,0
0,0,0.2608918590204703,0
0,1,0.5295700912259914,1
1,1,0.6804632446054716,1
1,1,0.6371873011141007,1
0,1,0.6045650279058032,1
0,1,0.7547308433098403,1
1,1,0.6992134360098052,1
1,1,0.7870154207392971,1
0,0,0.25577311754743143,0
0,0,0.4739734728055824,1
1,0,0.450244006546665,1
0,1,0.6871653588321016,1
1,0,0.42645254805924365,0
0,1,0.6087589377733259,1
1,1,0.6009314977342507,0
0,0,0.3758979772016939,1
0,0,0.47900313073602424,1
0,1,0.8231512803102461,1
0,0,0.4103519141138313,1
0,0,0.4730366443527788,0
0,1,0.7545670123300082,1
1,0,0.2697992988047244,1
0,0,0.2641318476999193,0
1,0,0.474589660107479,1
1,1,0.7519251038287211,1
1,0,0.39967018364975626,0
1,0,0.39141272322446846,1
0,1,0.7442486692709757,1
0,1,0.7990505869480469,1
1,1,0.5155205143349743,0
0,0,0.23309232640791114,0
1,1,0.5359071057057576,1
1,1,0.6614094950069705,1
1,0,0.4450830213298017,1
1,1,0.5766049322659766,1
1,1,0.7311426791187698,1
1,1,0.9462803901560002,1
