y_true,y_pred,y_prob,sensitive_features
0,1,0.8221284569170318,1
0,1,0.5568837767005682,0
1,0,0.3480606884769331,1
0,1,0.940399065699113,1
1,1,0.7230039201223396,0
0,1,0.6169126873287816,0
0,1,0.77826870634821,1
0,0,0.2433578215091645,1
1,1,0.7454557573926688,1
0,1,0.9597293522635324,1
0,0,0.14915717767155687,0
1,0,0.0862343696215115,1
1,1,0.9576157670836494,1
0,0,0.2616659255898018,1
1,1,0.5463123136604268,1
0,1,0.5693259210285504,1
0,1,0.6445035516264294,1
0,1,0.6513981328263662,1
1,1,0.5324939374224433,1
1,1,0.7710803783765964,1
0,0,0.1411882049354847,1
1,1,0.9510632859030957,1
1,0,0.08487595666396375,1
1,0,0.39379358311692286,1
1,1,0.5749159591748,1
0,1,0.873802840773721,1
1,1,0.6534898452295157,1
1,1,0.9245476319167588,1
0,0,0.3430009402300819,1
1,1,0.7248985617877276,0
1,1,0.599585253745018,0
1,0,0.4862072422395939,1
0,0,0.37344952872998566,0
1,1,0.8702429556031652,0
1,1,0.540082027467158,1
1,1,0.9999800548964284,0
1,1,0.7436023624608382,1
1,0,0.41189788375435293,1
1,1,0.6549585301786659,1
0,1,0.6899691347853,0
1,1,0.8205129067899255,1
1,0,0.37451075188691774,1
1,0,0.1660248578875901,1
1,0,0.4566892078931619,1
0,0,0.38893028153211573,1
0,0,0.11291105869742789,0
1,1,0.5424907277062414,1
