y_true,y_pred,y_prob,sensitive_features
0,1,0.661455982762765,1
1,1,0.7304767503154175,1
1,1,0.5205395879788519,1
1,0,0.5,1
1,1,0.6896597171185227,1
0,0,0.5102250721271555,1
1,1,0.7325539681969295,0
1,1,0.557320987294649,0
0,1,0.6676883627665868,1
0,0,0.4420555618706235,0
0,1,0.5414840302426696,0
1,1,0.5505105847343538,1
0,1,0.6013419768517738,1
0,1,0.6108634330248691,1
0,0,0.44503423952870785,1
1,1,0.644261671957119,1
1,1,0.7558427724576929,1
0,0,0.5,1
1,0,0.4624781567284947,1
1,1,0.6370547900244288,1
0,1,0.6559795828540571,1
0,1,0.5629402686983691,0
1,0,0.33986348855096665,1
1,1,0.5198204792240706,1
1,1,0.5288016073388194,1
0,1,0.6522122454040117,1
0,0,0.4778518794733315,1
1,0,0.40116939977139665,1
1,1,0.7568572374570436,1
1,1,0.5546593581676115,1
1,1,0.5744631882960002,1
1,0,0.5132251241306565,1
0,1,0.6195239946314505,0
1,1,0.5625506049992416,1
1,0,0.44835367386156344,1
0,0,0.413770645197106,0
1,0,0.4357909647444742,1
1,1,0.5205706498736159,0
0,1,0.6630272371715774,1
0,1,0.5383715491155409,0
0,1,0.6442398419732739,1
1,1,0.614463479867219,1
0,1,0.5535397070899126,1
1,1,0.5867860236206325,0
1,1,0.5988879908414738,1
1,1,0.5873974160641484,1
1,1,0.5961909862912194,0
