y_true,y_pred,y_prob,sensitive_features
0,1,0.9973267511881967,1
1,1,0.9720435128338136,1
1,1,0.7503066289040795,1
1,1,0.9041002016738808,1
1,1,0.9653088107675545,1
0,1,0.5950120466821153,1
1,1,0.9376843617811292,0
1,1,0.9942739828460346,0
0,1,0.9714700150345247,1
0,0,0.4920420465162387,0
0,0,0.1392999254361182,0
1,1,0.9689117707474398,1
0,1,0.9832471804561832,1
0,1,0.9187655625745378,1
0,1,0.7082012751935308,1
1,1,0.9938752229021316,1
1,1,0.9903348970220399,1
0,1,0.851752896873146,1
1,0,0.20901677277267885,1
1,0,0.38521631285818164,1
0,1,0.9915948178252282,1
0,1,0.5532693049407768,0
1,1,0.7422593871177157,1
1,1,0.9151589396417414,1
1,1,0.7225455727112928,1
0,1,0.9944953040250293,1
0,1,0.8159340527179776,1
1,1,0.5535405375346848,1
1,1,0.9694014416265486,1
1,1,0.8300996213340891,1
1,0,0.46477912915953673,1
1,1,0.9578690617510689,1
0,1,0.9232177242938658,0
1,1,0.8674201046107683,1
1,1,0.5358281265434834,1
0,0,0.26089113992480917,0
1,1,0.8971636194353224,1
1,0,0.32921988456228973,0
0,1,0.9854899806125854,1
0,0,0.061232953936916946,0
0,1,0.9547992274610863,1
1,1,0.9671992972067438,1
0,1,0.5391529763160581,1
1,1,0.9820477425579178,0
1,1,0.8971624144521309,1
1,0,0.48701755734603513,1
1,1,0.9591439876285353,0
