y_true,y_pred,y_prob,sensitive_features
1,1,0.7402051444742018,1
1,1,0.785224104808986,0
0,1,0.8437394630000011,1
0,1,0.7836024044354546,1
0,1,0.7000820672920396,0
1,1,0.772793089354004,1
0,1,0.7128665802683397,1
0,1,0.6428125662359373,1
1,1,0.95099114663234,1
1,0,0.2322369771409185,1
0,1,0.7685068049660252,1
1,1,0.766478665256388,1
1,1,0.8936655754265591,1
1,1,0.8756234625216955,0
1,1,0.7477901637964315,0
0,0,0.26545887889871667,1
1,1,0.8247236081634557,1
0,1,0.8350006415895105,1
1,1,0.8088207101988483,1
1,1,0.6731884153913327,1
1,1,0.7770912366417313,1
0,1,0.6949175411257592,0
0,0,0.3742798882630376,1
1,0,0.30282993064727226,0
0,1,0.9143376949196284,1
0,1,0.7436792515073597,1
1,0,0.4799006681869075,1
0,1,0.7575230869406557,0
1,1,0.7746702524445441,1
1,1,0.9135351996434302,1
1,1,0.8078852713618174,1
1,1,0.7410014231308334,0
1,1,0.6644545380618729,1
0,1,0.8603880183951654,1
1,1,0.6136011226236994,1
1,1,0.713581521336975,1
0,1,0.6621312249512444,1
0,1,0.6938217126073882,0
0,0,0.148824796431393,0
1,0,0.5367030193393759,1
1,1,0.7780986017654555,1
1,1,0.831632077843037,1
1,1,0.6141590928822634,1
1,0,0.14166505303328294,1
0,1,0.5852858125272189,1
1,1,0.7598736891689031,1
0,1,0.6911713041032774,0
