y_true,y_pred,y_prob,sensitive_features
1,1,0.7243691674201337,1
1,1,0.9902311822455847,0
1,1,0.7868197248820357,1
1,1,0.8782477913354352,1
1,1,0.6203126536252301,1
1,0,0.36145990085569385,1
1,1,0.7663289457311332,1
1,0,0.29151141314343326,1
1,1,0.811563079354251,1
0,1,0.6165871952620863,0
0,0,0.24957300687788941,0
0,1,0.5799231583504296,1
1,0,0.13723451657020694,1
1,1,0.879506457498525,1
0,1,0.874925963009767,1
0,1,0.8851254989201616,1
1,1,0.5743588190322462,1
1,1,0.7827203034367533,1
0,0,0.07100658481286734,0
0,0,0.2461818170205093,1
1,0,0.018055529589699908,1
0,1,0.8291737583127821,1
1,1,0.6577115528215701,0
0,1,0.5798825184172486,1
1,0,0.41232349518459627,0
0,0,0.25855126028848185,1
0,0,0.41982960359983534,1
0,1,0.6291244275372607,1
0,1,0.8320039099909721,1
0,1,0.8061696673999186,0
0,1,0.69011413885689,1
1,0,0.09468878350585787,1
0,1,0.7684116839884164,0
1,1,0.5913058875188294,1
1,1,0.8482520641615261,1
1,0,0.07398008853649779,0
1,1,0.6535577228920493,1
0,1,0.8017208259469439,1
0,1,0.9002591024700316,1
1,1,0.689676016251365,0
0,0,0.06674386325087096,0
1,1,0.5477531430270356,1
1,1,0.8077107097382176,1
1,0,0.0554490424259191,1
1,1,0.8354232066269623,1
1,0,0.32618694311905366,1
1,1,0.9956249526155424,1
