y_true,y_pred,y_prob,sensitive_features
1,1,0.7373140909801754,1
1,1,0.758010563445156,1
1,1,0.8969442453306731,1
0,1,0.6774397138838945,1
1,1,0.9446888634909832,1
0,1,0.9510900967009407,1
0,1,0.9112482380836604,1
0,1,0.5276146378853257,0
0,1,0.6888162366071452,1
0,0,0.3885654271936138,0
1,1,0.5522599055373474,1
0,1,0.9742196912199108,1
1,1,0.8891611794491348,1
1,0,0.20218888553879438,0
0,1,0.8600576518903603,1
1,1,0.8750906400908598,1
0,0,0.26016046950018606,1
1,1,0.9421445776789164,1
1,1,0.8520953179038899,1
1,1,0.9009201404925374,0
0,1,0.98314506411655,1
0,1,0.7686004957355075,1
1,0,0.40634349103685147,1
1,1,0.8882517802051063,1
1,1,0.6999618630080773,1
1,1,0.7172456379939586,1
1,0,0.0943265615610957,0
1,1,0.9339804990186014,0
1,1,0.5636978456047917,1
1,1,0.7479622016991595,1
0,1,0.5272544636870106,1
1,0,0.27224600362157325,1
1,0,0.37179252463001594,1
0,0,0.4132738224017585,1
1,1,0.9578987925283111,1
1,1,0.8031609094363178,1
1,0,0.3611943052717884,1
0,0,0.08146876501433384,0
1,1,0.9992021712092308,0
0,0,0.1481986360606149,0
0,1,0.6287070824348624,1
0,1,0.604743692629258,0
0,1,0.8873846397711833,0
1,1,0.8215012278804509,1
1,1,0.9592920142206005,1
0,0,0.1950627707374873,1
1,1,0.9439147859163809,1
