y_true,y_pred,y_prob,sensitive_features
1,0,0.5055735044136851,1
1,0,0.46038410348563924,1
0,1,0.5287651773154591,0
0,1,0.5407851985360169,1
1,0,0.5,0
0,0,0.4731499054586573,0
1,0,0.4314603086023382,1
1,0,0.46663697020103795,0
0,0,0.4859059827884364,0
1,1,0.5143894997498922,1
1,1,0.5256815186380006,1
0,1,0.5096266111202495,1
1,1,0.5308458977201038,1
1,0,0.5,1
1,1,0.5232180924361055,1
0,1,0.5166746446024159,1
1,0,0.5,0
0,1,0.532005017734179,1
0,0,0.49341698054715594,0
1,0,0.4809426494694061,1
0,0,0.46440597813045853,0
1,1,0.5304431322164449,1
1,0,0.5,1
0,1,0.5874339296940454,1
1,0,0.4623534027396987,1
1,1,0.552601507692529,1
0,1,0.5290687366872134,1
1,0,0.4824173617965133,1
1,0,0.4925839161261695,1
1,0,0.5,1
0,1,0.5532421644062484,1
1,0,0.44523081133842984,1
0,0,0.4888912146034451,1
1,1,0.5558417068569769,0
0,0,0.4326648869936247,1
1,0,0.4589130514305433,1
0,1,0.5279899166585341,1
1,1,0.540168033518412,1
1,1,0.5241550692699573,1
1,1,0.5597558040951488,1
1,0,0.48478554222810816,1
0,0,0.4766270383905202,1
0,0,0.4684130094027005,1
0,1,0.5634861751304577,0
1,0,0.5,0
0,1,0.5576427537697174,1
1,0,0.475367391448527,1
