y_true,y_pred,y_prob,sensitive_features
1,1,0.8871720559912861,1
1,1,0.670498383299833,0
1,1,0.7265831738591844,1
1,1,0.5560144382435781,1
1,1,0.6489228146166673,1
1,0,0.4913421284857072,1
1,1,0.7264598917517597,1
1,0,0.365364726893996,1
1,1,0.6747289709495368,1
0,1,0.5558395759634498,0
0,0,0.28522876474516135,0
0,1,0.5168614643245905,1
1,1,0.5911981037136104,1
1,1,0.6622546982402522,1
0,1,0.5502283772069979,1
0,1,0.7206848182092436,1
1,1,0.6515895815329786,1
1,1,0.717304171182363,1
0,0,0.2242197609525447,0
0,0,0.4942779222450718,1
1,0,0.29303583722629817,1
0,1,0.7843702013262913,1
1,1,0.588045150156036,0
0,1,0.5893892842461693,1
1,1,0.5457941241069373,0
0,0,0.363173288050704,1
0,1,0.6407829930157432,1
0,1,0.6515327798835804,1
0,0,0.48452728971813835,1
0,0,0.5,0
0,1,0.6369978228636726,1
1,0,0.29693370604323116,1
0,0,0.34105314034320805,0
1,1,0.5630085211871233,1
1,1,0.7002533750695735,1
1,0,0.30274488379437825,0
1,1,0.5323229460048577,1
0,1,0.6504658859637675,1
0,1,0.8159167549140912,1
1,1,0.5838624852381502,0
0,0,0.2835060867958632,0
1,1,0.5568119572455181,1
1,1,0.688756241142366,1
1,0,0.4202745496896306,1
1,1,0.7310652859892607,1
1,1,0.5841408739288412,1
1,1,0.7811880416120737,1
