y_true,y_pred,y_prob,sensitive_features
1,1,0.6097082467656623,1
1,0,0.44432705525739796,1
0,0,0.3861200991793795,0
0,1,0.6733502270975759,1
1,0,0.4516199735730106,0
0,0,0.32192494618469075,0
1,1,0.7606626088953319,1
1,0,0.3249288656320376,0
0,0,0.40901943674654057,0
1,1,0.7513508410459353,1
1,1,0.809512726933217,1
0,1,0.7098738520266111,1
1,1,0.8631281049135493,1
1,1,0.5767145634011134,1
1,1,0.895395839572362,1
0,1,0.5105695409346133,1
1,1,0.8029514561466511,0
0,1,0.6046414067583417,1
0,0,0.24394296811326702,0
1,0,0.4683901297093295,1
0,0,0.30929570561735936,0
1,1,0.7805088480511617,1
1,1,0.7649944469937576,1
0,1,0.8049160552409372,1
1,1,0.5614758802458414,1
1,1,0.9276292249343391,1
0,0,0.34275403308639435,1
1,1,0.7497868144332948,1
1,1,0.5836543154977707,1
1,1,0.6685975385325279,1
0,1,0.692726501337819,1
1,0,0.36063464561775205,1
0,1,0.5161054484037906,1
1,1,0.6611882723127802,0
0,0,0.49427404514847956,1
1,0,0.31665652010480416,1
0,1,0.6758558881183608,1
1,1,0.8718851257422155,1
1,1,0.5547243926599664,1
1,1,0.5157624339911479,1
1,0,0.26710352088188233,1
0,1,0.676265365168103,1
0,1,0.7616704715978467,1
0,1,0.5215066329143612,0
1,1,0.5881263921615489,0
0,1,0.9571379131705782,1
1,1,0.805456620865537,1
