y_true,y_pred,y_prob,sensitive_features
1,0,0.1915926679158875,1
1,1,0.6690794600664168,1
1,1,0.9481171601430942,1
0,1,0.6878902343701166,1
1,1,0.8463130843641954,1
0,1,0.7283291535849358,1
0,0,0.4282320631187761,1
0,0,0.4141725027749459,0
0,1,0.6519243948049087,1
0,1,0.7917152362040087,0
1,0,0.29920808673888427,1
0,1,0.6801572597779038,1
1,0,0.4509650991589737,1
1,0,0.3296301435882809,0
0,1,0.5009978933075916,1
1,0,0.4171075982230843,1
0,1,0.5610493233715375,1
1,1,0.8654016134899875,1
1,0,0.4365991306873298,1
1,1,0.8649836270708701,0
0,1,0.9552198117816612,1
0,0,0.428479646243395,1
1,1,0.6576799449500924,1
1,1,0.8618671137657138,1
1,1,0.6995093577819498,1
1,1,0.941805853001563,1
1,0,0.10742784924593814,0
1,1,0.7847476340685251,0
1,0,0.012570676565553942,1
1,1,0.7934745343885774,1
0,0,0.4172179946165579,1
1,0,0.21680866057044032,1
1,0,0.46866108338283563,1
0,0,0.22776347637348535,1
1,1,0.5366094930297126,1
1,0,0.36012120814424514,1
1,1,0.6307176350321826,1
0,0,0.22549521947231962,0
1,1,0.997850855355762,0
0,0,0.12654493348907309,0
0,0,0.2578488093416881,1
0,1,0.6787074394034777,0
0,1,0.8764914640933631,0
1,0,0.24135737615869063,1
1,1,0.9650534192713056,1
0,0,0.04026500652544952,1
1,1,0.9099889514053365,1
