y_true,y_pred,y_prob,sensitive_features
1,1,0.9400488797302671,1
1,1,0.7587813730690843,0
1,1,0.7776660673121603,1
1,1,0.6156176484740116,1
1,1,0.8117370389872607,1
1,1,0.6552833724734923,1
1,1,0.8340567630287545,1
1,1,0.6186534734893773,1
1,1,0.8740917015760693,1
0,1,0.7030187356466547,0
0,0,0.3695587144169073,0
0,1,0.7272661664278703,1
1,1,0.693460389207076,1
1,1,0.6474607160174553,1
0,1,0.6206798890720966,1
0,1,0.8200237209031136,1
1,1,0.8095169303750869,1
1,1,0.7981895349464109,1
0,0,0.30413625316732623,0
0,1,0.7246692063619412,1
1,0,0.33375900057120655,1
0,1,0.8314746589389957,1
1,1,0.6451815523386955,0
0,1,0.7238751775276534,1
1,1,0.8117544473794776,0
0,0,0.39578671611445165,1
0,1,0.7338460317100692,1
0,1,0.7288539863320278,1
0,1,0.7254174662163373,1
0,1,0.6780178363421909,0
0,1,0.7321555929429983,1
1,0,0.23862587184633405,1
0,0,0.3321177569208217,0
1,1,0.8768839425281246,1
1,1,0.6601209303493984,1
1,0,0.49320579090286815,0
1,0,0.46386122764381255,1
0,1,0.6729277010389574,1
0,1,0.8989878206856078,1
1,1,0.5416083721065471,0
0,0,0.3048042438108807,0
1,1,0.5346540665014878,1
1,1,0.7303615402942782,1
1,1,0.7338432406355244,1
1,1,0.8983938161560706,1
1,1,0.6799051071936448,1
1,1,0.7866155624619962,1
