y_true,y_pred,y_prob,sensitive_features
0,1,0.7760242427038314,0
1,1,0.6621323289375926,1
0,1,0.6548500766575798,0
1,1,0.9454883936026474,1
1,1,0.716764007371423,1
1,1,0.6933430712120252,1
1,1,0.7238056639017961,1
1,1,0.9351007790775503,1
1,1,0.7332595644011318,1
0,1,0.4940961537164999,1
0,1,0.7612587417560259,1
0,1,0.5876315154519299,1
0,1,0.8467942444716494,0
1,1,0.5978004880602188,1
0,1,0.778806094703083,1
1,1,0.7442068116373896,0
0,1,0.6952080392679719,1
1,1,0.7059840981300752,1
1,1,0.6047489947326029,0
1,1,0.9507500524250879,1
0,1,0.6837592472940515,0
0,1,0.6616521601467622,0
0,1,0.7156274494275263,1
1,1,0.6918188858975698,1
1,1,0.6500320000941509,1
1,1,0.6286206892321324,0
0,0,0.12260534157293934,1
0,1,0.7554211071386423,1
1,1,0.7698146879456857,1
0,1,0.8559163238082264,1
1,1,0.7191688680175344,0
1,0,0.4722111476777585,1
1,1,0.7678316950882957,1
1,1,0.7514482635995738,1
0,1,0.7184334254005917,0
0,1,0.7532845834773059,1
0,1,0.8610755942158312,1
1,1,0.8900977803414566,0
1,1,0.5901328784024016,1
1,1,0.5576447191782429,1
1,0,0.48041125491896375,1
1,1,0.7498496167881841,1
1,0,0.09109492158889046,1
0,1,0.5515967362582219,1
0,1,0.8066289632128879,1
1,1,0.6462800224531047,1
1,1,0.7275069976302599,1
