y_true,y_pred,y_prob,sensitive_features
0,1,0.8924940255030439,1
1,1,0.6534212691167518,1
0,1,0.6952850393297895,0
0,1,0.6970173661360368,1
1,1,0.8304500504826554,0
1,1,0.8023248730629339,1
1,1,0.5500903381418173,1
0,1,0.5030822785999819,1
1,1,0.8354152266761091,1
1,1,0.6397546119041893,1
1,1,0.7422253397252735,1
1,0,0.42126481351511197,1
1,1,0.8341959599147795,1
1,1,0.8624858315108481,1
1,0,0.39666240890883386,0
0,0,0.41673896536701127,1
0,1,0.5767926446803601,0
0,1,0.5223440145639314,1
1,1,0.5941430922461798,0
1,0,0.07569998540851693,0
1,1,0.6762052949529187,0
0,0,0.4129925866667371,0
1,1,0.7561442532495303,1
1,1,0.6956679744602358,1
1,1,0.8371942115287616,1
0,0,0.470308814557683,1
0,1,0.7648614262602196,0
1,0,0.4880191468164802,1
1,0,0.30887850109776954,1
1,0,0.35635010513761073,1
1,1,0.7269196078266329,1
0,1,0.5652914587195874,1
0,0,0.41116169322902835,0
0,1,0.7101925943443835,1
1,1,0.6744595141599433,1
0,1,0.8181704582381129,1
1,1,0.611148413918906,1
1,0,0.4107668416693314,1
0,1,0.6681690078146196,1
1,1,0.8770656521124974,1
0,1,0.6024835823524415,1
1,0,0.336325615348986,1
1,1,0.9063223017497091,1
0,1,0.5626077379949004,1
1,1,0.6262935622849188,1
0,1,0.8595106640851984,1
0,0,0.1646367514960814,0
