y_true,y_pred,y_prob,sensitive_features
1,1,0.587030258423324,1
1,1,0.5937581780546225,1
1,1,0.6778610094995848,1
0,1,0.6499214188630315,1
1,1,0.5813519795329963,1
0,1,0.6935887739430807,1
0,1,0.5969897121716816,1
0,1,0.6023084536588866,0
0,1,0.5991240552023234,1
0,0,0.4670998460892886,0
1,1,0.6206201286563475,1
0,1,0.578380075428796,1
1,1,0.742870687618685,1
1,0,0.46565170234870074,0
0,0,0.5402487342259739,1
1,1,0.6424687107192888,1
0,1,0.6428485355560809,1
1,1,0.5535849834344868,1
1,1,0.6674537550297275,1
1,1,0.6700536477107218,0
0,1,0.6651448712811798,1
0,0,0.5323451661370922,1
1,1,0.5968000693537324,1
1,1,0.6252497465983584,1
1,1,0.609374943964437,1
1,1,0.651430859639785,1
1,0,0.4429807945296409,0
1,1,0.6902603580013307,0
1,0,0.4521963176146175,1
1,1,0.6279159081606029,1
0,1,0.5868183534941483,1
1,1,0.6504601907113944,1
1,0,0.5288849925901125,1
0,0,0.4747697228383887,1
1,1,0.58773570609984,1
1,1,0.6017159432979822,1
1,1,0.553860885921119,1
0,1,0.6226338303034561,0
1,1,0.6454786640275686,0
0,0,0.3769728996336106,0
0,1,0.5533077339218669,1
0,1,0.6385156341590715,0
0,1,0.6535352257631137,0
1,1,0.6069629947567206,1
1,1,0.6148159569119117,1
0,0,0.5428159587679643,1
1,1,0.5905871550051184,1
