y_true,y_pred,y_prob,sensitive_features
1,0,0.44884059366318874,1
1,1,0.9979394799092685,0
0,1,0.5555005437867125,1
0,1,0.683348090133477,1
0,0,0.32246070267910143,0
1,0,0.1879744948620904,1
0,1,0.6555797463597631,1
0,0,0.46124171956655624,1
1,1,0.9458661543809282,1
1,0,0.1914020964089377,1
0,0,0.1542494418987759,1
1,0,0.25576641379636467,1
1,1,0.5263542662283379,1
1,1,0.9620415839862738,0
1,0,0.43443316176662705,0
0,0,0.2211430334931195,1
1,1,0.6451822223184468,1
0,1,0.6102338108040875,1
1,1,0.6058032775069775,1
1,1,0.5790057993252334,1
1,1,0.8700865260552428,1
0,0,0.21627177690652402,0
0,0,0.40001758604107074,1
1,0,0.34618441588310633,0
0,1,0.8463883000657634,1
0,0,0.1979569624355692,1
1,0,0.45942858941726383,1
0,0,0.018786743854031566,0
1,0,0.37929859945245714,1
1,1,0.6865494638730159,1
1,0,0.2824963872176679,1
1,1,0.8481510075230946,0
1,1,0.5521258966595354,1
0,0,0.4793083697473674,1
1,0,0.4776403418390642,1
1,0,0.4899693847330088,1
0,0,0.12340308515331919,1
0,0,0.2657412142814143,0
0,0,0.2448665857376613,0
1,0,0.2925782445402024,1
1,1,0.5719959551193243,1
1,0,0.35124445379357566,1
1,1,0.5272189150519772,1
1,0,0.17518835059958077,1
0,0,0.3455698370264194,1
1,0,0.2608149452993994,1
0,1,0.7362141533415095,0
