y_true,y_pred,y_prob,sensitive_features
1,1,0.641781072129901,1
1,1,0.6604463872304247,0
0,1,0.5738668410595775,1
0,1,0.6503853067771954,1
0,0,0.5,0
1,1,0.6484119569218121,1
0,1,0.5731110715389581,1
0,1,0.6180086004598931,1
1,1,0.7799030547438423,1
1,0,0.4452694835348472,1
0,1,0.6401581208175797,1
1,1,0.6378518484998682,1
1,1,0.6214851247800585,1
1,1,0.7305651737919249,0
1,1,0.5853564474164509,0
0,0,0.4748784130567542,1
1,1,0.63674777750341,1
0,1,0.6422939986632981,1
1,1,0.6277705091225511,1
1,1,0.5777856600867296,1
1,1,0.649674965684812,1
0,1,0.5482478706049461,0
0,0,0.5291196148411251,1
1,0,0.4073747728261569,0
0,1,0.724720212679589,1
0,1,0.6203083981623829,1
1,0,0.5352014136252128,1
0,1,0.5803236829795272,0
1,1,0.5811149888547251,1
1,1,0.6455602953262594,1
1,1,0.6003416253348962,1
1,1,0.6288867895819497,0
1,0,0.5406398530730158,1
0,1,0.6657377115999417,1
1,0,0.48750303954807,1
1,1,0.6209423330046735,1
0,0,0.4928480573009852,1
0,1,0.623224666734269,0
0,0,0.3845309704318996,0
1,1,0.5481655506390611,1
1,1,0.6603280646841932,1
1,1,0.6113431842363016,1
1,1,0.5687696752165957,1
1,0,0.4130656996530786,1
0,1,0.5559246427562826,1
1,1,0.6213647160063036,1
0,1,0.5946342414313208,0
