y_true,y_pred,y_prob,sensitive_features
0.0,1.0,0.7723370660038374,0
1.0,1.0,0.8698758499321358,1
0.0,0.0,0.3299690450937983,0
1.0,1.0,0.7708886687812356,1
1.0,1.0,0.6151159358722862,1
1.0,1.0,0.6812822722923437,1
1.0,1.0,0.8462812103994656,1
1.0,1.0,0.9632083084273361,1
1.0,1.0,0.9210055564566663,1
0.0,1.0,0.5507537119328445,1
0.0,1.0,0.6092195164152197,1
0.0,1.0,0.7768487746825596,1
0.0,1.0,0.6765280755032597,0
1.0,1.0,0.6773989046402104,1
0.0,1.0,0.9419587746901859,1
1.0,1.0,0.7736593325676092,0
0.0,1.0,0.5918823968764889,1
1.0,1.0,0.9716995223301254,1
1.0,1.0,0.718302664016416,0
1.0,1.0,0.7838126767959237,1
0.0,1.0,0.6916415723842861,0
0.0,0.0,0.429053439703514,0
0.0,1.0,0.829392702619285,1
1.0,1.0,0.9342476572100405,1
1.0,1.0,0.709085800666931,1
1.0,0.0,0.22793756748393632,0
0.0,0.0,0.3733246507507898,1
0.0,1.0,0.8080340155127264,1
1.0,1.0,0.9008017246563252,1
0.0,1.0,0.7133779248136346,1
1.0,1.0,0.9917572828959779,0
1.0,1.0,0.9051872508863421,1
1.0,1.0,0.8911398672992398,1
1.0,1.0,0.9970987614104908,1
0.0,0.0,0.4288252201982567,0
0.0,1.0,0.702571088150883,1
0.0,1.0,0.7321638152181237,1
1.0,1.0,0.8858792897796556,0
1.0,1.0,0.6725450587854773,1
1.0,1.0,0.7427967027122861,1
1.0,1.0,0.5718058182522636,1
1.0,0.0,0.45665080739156966,1
1.0,0.0,0.35279922745962305,1
0.0,1.0,0.5765721991043258,1
0.0,1.0,0.8115364117432524,1
1.0,1.0,0.9150744541854853,1
1.0,1.0,0.9735562679218922,1
