y_true,y_pred,y_prob,sensitive_features
0,1,0.6016038277220549,0
1,1,0.9375298850004644,1
0,0,0.39187207418935216,0
1,1,0.6566541484622201,1
1,1,0.5463728858875323,1
1,0,0.4566143898683563,1
1,1,0.5993022983042838,1
1,1,0.8327422224051922,1
1,1,0.9150254109905855,1
0,1,0.5327077927208356,1
0,1,0.8361060294725846,1
0,1,0.5832172169038164,1
0,0,0.48032656424509246,0
1,1,0.6067499937313957,1
0,1,0.74491490023901,1
1,1,0.7650325647997966,0
0,1,0.7021855546638868,1
1,1,0.962087094389064,1
1,0,0.47478363899238374,0
1,1,0.7291824174883728,1
0,0,0.32842287829023914,0
0,1,0.5164438981901439,0
0,1,0.9770589649550205,1
1,1,0.8655746034217993,1
1,1,0.8286147275071932,1
1,0,0.38652587323827253,0
0,0,0.4857433863932015,1
0,1,0.754669978938645,1
1,1,0.8449782763574877,1
0,1,0.6203399049799116,1
1,1,0.9865781484384114,0
1,1,0.6469352977278494,1
1,1,0.8010979848502728,1
1,1,0.86778239042145,1
0,1,0.797747516278236,0
0,1,0.6267572652612827,1
0,1,0.6416508133620259,1
1,1,0.8052207152640616,0
1,1,0.5313057428113515,1
1,0,0.4090930743531582,1
1,0,0.4027266476009174,1
1,1,0.9086474810624486,1
1,0,0.36638045514355455,1
0,0,0.4480127762268504,1
0,1,0.812794722910607,1
1,1,0.804479618695117,1
1,1,0.9622371540535906,1
