y_true,y_pred,y_prob,sensitive_features
1,0,0.36901380827927605,1
1,0,0.3464907502332678,1
1,1,0.7586831585176506,1
0,1,0.6301174542429187,1
1,0,0.5,1
0,1,0.6030865440303035,1
0,0,0.4444279754060993,1
0,1,0.596832947171921,0
0,1,0.6098499437815976,1
0,0,0.2561360853122573,0
1,1,0.5254365888765091,1
0,0,0.37499175042912153,1
1,1,0.8984842980020711,1
1,0,0.3337961038300736,0
0,0,0.3946854273300969,1
1,1,0.6528243530232307,1
0,1,0.5762209872406373,1
1,0,0.42013775870929376,1
1,1,0.6167822639579551,1
1,1,0.7904267876707352,0
0,1,0.7546666004412931,1
0,0,0.289323451953454,1
1,0,0.4786819064221904,1
1,0,0.43952758628225375,1
1,1,0.6631166189992357,1
1,1,0.7768997487843898,1
1,0,0.2379710546519059,0
1,1,0.8104069848271791,0
1,0,0.30225114542747067,1
1,0,0.5149035014585541,1
0,0,0.3568207233177548,1
1,1,0.5957661327893433,1
1,0,0.2649820631039,1
0,0,0.21339595619564494,1
1,0,0.3749164859509979,1
1,0,0.5,1
1,0,0.29272952343429653,1
0,1,0.6491053299005867,0
1,1,0.6925381584864005,0
0,0,0.17446264440182835,0
0,0,0.24936973622256753,1
0,1,0.8594861194356207,0
0,1,0.8167644292550141,0
1,0,0.428193752677124,1
1,1,0.7259939557876985,1
0,0,0.5114205388961646,1
1,1,0.5328876881517043,1
