y_true,y_pred,y_prob,sensitive_features
0,1,0.5339635645224192,0
1,1,0.5630159787130885,1
1,1,0.8851389052364749,1
1,1,0.7989269593601123,1
0,1,0.5796024596923585,1
1,1,0.8911122492434029,1
0,1,0.7576622157303303,1
0,0,0.44365062859292276,1
1,0,0.395191921810681,1
0,1,0.6701796442741274,0
0,0,0.35111670149964536,1
0,1,0.5390983441044143,1
1,1,0.717479854676003,1
1,1,0.6467469159660773,1
1,1,0.7002200575876164,1
1,1,0.6681873788357425,1
0,1,0.5042769587172928,1
1,0,0.4782385259970113,1
0,0,0.38884242787516204,0
1,1,0.7393339398301766,1
0,0,0.4350163983822578,1
1,1,0.7787043967908633,0
0,1,0.6448272198610695,1
0,1,0.6304485671590746,1
1,1,0.6276596404163486,0
1,1,0.5336607609644288,1
0,1,0.6714831583644281,1
1,1,0.6801940808867625,1
1,1,0.5857607302940652,1
0,0,0.490658214217711,0
0,1,0.5821050178071452,0
1,1,0.8016356053067483,1
1,1,0.6226810264597178,1
0,0,0.473654840710127,1
0,0,0.48257967454583167,1
1,1,0.57073952000086,1
0,0,0.46135655646392293,1
1,1,0.5470997605024964,1
1,0,0.48973069863093743,1
0,0,0.42553365441728025,0
1,0,0.4407371629392049,1
1,1,0.7456233123719307,0
1,0,0.4642357016002559,1
1,1,0.7367734363639876,1
1,1,0.744711278818217,1
1,1,0.957506838899021,0
1,1,0.7718441947327046,0
