y_true,y_pred,y_prob,sensitive_features
0,1,0.964584788129097,1
1,1,0.7956474699180013,1
1,1,0.8004567971301271,1
1,1,0.7282945977050069,1
1,1,0.8319866136122493,1
0,0,0.2238511606965241,1
1,1,0.8585647932876762,0
1,1,0.9813429887848311,0
0,1,0.9499643172012071,1
0,1,0.5570562159240176,0
0,0,0.18241351942989503,0
1,1,0.8805243688114142,1
0,1,0.977817297127585,1
0,1,0.8222251080232955,1
0,1,0.800527984870142,1
1,1,0.9689059427906207,1
1,1,0.9947232504660316,1
0,1,0.6601958596046793,1
1,0,0.12109049685222828,1
1,1,0.6753829369132304,1
0,1,0.9571717240603513,1
0,1,0.700328569511889,0
1,0,0.36248502078629713,1
1,1,0.8951112933947288,1
1,0,0.46467998080970785,1
0,1,0.9771140226744497,1
0,1,0.9116275613766627,1
1,0,0.3947345291549026,1
1,1,0.9818266641247535,1
1,1,0.5415087860724653,1
1,1,0.6311265891661529,1
1,1,0.8159885494483846,1
0,1,0.8767658551211794,0
1,1,0.7259585908041954,1
1,0,0.16919913418994662,1
0,0,0.3886375487152089,0
1,1,0.8317946985227349,1
1,1,0.7026629473743299,0
0,1,0.5352300521589166,1
0,0,0.16766788374561267,0
0,1,0.9701537588428333,1
1,1,0.8174215721514271,1
0,0,0.16019313200715588,1
1,1,0.8754237993617481,0
1,1,0.874875414722209,1
1,0,0.49508121806804295,1
1,1,0.8457731691408724,0
