y_true,y_pred,y_prob,sensitive_features
1,1,0.7918450299503051,1
1,1,0.7418366332174225,1
1,1,0.7410815851326145,1
0,1,0.6755944242899469,1
1,1,0.7448745252540224,1
0,1,0.6750461224462911,1
0,1,0.5932107523285247,1
0,1,0.6973358607042062,0
0,1,0.7845564313648381,1
0,0,0.4261168154956835,0
1,1,0.6450672899247549,1
0,1,0.5753088241573495,1
1,1,0.7446599383336978,1
1,1,0.5616250091852418,0
0,1,0.6706972820692284,1
1,1,0.6382540513877829,1
0,1,0.6792324655478265,1
1,1,0.6726657392870973,1
1,1,0.8260749782708822,1
1,1,0.655032496644272,0
0,1,0.7552792327266151,1
0,1,0.6002988974876563,1
1,1,0.685656493551611,1
1,1,0.8236908941414852,1
1,1,0.7388015802467476,1
1,1,0.7681283163296154,1
1,1,0.6177931123540967,0
1,1,0.6540392078931538,0
1,0,0.27480351207728715,1
1,1,0.7055968032266722,1
0,1,0.6783846232174036,1
1,1,0.7459903363713531,1
1,1,0.6567627646270972,1
0,1,0.5807050709552782,1
1,1,0.7030743740754916,1
1,1,0.8403386679285152,1
1,1,0.6109116668508492,1
0,1,0.759048257455836,0
1,1,0.9527657928853861,0
0,0,0.46027541423207363,0
0,1,0.7327257121730731,1
0,1,0.572471732269059,0
0,1,0.7066757008236284,0
1,1,0.5450708354477443,1
1,1,0.6940196567420109,1
0,0,0.10778644268499366,1
1,1,0.7673201216378355,1
