y_true,y_pred,y_prob,sensitive_features
0,1,0.8295205732021054,1
0,0,0.2869848364884168,0
1,0,0.44809001020761985,1
0,1,0.9006841623091381,1
1,1,0.7187755179377697,0
0,0,0.3233269226502639,0
0,1,0.7865367084071786,1
0,0,0.3567435251835089,1
1,1,0.7290921487243942,1
0,1,0.9549686225213102,1
0,0,0.15595803857223028,0
1,0,0.21325653069187148,1
1,1,0.9253214445829107,1
0,0,0.30048339490556614,1
1,1,0.6142374083416424,1
0,1,0.6183135236025799,1
0,1,0.6408472622130064,1
0,1,0.5762531630884734,1
1,0,0.4600300880715543,1
1,1,0.7937734675608475,1
0,0,0.25731211511544605,1
1,1,0.8946124115715016,1
1,0,0.08721520886051674,1
1,1,0.525761753557924,1
1,1,0.7369734037946063,1
0,1,0.7059160048654899,1
1,1,0.608093253249062,1
1,1,0.9010967559132894,1
0,0,0.46523699162775856,1
1,1,0.6829776641889267,0
1,1,0.648718191634035,0
1,0,0.4162324899647792,1
0,0,0.40343212508298515,0
1,1,0.8399293376510621,0
1,1,0.6192103120996084,1
1,1,0.9997428467195544,0
1,1,0.8875033189871631,1
1,0,0.49623643225762726,1
1,1,0.6507633820160666,1
0,1,0.6200471737655321,0
1,1,0.8386139104851564,1
1,0,0.31763438292140844,1
1,0,0.19069184590059007,1
1,0,0.4624595397898124,1
0,0,0.44451938368694927,1
0,0,0.061938957805633986,0
1,1,0.6207747165795622,1
