y_true,y_pred,y_prob,sensitive_features
1,0,0.2560453239843909,1
1,0,0.13462756105890683,1
1,1,0.9758093182761479,1
0,1,0.9555836773989764,1
1,1,0.9757514155712358,1
0,1,0.7473925427577485,1
0,0,0.0977539802758216,1
0,1,0.8378013062530972,0
0,1,0.9887067043343493,1
0,0,0.03987330074866978,0
1,0,0.40138041166683763,1
0,1,0.9418812128104771,1
1,1,0.9411607046165924,1
1,0,0.47203844668108225,0
0,0,0.32643200270544576,1
1,1,0.9591588202017618,1
0,1,0.8823469544739743,1
1,1,0.7474107484951776,1
1,1,0.9630973703623554,1
1,1,0.8816323556939321,0
0,1,0.9564135333605716,1
0,1,0.6333430490454861,1
1,1,0.8510542211634986,1
1,1,0.9836517072206287,1
1,0,0.21522421471388098,1
1,0,0.49380597127682235,1
1,0,0.006158736604940281,0
1,1,0.8941828620352139,0
1,1,0.9525427839923447,1
1,0,0.4316217464581475,1
0,0,0.49049005394658735,1
1,0,0.19899791370247366,1
1,0,0.1560362338618476,1
0,0,0.037645099104922565,1
1,1,0.9777980543761425,1
1,1,0.6586084776197789,1
1,0,0.40610816090057866,1
0,0,0.10170398838547103,0
1,1,0.9895589730628085,0
0,1,0.832211088624995,0
0,0,0.30869281335662413,1
0,1,0.8658217294233902,0
0,1,0.976631624424363,0
1,1,0.7445336244871534,1
1,1,0.9982825352805487,1
0,1,0.7840570499312407,1
1,1,0.6228738318972509,1
