y_true,y_pred,y_prob,sensitive_features
1.0,1.0,0.6145150094413969,1
1.0,1.0,0.6098391591990797,0
1.0,1.0,0.6192268390825023,1
1.0,1.0,0.5987474282194181,1
1.0,1.0,0.6116091387424661,1
1.0,1.0,0.5980268502957701,1
1.0,1.0,0.6082018733866279,1
1.0,1.0,0.5981029273096569,1
1.0,1.0,0.6119012888144029,1
0.0,1.0,0.6028652222877878,0
0.0,1.0,0.592022112769222,0
0.0,1.0,0.6025831631228855,1
1.0,1.0,0.6208478693981014,1
1.0,1.0,0.6253455648616346,1
0.0,1.0,0.5983408006773372,1
0.0,1.0,0.6130113130004663,1
1.0,1.0,0.6085314978875116,1
1.0,1.0,0.6062833983864448,1
0.0,1.0,0.5905946014616632,0
0.0,1.0,0.6043675690105172,1
1.0,1.0,0.6053315268142906,1
0.0,1.0,0.6167226324003972,1
1.0,1.0,0.5978008844611192,0
0.0,1.0,0.6074543427016325,1
1.0,1.0,0.6017807814401215,0
0.0,1.0,0.5963013164264915,1
0.0,1.0,0.6012491302549348,1
0.0,1.0,0.6044917850815401,1
0.0,1.0,0.6008325821588668,1
0.0,1.0,0.5972102478475924,0
0.0,1.0,0.6061170974379096,1
1.0,1.0,0.5887783284167061,1
0.0,1.0,0.5871506051181753,0
1.0,1.0,0.6039945353505074,1
1.0,1.0,0.6028048721127657,1
1.0,1.0,0.5969591994067018,0
1.0,1.0,0.5942019602952631,1
0.0,1.0,0.6098589986319894,1
0.0,1.0,0.6161892561352116,1
1.0,1.0,0.598772419753739,0
0.0,1.0,0.5897720434573973,0
1.0,1.0,0.5984463265741762,1
1.0,1.0,0.6204005993060044,1
1.0,1.0,0.6033225499248014,1
1.0,1.0,0.6085777373565949,1
1.0,1.0,0.615648470133021,1
1.0,1.0,0.6168347463192086,1
