y_true,y_pred,y_prob,sensitive_features
0,0,0.19678024498958738,1
1,1,0.968433529088006,1
0,0,0.2759054435506428,0
0,1,0.7813760303337258,1
1,1,0.9355655944884702,0
1,0,0.14306623647732628,1
1,1,0.9338531654240266,1
0,1,0.773482322689649,1
1,1,0.9931253678805527,1
1,1,0.7253445031020556,1
1,1,0.9641676641233161,1
1,1,0.9672536991026898,1
1,1,0.9409251483823252,1
1,1,0.8970301659577546,1
1,1,0.8584482688566498,0
0,1,0.6439438580717514,1
0,1,0.8144124573201181,0
0,1,0.8901945783123629,1
1,1,0.9043890875223844,0
1,1,0.6262933967514732,0
1,1,0.6132957867871297,0
0,1,0.6282533974760598,0
1,1,0.5097984526274104,1
1,1,0.8084556583473222,1
1,1,0.9852012577963538,1
0,0,0.18271721479518957,1
0,0,0.36483051265819705,0
1,0,0.3004885049101477,1
1,1,0.868358918186469,1
1,1,0.7164887777719946,1
1,0,0.46600346120454195,1
0,0,0.3814170024642789,1
0,0,0.3303686047862814,0
0,1,0.9103036999837707,1
1,1,0.6108359630138804,1
0,1,0.9810951600993716,1
1,0,0.4430749461080232,1
1,1,0.6836899426711011,1
0,1,0.9775965147379398,1
1,1,0.8685262841072247,1
0,0,0.21349825023413513,1
1,1,0.9743021227420104,1
1,1,0.9602444994220924,1
0,1,0.651951340486618,1
1,1,0.874658808992145,1
0,1,0.8247650936714367,1
0,0,0.051331414987594644,0
