y_true,y_pred,y_prob,sensitive_features
0,0,0.5716304840202777,0
1,1,0.5725022720629855,1
1,1,0.574584506709373,1
1,1,0.5731969297323666,1
0,1,0.5729964940958618,1
1,1,0.5748429571945102,1
0,1,0.5752849903070343,1
0,0,0.5698233881857632,1
1,1,0.5724711133118023,1
0,1,0.5753464607377564,0
0,1,0.5732460640668242,1
0,1,0.5751585557363832,1
1,1,0.5737002137644192,1
1,1,0.5735931614800323,1
1,1,0.573388456539571,1
1,1,0.5735453522019864,1
0,1,0.5734813064387957,1
1,0,0.5713678312377413,1
0,0,0.5693630884482295,0
1,1,0.5759161446354898,1
0,0,0.5709415854298804,1
1,1,0.574168658150197,0
0,0,0.5712348182109003,1
0,1,0.5751481465554447,1
1,0,0.5717309883535815,0
1,0,0.5707920017030554,1
0,1,0.5768806014156841,1
1,1,0.5727422779942082,1
1,1,0.5749626201334004,1
0,0,0.5688342646461194,0
0,1,0.5725041476543921,0
1,1,0.5757890039752205,1
1,1,0.5741974130275099,1
0,1,0.5726691096016943,1
0,1,0.5742008250902249,1
1,0,0.5714882537526712,1
0,0,0.5718541922120389,1
1,1,0.5728306628232818,1
1,0,0.5702929737924454,1
0,1,0.5727001878545135,0
1,0,0.5717268453673405,1
1,1,0.5747728058516405,0
1,0,0.5720655076416193,1
1,0,0.5716929446615303,1
1,1,0.575925931623624,1
1,1,0.5764634722672953,0
1,1,0.5743178156871425,0
