y_true,y_pred,y_prob,sensitive_features
0,1,0.580992616177741,0
1,1,0.6092339722839207,1
1,1,0.6419965652980404,1
1,1,0.5890965150520221,1
0,1,0.5992332750489425,1
1,1,0.6285690214763878,1
0,1,0.661000881985543,1
0,0,0.528402528480478,1
1,1,0.5853664613366436,1
0,1,0.6430239169894542,0
0,0,0.5629667869228885,1
0,1,0.5924303974672465,1
1,1,0.6361090063399776,1
1,1,0.6625503924629054,1
1,1,0.6264432019219927,1
1,1,0.630618778339078,1
0,1,0.6105238744059847,1
1,1,0.5877042997515275,1
0,0,0.5263520706836402,0
1,1,0.6425255021129012,1
0,0,0.5507267613089738,1
1,1,0.6448646545608546,0
0,1,0.5982614037136968,1
0,1,0.6174361475537242,1
1,1,0.590276997102861,0
1,0,0.5680354829070621,1
0,1,0.6377064627869198,1
1,1,0.5838662170420194,1
1,1,0.5964980722069789,1
0,0,0.5328033392835847,0
0,1,0.6069655601729754,0
1,1,0.6368467399767839,1
1,1,0.5924848997563077,1
0,1,0.5753559390982982,1
0,1,0.5980369564940208,1
1,1,0.5922913186916902,1
0,0,0.5624566672357054,1
1,1,0.595594278274352,1
1,0,0.5426210646975944,1
0,0,0.5506911018335058,0
1,0,0.557434266079627,1
1,1,0.665267823362648,0
1,1,0.6039953019779098,1
1,1,0.5857962198662001,1
1,1,0.6456525322090131,1
1,1,0.660811031712434,0
1,1,0.6444593825881628,0
