y_true,y_pred,y_prob,sensitive_features
1,1,0.5917545338444331,1
0,1,0.5522802640963991,1
1,1,0.6743739021685324,1
0,0,0.2479542562599211,0
1,0,0.4345601310146393,0
0,0,0.24170734064136637,0
1,0,0.49314704681720556,1
0,0,0.29551061337125134,1
0,0,0.4164540013361045,1
1,1,0.7569997168437343,1
1,1,0.7822019531903054,1
1,0,0.43491178908764183,1
1,1,0.5962654827738123,1
1,1,0.6040694450080696,1
1,1,0.5850039031841929,1
1,1,0.628162501575782,1
1,1,0.6549469939960376,1
0,1,0.8886143184355701,1
1,1,0.7872686210135771,1
1,0,0.34867169493432915,1
1,1,0.9227990845030999,1
1,1,0.9905395454203566,1
0,1,0.6002476481404438,1
0,1,0.7065507263815377,1
0,0,0.4917793637399031,0
0,1,0.7326541818792099,1
1,0,0.3058399716765541,0
1,1,0.7276538005329237,1
0,1,0.6288790157956788,1
1,1,0.7121066434599216,0
1,1,0.6564095755990598,1
0,0,0.2945709277924129,0
0,1,0.8010334940522312,1
1,1,0.6604637409430025,1
0,0,0.20965172898308831,0
0,1,0.6899977025678355,1
1,1,0.8452686480146171,1
1,1,0.6140821384019018,1
0,1,0.7541427755950537,1
1,0,0.33921316511910315,0
1,1,0.6327631747525291,1
1,1,0.6952242961129758,0
1,1,0.5576748467973409,1
0,1,0.8531181315053774,1
1,0,0.32248911555793236,1
0,0,0.3474416397603674,1
0,0,0.24157333626833705,0
