y_true,y_pred,y_prob,sensitive_features
0,1,0.920976894021727,1
1,1,0.7224514036306932,1
1,1,0.5146341221691766,1
1,1,0.7872251768319873,1
1,1,0.7974673851520792,1
0,0,0.06074504736306471,1
1,1,0.8938762757212956,0
1,1,0.9025758102091004,0
0,1,0.790822398541451,1
0,1,0.5623404887493855,0
0,0,0.2963412830589729,0
1,1,0.7937951421310758,1
0,1,0.9196108838551643,1
0,1,0.61541739509276,1
0,0,0.3577984302765297,1
1,1,0.8762838238465703,1
1,1,0.9224503334101737,1
0,0,0.2871022000571693,1
1,0,0.009001451176583786,1
1,1,0.5392002568763875,1
0,1,0.8551152636396713,1
0,0,0.4598844975352802,0
1,0,0.25893869896581234,1
1,1,0.6548158476778374,1
1,0,0.034032296219033906,1
0,1,0.7700565208448935,1
0,0,0.25451843798973167,1
1,0,0.11887112856362281,1
1,1,0.9727354984308163,1
1,0,0.2674587071165488,1
1,1,0.6973755696185556,1
1,1,0.5138502237942791,1
0,1,0.6331020544974646,0
1,1,0.639538290251864,1
1,1,0.5694106730295855,1
0,0,0.3668837389273302,0
1,0,0.3530390787877256,1
1,1,0.6323455605937395,0
0,1,0.9587592320318205,1
0,0,0.10440383681063276,0
0,1,0.9918385893401068,1
1,0,0.3975685690031936,1
0,0,0.3090960273757755,1
1,1,0.7962922217211962,0
1,1,0.7594796239198985,1
1,1,0.7638541517454494,1
1,1,0.5438656142858475,0
