y_true,y_pred,y_prob,sensitive_features
0,1,0.6835691298061639,0
1,1,0.863434156092187,1
0,0,0.22173824183056645,0
1,1,0.8060619911337985,1
1,1,0.7142749794275578,1
1,1,0.5375885393508087,1
1,1,0.8901021950581111,1
1,1,0.9577325233965277,1
1,1,0.9157574346905474,1
0,1,0.5137880525735994,1
0,1,0.8578619549133724,1
0,0,0.48875787198051884,1
0,1,0.6417539241633404,0
1,1,0.5557456275496011,1
0,1,0.9322922759618648,1
1,0,0.49766979310365156,0
0,0,0.2548746979795957,1
1,1,0.9703078267433257,1
1,1,0.6334209928758118,0
1,1,0.8945536125797547,1
0,1,0.5310976951142885,0
0,0,0.3309871078587628,0
0,1,0.8646293083607072,1
1,1,0.6733158456487242,1
1,1,0.9575382373639094,1
1,0,0.12754575663884496,0
0,0,0.21747548991090693,1
0,1,0.638450803757172,1
1,1,0.9025796056418361,1
0,1,0.6807438998034975,1
1,1,0.9995794136802179,0
1,1,0.9423110183657233,1
1,1,0.8921898888170585,1
1,1,0.986808206996044,1
0,0,0.37075890802770733,0
0,1,0.5988276986589091,1
0,1,0.7251681612854018,1
1,1,0.8400535207684633,0
1,1,0.6469999845249432,1
1,1,0.7414744610954264,1
1,1,0.5829958227198034,1
1,0,0.26501282541121024,1
1,0,0.2605369790243403,1
0,0,0.49619294664544167,1
0,1,0.863572484268503,1
1,1,0.7403141023227345,1
1,1,0.9865925860595615,1
