y_true,y_pred,y_prob,sensitive_features
1,0,0.18450272919420038,1
1,0,0.18146999131473607,1
1,1,0.7189754505736767,1
0,1,0.8961562983642644,1
1,1,0.9108249772442542,1
0,1,0.8612967480642836,1
0,1,0.9125262385843488,1
0,0,0.390934639458663,0
0,1,0.6135807080555068,1
0,0,0.3771320014150463,0
1,0,0.33369423132444564,1
0,1,0.8632274926915853,1
1,1,0.8810395321463463,1
1,1,0.5239503491776804,0
0,1,0.8200790820121008,1
1,1,0.9323727837181705,1
0,0,0.3482085477569862,1
1,1,0.6864174214609297,1
1,1,0.6864244239874379,1
1,1,0.677298170996062,0
0,1,0.7357692291906102,1
0,1,0.5698229414204279,1
1,1,0.7882458426206312,1
1,1,0.8400266037043922,1
1,0,0.09043080705564313,1
1,1,0.5581551071118158,1
1,0,0.041800985610217965,0
1,1,0.6530803147504778,0
1,0,0.30072303977133497,1
1,1,0.6835642391278928,1
0,0,0.3164383034596975,1
1,0,0.24637918619476773,1
1,0,0.10643175511557264,1
0,0,0.058527138015032475,1
1,0,0.14650825053498662,1
1,0,0.16158036839652895,1
1,0,0.49708998204592497,1
0,0,0.03687093797355975,0
1,1,0.9956501848077361,0
0,0,0.32768379307207557,0
0,0,0.3266321192041267,1
0,1,0.8310211428678287,0
0,1,0.6168161028977166,0
1,1,0.5682052709728089,1
1,1,0.975831101034103,1
0,0,0.43695899472282185,1
1,1,0.6172888248283653,1
