y_true,y_pred,y_prob,sensitive_features
1,1,0.9334055243071789,1
1,1,0.9933852852080607,0
0,1,0.5807692941805078,1
0,1,0.7974821293355379,1
0,0,0.0757441805699222,0
1,1,0.9738896771944088,1
0,1,0.5490060475565751,1
0,0,0.4201229321247966,1
1,1,0.9813711149568874,1
1,0,0.048644167444565685,1
0,0,0.2818214768984398,1
1,1,0.794485175467343,1
1,1,0.8400358730757466,1
1,1,0.840925002736986,0
1,1,0.8456339665310668,0
0,0,0.09972400024475213,1
1,1,0.8842930634041433,1
0,0,0.36375200906325983,1
1,1,0.8405459098659243,1
1,1,0.6424880033574818,1
1,1,0.9944963776671334,1
0,0,0.49862114237316896,0
0,0,0.456411817754111,1
1,0,0.337207962025642,0
0,1,0.9939841066225578,1
0,0,0.49754670339358664,1
1,1,0.5916151710482496,1
0,0,0.2652618560350394,0
1,1,0.9326844927476822,1
1,1,0.7716438143753798,1
1,0,0.17679927299522827,1
1,1,0.9340413416360359,0
1,0,0.21846584852683726,1
0,1,0.7659000095058482,1
1,0,0.3801131149775972,1
1,1,0.8345019595157287,1
0,0,0.19284970367532983,1
0,0,0.1498890175110811,0
0,0,0.039745415821742895,0
1,1,0.6035802201670161,1
1,1,0.9887172460971141,1
1,1,0.7253538502412618,1
1,1,0.8446652260728028,1
1,0,0.053875204930803326,1
0,0,0.4851548174267392,1
1,1,0.8958313807089691,1
0,1,0.9639192629346238,0
