y_true,y_pred,y_prob,sensitive_features
0,0,0.4715615800383769,1
0,0,0.27014990041039755,0
1,0,0.29474035487808603,1
0,1,0.7294125223493418,1
1,1,0.596666851385399,0
0,1,0.568994573378324,0
0,0,0.3900577812042508,1
0,0,0.34748507705391585,1
1,1,0.5528757248716412,1
0,1,0.6539956857910934,1
0,0,0.35181998325623964,0
1,0,0.16315652375588868,1
1,1,0.649029543258158,1
0,0,0.2360799835842115,1
1,1,0.5434400724424311,1
0,0,0.30766787158157854,1
0,0,0.40410722640981206,1
0,1,0.6024462980037699,1
1,0,0.3701848030525007,1
1,1,0.7449406904847041,1
0,0,0.23584787102371604,1
1,1,0.6979493469416759,1
1,0,0.2770125765030679,1
1,0,0.3803921140112248,1
1,0,0.430170024821043,1
0,0,0.42170181601177054,1
1,1,0.6230901426122352,1
1,1,0.606560331823597,1
0,0,0.4140643932956326,1
1,0,0.3327768150143621,0
1,1,0.7151415720459415,0
1,1,0.8067272003969106,1
0,0,0.4947371764137812,0
1,1,0.6379052529120885,0
1,0,0.46031705489036906,1
1,1,0.8923353601739956,0
1,1,0.7362805489615103,1
1,0,0.2544442796332958,1
1,1,0.5619861509814402,1
0,1,0.5976175639084232,0
1,1,0.6409762546146618,1
1,0,0.3959188394518908,1
1,0,0.26150853484774955,1
1,0,0.2994523106009296,1
0,0,0.41145816959894954,1
0,1,0.599510862777578,0
1,0,0.33765099211424676,1
