y_true,y_pred,y_prob,sensitive_features
1,1,0.658693102514923,1
1,1,0.8669855293110507,1
1,1,0.7596889005161405,1
0,1,0.6750242466493978,1
1,1,0.6960377274512514,1
0,1,0.8380019474261977,1
0,0,0.27415619891378895,1
0,0,0.46242117731408666,0
0,1,0.644811764273493,1
0,0,0.17740644265196498,0
1,0,0.22256936801662477,1
0,0,0.4021864881474058,1
1,1,0.8768746685271545,1
1,0,0.2941542792765003,0
0,0,0.4610023537264875,1
1,1,0.7266392278068862,1
0,1,0.8566261462415549,1
1,0,0.29566989914075864,1
1,1,0.8501896099977981,1
1,1,0.5895388092373677,0
0,1,0.6417364682827832,1
0,0,0.2692624565697922,1
1,1,0.5497291062294193,1
1,1,0.854245319430294,1
1,1,0.5673127858480328,1
1,1,0.8201579414941371,1
1,1,0.5557679238895391,0
1,1,0.7421797989844447,0
1,1,0.745957649667296,1
1,1,0.6408071119132349,1
0,1,0.6135357273637607,1
1,1,0.8872141882167692,1
1,1,0.5671602624429024,1
0,0,0.2516954547445063,1
1,1,0.8171632458967601,1
1,1,0.8215676707872265,1
1,1,0.5776268431102547,1
0,1,0.8904920136776094,0
1,1,0.963508502977761,0
0,0,0.27200756760194694,0
0,1,0.548934770160554,1
0,0,0.4810476668725396,0
0,1,0.6240627398305985,0
1,0,0.31018088551626305,1
1,1,0.5676613705966228,1
0,1,0.508853589134535,1
1,0,0.3694776778507033,1
