y_true,y_pred,y_prob,sensitive_features
0,0,0.08242727910550463,0
1,0,0.17402432665650613,1
1,1,0.8915745340168557,1
1,1,0.5949890929914122,1
0,1,0.6744317666424676,1
1,1,0.9961520118322253,1
0,1,0.6551431206388001,1
0,0,0.29747160918780285,1
1,1,0.6347810868222686,1
0,0,0.39096571565195726,0
0,1,0.7859233881825882,1
0,1,0.8138308962718759,1
1,0,0.35744375797221867,1
1,0,0.43526882065232364,1
1,0,0.3854005169840439,1
1,1,0.7834741772037291,1
0,0,0.39006622536015373,1
1,0,0.22356974436933766,1
0,0,0.4496529777561671,0
1,1,0.9875537281174953,1
0,0,0.18867305443054935,1
1,1,0.7542325713152468,0
0,0,0.1705270109377452,1
0,1,0.8902087323953349,1
1,1,0.6617114298892564,0
1,0,0.15190030035393934,1
0,1,0.804589462047145,1
1,0,0.34606150910975647,1
1,1,0.8910204222494235,1
0,0,0.3595928542714156,0
0,1,0.6016154649324049,0
1,1,0.7619879229173704,1
1,1,0.8147094780520886,1
0,0,0.34540209546600925,1
0,1,0.6922549420537664,1
1,0,0.4474288157702547,1
0,1,0.5212950255796163,1
1,1,0.8940496784842805,1
1,0,0.29899984802785656,1
0,0,0.3974234221095705,0
1,0,0.38760971346535106,1
1,1,0.9244927230202751,0
1,1,0.8945398096396836,1
1,0,0.461920276580865,1
1,1,0.9655363759803979,1
1,1,0.9976561221118112,0
1,1,0.5180538836201714,0
