y_true,y_pred,y_prob,sensitive_features
0.0,0.0,0.147033602465217,1
1.0,1.0,0.8619922011328943,1
0.0,0.0,0.03481082473202459,0
0.0,1.0,0.9454882990934308,1
1.0,1.0,0.9144750897741878,0
1.0,1.0,0.6124168038985476,1
1.0,1.0,0.8857217910872088,1
0.0,1.0,0.5790470896412944,1
1.0,1.0,0.8834429555218622,1
1.0,1.0,0.6973605556992946,1
1.0,1.0,0.9311854422155557,1
1.0,1.0,0.563552104715213,1
1.0,1.0,0.9080550221167666,1
1.0,1.0,0.924717292649567,1
1.0,1.0,0.8001828994839041,0
0.0,1.0,0.6725179639073241,1
0.0,1.0,0.6161606825043993,0
0.0,1.0,0.7758261674099375,1
1.0,1.0,0.985440661120594,0
1.0,0.0,0.1113304496541753,0
1.0,0.0,0.28932932914024057,0
0.0,0.0,0.486586078968339,0
1.0,1.0,0.5810292404549507,1
1.0,1.0,0.6384313368230656,1
1.0,1.0,0.9901019198791834,1
0.0,1.0,0.8632289306471074,1
0.0,0.0,0.3180408957880754,0
1.0,0.0,0.38749064660816845,1
1.0,1.0,0.9671791969697352,1
1.0,0.0,0.10100307702032835,1
1.0,0.0,0.22274485078746342,1
0.0,0.0,0.15528744804735367,1
0.0,0.0,0.14663969916254568,0
0.0,1.0,0.9142492839825435,1
1.0,1.0,0.7822425793921111,1
0.0,1.0,0.9744601457218838,1
1.0,0.0,0.18440297371724437,1
1.0,0.0,0.2663033971699316,1
0.0,1.0,0.8887349738879767,1
1.0,0.0,0.451304865344138,1
0.0,1.0,0.7512623070391763,1
1.0,1.0,0.825435454213485,1
1.0,0.0,0.21000487453523317,1
0.0,1.0,0.5362841410939535,1
1.0,1.0,0.820803242354728,1
0.0,0.0,0.08710137132810139,1
0.0,0.0,0.11759997433652612,0
