y_true,y_pred,y_prob,sensitive_features
1,1,0.9317357408859542,1
1,1,0.9922047268367237,0
1,1,0.9298493591378886,1
1,1,0.9078508207480964,1
1,1,0.8805354767114913,1
1,0,0.3807384642058961,1
1,1,0.8757721965979337,1
1,0,0.11978952639407486,1
1,1,0.9587934989199144,1
0,0,0.4044918431427718,0
0,0,0.46187896080004914,0
0,1,0.6966731013415215,1
1,1,0.5734917359929717,1
1,1,0.94434790664827,1
0,1,0.767935809930629,1
0,1,0.9514647466111347,1
1,1,0.7728588285926191,1
1,1,0.7392254994483849,1
0,1,0.8630736970971948,0
0,0,0.38536966592921884,1
1,0,0.48151708519045633,1
0,1,0.8835877015831263,1
1,1,0.5403481080280208,0
0,1,0.8102835497766463,1
1,1,0.59492244586506,0
0,0,0.416531955270008,1
0,1,0.8289632752610656,1
0,1,0.5749061731440424,1
0,0,0.4733388423942273,1
0,1,0.6059874527362515,0
0,1,0.9374491975600607,1
1,0,0.21232688318093884,1
0,0,0.3065734992776471,0
1,1,0.7133784594773559,1
1,1,0.5736570675033911,1
1,0,0.3006967017851186,0
1,1,0.7587491370768514,1
0,1,0.5207686529533763,1
0,1,0.9437670547520023,1
1,1,0.66628223166753,0
0,0,0.42527056157232235,0
1,0,0.49414333189243553,1
1,1,0.7548684998206482,1
1,0,0.2607500672887737,1
1,1,0.8619389366208771,1
1,1,0.8522392732329397,1
1,1,0.9866812729152601,1
