y_true,y_pred,y_prob,sensitive_features
1,0,0.2705461142566933,1
1,0,0.1273883564392676,1
1,1,0.9904774127792503,1
0,1,0.915038520294441,1
1,1,0.9650113144825352,1
0,1,0.9336503548258263,1
0,0,0.40232757463998037,1
0,1,0.8089698618251159,0
0,1,0.9687121775589156,1
0,0,0.17996006830070946,0
1,0,0.3104177821246421,1
0,1,0.9617919087238916,1
1,1,0.9261871170642567,1
1,0,0.22580669516171967,0
0,1,0.579589905726498,1
1,1,0.95409351690352,1
0,1,0.6572085178025091,1
1,0,0.43710672002287565,1
1,1,0.9610974564636849,1
1,1,0.8498902418822216,0
0,1,0.9852941561770194,1
0,0,0.3042620206912304,1
1,1,0.7922034082254411,1
1,1,0.9742014148948578,1
1,0,0.3142193679334679,1
1,1,0.6213924767252831,1
1,0,0.014751198972246984,0
1,1,0.6328554130995103,0
1,0,0.4648123485112774,1
1,0,0.41753153773203117,1
0,1,0.546908344535445,1
1,0,0.14581856567375276,1
1,0,0.2830499654187348,1
0,0,0.2595336201825593,1
1,1,0.7561793588930426,1
1,1,0.6516265406858835,1
1,0,0.22875841278672318,1
0,0,0.1440342512007604,0
1,1,0.9968978604337799,0
0,1,0.6256706541182296,0
0,0,0.3244840386110219,1
0,1,0.9246807790242189,0
0,1,0.9901927328123079,0
1,1,0.7598537496830388,1
1,1,0.9924698311432919,1
0,0,0.4078427325541913,1
1,1,0.8427871639889489,1
