y_true,y_pred,y_prob,sensitive_features
1,1,0.5765810885282425,1
1,0,0.48876735508435043,1
1,1,0.9479269580904239,1
0,1,0.6803901155895704,1
1,1,0.5621387761502836,1
0,1,0.6510339454897323,1
0,1,0.8138163244158229,1
0,1,0.9171694355556674,0
0,1,0.7867785667834998,1
0,1,0.5542568301059418,0
1,0,0.4069414162136142,1
0,0,0.03232691383876963,1
1,1,0.8632551729665587,1
1,0,0.3490847535029946,0
0,1,0.6403436984805917,1
1,1,0.8465838479605813,1
0,1,0.6619231072811587,1
1,1,0.66322596822856,1
1,1,0.6595579053983464,1
1,1,0.9598601529358126,0
0,1,0.8376320325832766,1
0,1,0.6941363520152674,1
1,1,0.6557390116417676,1
1,1,0.7350192476572478,1
1,1,0.8548232947291874,1
1,1,0.9710641199376857,1
1,0,0.14212551463268377,0
1,1,0.8029298092997056,0
1,0,0.3140561518267158,1
1,1,0.5663803842227947,1
0,1,0.5129148673578813,1
1,0,0.2545218154190105,1
1,0,0.36148775024576496,1
0,0,0.42274448582866014,1
1,1,0.724939429579901,1
1,0,0.1097195438930535,1
1,1,0.5014540057576959,1
0,0,0.22901987677759644,0
1,1,0.9938772025778312,0
0,0,0.013906633996588053,0
0,0,0.20931692552115808,1
0,1,0.7482572448202238,0
0,1,0.5663664123423463,0
1,0,0.46367319870355295,1
1,1,0.956820599426758,1
0,0,0.27902181896495987,1
1,1,0.5781411279987047,1
