y_true,y_pred,y_prob,sensitive_features
0,1,0.8205689202298196,1
1,1,0.8991126478428149,1
1,1,0.5528077718275646,1
1,1,0.9496223097255747,1
1,1,0.8861834210652173,1
0,1,0.6018940391679354,1
1,1,0.8848178291811433,0
1,0,0.3555863569922073,0
0,1,0.6713446813750483,1
0,0,0.45423379446138196,0
0,0,0.36100275224402617,0
1,1,0.948329269799795,1
0,1,0.8896940453927368,1
0,1,0.8308107824140976,1
0,0,0.19525845181068271,1
1,1,0.9522902112213649,1
1,1,0.9807796499901774,1
0,0,0.41771032890274523,1
1,1,0.599989574384622,1
1,1,0.5902517654870549,1
0,1,0.8540335308505167,1
0,0,0.08110301829383965,0
1,0,0.21328438730843793,1
1,1,0.6306661301783594,1
1,1,0.7937755935331284,1
0,1,0.8556157604758512,1
0,0,0.37000965831456967,1
1,0,0.1558987246240385,1
1,1,0.9728126744628154,1
1,1,0.8405383172430511,1
1,1,0.9801666450564787,1
1,1,0.5050489753236949,1
0,1,0.7571480716254655,0
1,1,0.7696025907612258,1
1,0,0.4715347400965361,1
0,0,0.08962118738840717,0
1,0,0.178367835917921,1
1,0,0.4598908962383304,0
0,1,0.8438044501307281,1
0,0,0.11824285538088142,0
0,1,0.8973609073086007,1
1,1,0.9563894609078932,1
0,1,0.8213413848334143,1
1,1,0.8605666045684948,0
1,0,0.4997390906717541,1
1,1,0.9318237890565013,1
1,1,0.572267547363812,0
