y_true,y_pred,y_prob,sensitive_features
0,1,0.6248982268925002,1
0,0,0.46403807978586853,0
1,1,0.5572782072877088,1
0,1,0.7084650143917568,1
1,1,0.613820490680327,0
0,1,0.5445418774539494,0
0,1,0.6542714413976325,1
0,0,0.4548676359944661,1
1,1,0.62976271183026,1
0,1,0.7280804348058413,1
0,0,0.508178741941006,0
1,0,0.3962170169402732,1
1,1,0.6683651730731497,1
0,0,0.4837300163236854,1
1,1,0.5994283508814474,1
0,1,0.5614503292951628,1
0,0,0.5249299903682207,1
0,1,0.6448554479263133,1
1,0,0.4904663132983099,1
1,1,0.6538959313955436,1
0,0,0.46546785512743205,1
1,1,0.6784915046969845,1
1,0,0.5,1
1,0,0.5270370701557753,1
1,1,0.5642962438915847,1
0,1,0.6630065386381395,1
1,1,0.5986929786125293,1
1,1,0.6339776464037681,1
0,0,0.5179548888192873,1
1,1,0.5548912811846985,0
1,1,0.5800277776041276,0
1,1,0.6370194970220427,1
0,1,0.6238047554051523,0
1,1,0.7253618484765804,0
1,1,0.580495748024999,1
1,1,0.6616034348598173,0
1,1,0.6218179901157465,1
1,1,0.5477319293433882,1
1,1,0.6468527475811716,1
0,1,0.537656078415783,0
1,1,0.671590642917071,1
1,0,0.5056017186850419,1
1,0,0.5,1
1,1,0.5936809448117659,1
0,0,0.49279540118872844,1
0,1,0.5378201430486735,0
1,1,0.6502172033831626,1
