y_true,y_pred,y_prob,sensitive_features
1,1,0.6465402349830054,1
1,1,0.6335116127989999,0
1,1,0.6382234378532322,1
1,1,0.6123192171734682,1
1,1,0.6013173008953455,1
1,0,0.5578482321191929,1
1,1,0.6424301780361752,1
1,0,0.5336360297706632,1
1,1,0.581437035351738,1
0,0,0.5453375991149508,0
0,0,0.5683086470282724,0
0,1,0.5776873562378038,1
1,1,0.6020331035250488,1
1,1,0.6367247899255463,1
0,1,0.5822885226298763,1
0,1,0.6288538461365427,1
1,0,0.5621219625302701,1
1,1,0.6258322176269732,1
0,0,0.5321045994636108,0
0,1,0.6275434754158278,1
1,1,0.5913556336157024,1
0,1,0.6167981498603072,1
1,1,0.6376809433844676,0
0,1,0.613246055368427,1
1,1,0.622069534724169,0
0,0,0.5484183570380063,1
0,1,0.5869313522372351,1
0,1,0.5951834269240796,1
0,1,0.5827033415961173,1
0,1,0.6078229995672055,0
0,1,0.6238844270833442,1
1,0,0.5436248637580351,1
0,1,0.6048717668336975,0
1,1,0.6039965047529573,1
1,1,0.6075358262016437,1
1,1,0.6015092017117533,0
1,1,0.5838093096491265,1
0,0,0.5547378526345502,1
0,1,0.6415016640626682,1
1,1,0.6008563617380585,0
0,1,0.618492022807935,0
1,1,0.6086468291818203,1
1,1,0.6315910833446062,1
1,1,0.5808589822319972,1
1,1,0.6336756236128482,1
1,1,0.6174791527220161,1
1,1,0.6198193082173455,1
