y_true,y_pred,y_prob,sensitive_features
0,1,0.9148092336530605,1
1,1,0.9094196362202406,1
0,0,0.09667926478854687,0
0,0,0.27768467139216735,1
1,1,0.8158884247165649,0
1,1,0.7986187184730584,1
1,1,0.8738378158590764,1
0,1,0.7708296793471104,1
1,1,0.9851873236525778,1
1,0,0.3407459538190523,1
1,1,0.8779453562711858,1
1,1,0.5982637994074218,1
1,1,0.9898428118726635,1
1,1,0.8391465438743627,1
1,1,0.5080237041101435,0
0,1,0.6763571779097168,1
0,1,0.5000050763043724,0
0,0,0.410016358353328,1
1,1,0.6658276516448387,0
1,0,0.03268082320708116,0
1,0,0.4796643940337684,0
0,0,0.16332040015545043,0
1,1,0.7869469350342069,1
1,1,0.7933163554979551,1
1,1,0.9895780493608479,1
0,0,0.34233412791997514,1
0,1,0.8963570174619387,0
1,1,0.5237837927687377,1
1,1,0.6371865078837626,1
1,1,0.6741756051132021,1
1,1,0.7698859582101667,1
0,1,0.7528274383422378,1
0,0,0.18709737237210086,0
0,1,0.9676152620478052,1
1,1,0.8588040067409904,1
0,1,0.939533956643617,1
1,1,0.5922764080308504,1
1,1,0.8751651923256468,1
0,1,0.8439752664265832,1
1,1,0.9107212616959437,1
0,1,0.709707559356148,1
1,1,0.8504335951682462,1
1,1,0.8202164968609489,1
0,1,0.8754646039863014,1
1,1,0.569549341721779,1
0,1,0.6582242980818186,1
0,0,0.02882968832299136,0
