y_true,y_pred,y_prob,sensitive_features
0,1,0.8123153968938576,0
1,1,0.9483808523929582,1
0,0,0.4333555823009202,0
1,1,0.6974879553380512,1
1,1,0.5078649359175761,1
1,1,0.8701023238164003,1
1,1,0.6887304841993028,1
1,1,0.9943518824177214,1
1,1,0.924678470211422,1
0,0,0.21171541129040106,1
0,1,0.9143265577550982,1
0,1,0.7192997817172193,1
0,1,0.9124934999447503,0
1,0,0.28739345828009677,1
0,1,0.9578212671300228,1
1,1,0.9945639802094055,0
0,0,0.020894555650239375,1
1,1,0.991270042256477,1
1,0,0.4102680803645517,0
1,1,0.523910757341829,1
0,1,0.8668698129853988,0
0,0,0.10506546688812482,0
0,0,0.4420135622455239,1
1,1,0.5387736456717398,1
1,1,0.871287526871478,1
1,1,0.6243455695273635,0
0,0,0.3444021616402067,1
0,1,0.7317887972384541,1
1,1,0.985956667904146,1
0,1,0.8907493776098063,1
1,1,0.9984486691577147,0
1,0,0.3822791034590086,1
1,1,0.6574054543544595,1
1,1,0.9657642616379166,1
0,1,0.6484195709536792,0
0,1,0.587293438587352,1
0,1,0.9509265748111879,1
1,1,0.9672881286437716,0
1,1,0.5553613506177938,1
1,1,0.5559585279750024,1
1,0,0.03926793685397441,1
1,1,0.9344870827045462,1
1,0,0.010832245386021865,1
0,1,0.827670401631801,1
0,1,0.9858456914481244,1
1,1,0.5924851638110746,1
1,1,0.9983439771920961,1
