y_true,y_pred,y_prob,sensitive_features
0,1,0.7765405712412615,1
1,1,0.8114292454515079,1
1,1,0.5416308483480637,1
1,1,0.7645667671841601,1
1,1,0.8784195744451163,1
0,1,0.5355788117541812,1
1,1,0.7906959555647999,0
1,0,0.3533661349334742,0
0,1,0.815886456077665,1
0,0,0.377282101464291,0
0,0,0.34310331981882797,0
1,1,0.7607744353138991,1
0,1,0.8343220509292782,1
0,1,0.7301365319245567,1
0,0,0.43339883037331617,1
1,1,0.7759792334869123,1
1,1,0.9096156664138703,1
0,1,0.6445282538139931,1
1,1,0.4394062781912696,1
1,1,0.6810663428312411,1
0,1,0.8674817686515717,1
0,1,0.4384880163097434,0
1,0,0.2018527681822595,1
1,1,0.8353565393788976,1
1,1,0.7284936437242664,1
0,1,0.7297672029458807,1
0,1,0.4794959564419014,1
1,0,0.21475023532689147,1
1,1,0.9197495019311431,1
1,1,0.7421987221414328,1
1,1,0.8506062342277105,1
1,1,0.49040483648873723,1
0,1,0.47458276044384146,0
1,1,0.694905246765003,1
1,0,0.3814614688942059,1
0,0,0.1588986023838282,0
1,0,0.21472273017113447,1
1,0,0.3939603633303809,0
0,1,0.8738594764084768,1
0,0,0.18825400297815503,0
0,1,0.8370797302502324,1
1,1,0.8109971253784132,1
0,1,0.5,1
1,1,0.6361913548226636,0
1,1,0.747786687905259,1
1,1,0.6234487479256831,1
1,1,0.640803186754753,0
