y_true,y_pred,y_prob,sensitive_features
0.0,1.0,0.5657634054116908,0
1.0,1.0,0.6917507900124473,1
0.0,1.0,0.5817411274587426,0
1.0,1.0,0.6047515895308505,1
1.0,1.0,0.6056697851192153,1
1.0,1.0,0.6164356444702395,1
1.0,1.0,0.6432759697852805,1
1.0,1.0,0.6611067650163827,1
1.0,1.0,0.709402999821484,1
0.0,1.0,0.5914816940673514,1
0.0,1.0,0.6132705072794724,1
0.0,1.0,0.6254144421858063,1
0.0,1.0,0.5960074640351267,0
1.0,1.0,0.6121387131000179,1
0.0,1.0,0.6127423553326617,1
1.0,1.0,0.5987046609066636,0
0.0,1.0,0.5646403786677657,1
1.0,1.0,0.6245426236958367,1
1.0,1.0,0.5767856947221428,0
1.0,1.0,0.618352541805837,1
0.0,1.0,0.5911306916876544,0
0.0,1.0,0.57701522920189,0
0.0,1.0,0.5724681479827579,1
1.0,1.0,0.6869298515802216,1
1.0,1.0,0.6027920658385592,1
1.0,1.0,0.592663830703801,0
0.0,1.0,0.6003562961126134,1
0.0,1.0,0.7034523276008151,1
1.0,1.0,0.6338792794831106,1
0.0,1.0,0.6170465617441422,1
1.0,1.0,0.6721946313901078,0
1.0,1.0,0.5876846325302317,1
1.0,1.0,0.6253102352031846,1
1.0,1.0,0.7062339596724129,1
0.0,0.0,0.5325713905420345,0
0.0,1.0,0.6308625413599204,1
0.0,1.0,0.6776250933432764,1
1.0,1.0,0.6143317278951959,0
1.0,1.0,0.6118845316531641,1
1.0,1.0,0.6126700224941866,1
1.0,1.0,0.6087812974845115,1
1.0,1.0,0.6207446157164944,1
1.0,1.0,0.5847013632609395,1
0.0,1.0,0.5913521775450936,1
0.0,1.0,0.6763174936995767,1
1.0,1.0,0.6397163325215656,1
1.0,1.0,0.7505749117817768,1
