y_true,y_pred,y_prob,sensitive_features
1,0,0.10418038532855065,1
1,0,0.43794015398700875,1
1,1,0.939959606813866,1
0,1,0.5121418701691682,1
1,1,0.9096463499005617,1
0,1,0.9117015809555902,1
0,0,0.4513646154697962,1
0,0,0.3887909857286723,0
0,1,0.7163006628472613,1
0,0,0.4019926574812348,0
1,0,0.43794703329687457,1
0,1,0.8512269194443933,1
1,1,0.9595834960073923,1
1,1,0.72251101898252,0
0,1,0.6632019381641685,1
1,1,0.7643832727922443,1
0,1,0.618672931811704,1
1,1,0.7021681228998752,1
1,1,0.6314319037669321,1
1,1,0.8760103666115566,0
0,1,0.7189250343848299,1
0,0,0.21157047667927523,1
1,1,0.723874802784524,1
1,1,0.8911410471773887,1
1,0,0.4382437394807425,1
1,1,0.8188694234838492,1
1,0,0.1205879515828379,0
1,1,0.5998943982753453,0
1,0,0.21936398944177227,1
1,0,0.4686660837977629,1
0,1,0.5077984970576482,1
1,0,0.1810887687971454,1
1,0,0.2395649000889087,1
0,0,0.15454429051805424,1
1,1,0.5944181910937887,1
1,0,0.2738413395918449,1
1,0,0.34776230534998964,1
0,0,0.24368851062372285,0
1,1,0.9892159336039241,0
0,0,0.22452649422836307,0
0,0,0.2635291980726758,1
0,1,0.8687023154398265,0
0,1,0.9164449409764055,0
1,1,0.5951613992731546,1
1,1,0.9723144066528537,1
0,0,0.16394157410192683,1
1,1,0.5489575019993489,1
