y_true,y_pred,y_prob,sensitive_features
0,1,0.6394711827842168,1
1,1,0.9151417087479862,1
0,0,0.2738832711270073,0
0,1,0.6127575290496908,1
1,1,0.6947111029257916,0
1,1,0.8219503098804617,1
1,1,0.8458079099808463,1
0,1,0.8404675574928898,1
1,1,0.76982617854515,1
1,1,0.6321954120521877,1
1,1,0.8601390406730192,1
1,1,0.8264566655442158,1
1,1,0.9269317261833369,1
1,1,0.8373007841882448,1
1,1,0.5451662095491746,0
0,1,0.6843833632882228,1
0,1,0.48700802217078293,0
0,1,0.7664098195351078,1
1,1,0.6510271083778815,0
1,0,0.2995329466559696,0
1,0,0.4670032991302265,0
0,0,0.19001388011965367,0
1,1,0.7665334440132673,1
1,1,0.8375085854488298,1
1,1,0.9407618037148942,1
0,1,0.638249494446783,1
0,1,0.5999682033625237,0
1,1,0.6114976896310023,1
1,1,0.7569592638855405,1
1,1,0.7870657586174116,1
1,1,0.6316386554217596,1
0,1,0.7942660261531894,1
0,0,0.2355485844849187,0
0,1,0.7915390602311148,1
1,1,0.8434605355883483,1
0,1,0.884533310307842,1
1,1,0.7182388778391665,1
1,1,0.8139451761574351,1
0,1,0.8453168483742054,1
1,1,0.6567339269077656,1
0,1,0.7256751632331317,1
1,1,0.8704411459345477,1
1,1,0.6242595615699442,1
0,1,0.7236047503479177,1
1,1,0.653186567508468,1
0,1,0.7467888895013152,1
0,0,0.08414996375225399,0
