y_true,y_pred,y_prob,sensitive_features
1,1,0.5991744824678368,1
0,1,0.6327050182915036,1
1,1,0.9345243432101149,1
0,0,0.16969529727042545,0
1,0,0.06328167526182617,0
0,0,0.24448085669945638,0
1,0,0.4143916225083842,1
0,0,0.09353849759775464,1
0,1,0.7882879224645684,1
1,0,0.4944859289475652,1
1,1,0.990483150525047,1
1,0,0.24263912301454763,1
1,0,0.4249321059691735,1
1,0,0.4759056659668804,1
1,1,0.8420659041412603,1
1,1,0.9176627416850073,1
1,1,0.8819462664456451,1
0,1,0.8522992425640811,1
1,1,0.9727154376043685,1
1,0,0.22990089261858834,1
1,1,0.6882119585941139,1
1,1,0.9996122851784741,1
0,1,0.554360588320058,1
0,1,0.908173926291293,1
0,0,0.4410604164047412,0
0,1,0.5627432753144619,1
1,0,0.044272792956939755,0
1,0,0.4047841433914132,1
0,1,0.9730429805178006,1
1,1,0.7971169269162804,0
1,1,0.8375607761622547,1
0,0,0.03312232038392725,0
0,0,0.2823371810178498,1
1,1,0.9072804199684406,1
0,0,0.06239818287704214,0
0,0,0.38180047571703435,1
1,1,0.7680662611645963,1
1,1,0.625464203472017,1
0,1,0.9410761661371662,1
1,0,0.4464678520017317,0
1,1,0.8771061887760321,1
1,1,0.5799111108458569,0
1,1,0.534796400654734,1
0,1,0.8054438327388561,1
1,0,0.43234115080477814,1
0,0,0.44264672193597915,1
0,0,0.016644775924831497,0
