y_true,y_pred,y_prob,sensitive_features
0,1,0.6331401587120938,1
0,0,0.5506831074217567,0
1,1,0.573913751684068,1
0,1,0.6864493213901445,1
1,1,0.5994856348877842,0
0,1,0.5685708365565917,0
0,1,0.6409400277099623,1
0,0,0.5,1
1,1,0.6632223782172137,1
0,1,0.7001314920689459,1
0,0,0.5583739530847656,0
1,0,0.46307269774432025,1
1,1,0.6759299673364288,1
0,0,0.5360028644348932,1
1,1,0.6089297787017078,1
0,1,0.60666339354826,1
0,0,0.5460558988119448,1
0,1,0.6287998650757993,1
1,0,0.5216841358993698,1
1,1,0.6354069999208135,1
0,0,0.5,1
1,1,0.6512186138659993,1
1,0,0.5432169975111849,1
1,1,0.5697540180954468,1
1,1,0.6156142261541541,1
0,1,0.6701793280547891,1
1,1,0.6174658739592724,1
1,1,0.6595762045034078,1
0,0,0.5520006821731764,1
1,1,0.5927487824374293,0
1,0,0.5427036586928915,0
1,1,0.6376790867679107,1
0,1,0.5694083639863483,0
1,1,0.6789880191665512,0
1,1,0.5643784867933012,1
1,1,0.6542406690442772,0
1,1,0.6141382805039043,1
1,1,0.577039369099773,1
1,1,0.6313755159437059,1
0,1,0.5876041729100204,0
1,1,0.6560520169047716,1
1,0,0.5608911554716463,1
1,0,0.5232968611341419,1
1,1,0.6292990372982443,1
0,0,0.5251060816993156,1
0,1,0.5685182052775286,0
1,1,0.6246698044421632,1
