y_true,y_pred,y_prob,sensitive_features
0,1,0.5260879786075848,0
1,1,0.7637004560173192,1
0,0,0.24372819256642705,0
1,1,0.5788913620832368,1
1,1,0.5241350006368581,1
1,1,0.8325040502665881,1
1,1,0.8083402899984697,1
1,1,0.9229853902186914,1
1,1,0.88959172266333,1
0,1,0.5424409679296734,1
0,1,0.8505484569924986,1
0,1,0.673024873201816,1
0,1,0.6218726031431056,0
1,1,0.5112426006937292,1
0,1,0.7750908698705357,1
1,0,0.44913475612422116,0
0,0,0.4571901826464117,1
1,1,0.7893261813117484,1
1,1,0.5075267427867548,0
1,1,0.6859111890067634,1
0,1,0.5206334369338399,0
0,1,0.5090003263019807,0
0,1,0.9671780260650362,1
1,1,0.6875003575834503,1
1,1,0.8022916706761191,1
1,0,0.21574228763545633,0
0,0,0.2890320533150035,1
0,1,0.6824685690372927,1
1,1,0.9517003290493713,1
0,1,0.6225583440575309,1
1,1,0.9177113836125875,0
1,1,0.756746388712488,1
1,1,0.7615398668615904,1
1,1,0.9156973374886406,1
0,0,0.37296692868574033,0
0,1,0.5585071407412436,1
0,1,0.8261086134690913,1
1,1,0.7860570509963675,0
1,1,0.564490586247072,1
1,1,0.5843023845768848,1
1,0,0.36461240383071614,1
1,0,0.42133558080913586,1
1,0,0.3753920384094046,1
0,1,0.5254806206733282,1
0,1,0.8724530755656548,1
1,1,0.8020004573136241,1
1,1,0.9525213297294352,1
