y_true,y_pred,y_prob,sensitive_features
1,0,0.5357338605488777,1
1,1,0.5494364693760312,1
1,1,0.5704912347905458,1
0,1,0.5445091163461313,1
1,1,0.550491615437318,1
0,1,0.5547378953735167,1
0,0,0.5300581405529337,1
0,1,0.5619111476597216,0
0,1,0.5527430092966303,1
0,0,0.5285155298659565,0
1,1,0.551130798314335,1
0,0,0.5314438061313382,1
1,1,0.5727988985259904,1
1,0,0.5287476393088557,0
0,0,0.5291805624245925,1
1,1,0.5532650288016212,1
0,1,0.5666017733083645,1
1,0,0.5300616858102872,1
1,1,0.5521907980397571,1
1,1,0.5529177290270775,0
0,1,0.5583095584056812,1
0,0,0.5302093409338612,1
1,0,0.5357901880800154,1
1,1,0.5519535851108086,1
1,1,0.5435152905289481,1
1,1,0.558027855486627,1
1,0,0.5085577820794895,0
1,1,0.5648811866131135,0
1,0,0.5124091173341917,1
1,1,0.5696517917501384,1
0,1,0.5430642869785023,1
1,1,0.5486005147675733,1
1,0,0.5281427316207866,1
0,0,0.5190012532098421,1
1,1,0.5530982870356904,1
1,1,0.547419635053212,1
1,0,0.5260855435539137,1
0,1,0.5629747837311938,0
1,1,0.5602728074489274,0
0,0,0.4935060379901926,0
0,0,0.5324369350644101,1
0,1,0.5506655347211492,0
0,1,0.5725579536832134,0
1,1,0.5438803294916331,1
1,1,0.5467246345747258,1
0,0,0.5321089307693598,1
1,1,0.5430567182431599,1
