y_true,y_pred,y_prob,sensitive_features
1,1,0.8469023896072067,1
0,0,0.3062371304169462,1
1,1,0.7480193822742306,1
0,0,0.08213221311871255,0
1,0,0.429486074692391,0
0,0,0.04240984731829808,0
1,0,0.0773384915605868,1
0,0,0.06994827816833953,1
0,0,0.36048535427842227,1
1,0,0.48876547583093755,1
1,1,0.9376706209885783,1
1,1,0.5484063179154223,1
1,0,0.3845893051881535,1
1,1,0.8334371114454596,1
1,1,0.8592030330483202,1
1,0,0.20209860341323294,1
1,1,0.9320296397174456,1
0,1,0.9691348500497825,1
1,1,0.9525854631707498,1
1,0,0.3703711331399037,1
1,1,0.8109814946741255,1
1,1,0.9923250185760422,1
0,0,0.03499415473382981,1
0,1,0.8191211322945166,1
0,1,0.5749982529094174,0
0,1,0.7913258391265326,1
1,0,0.04776097657312266,0
1,1,0.8391055656645039,1
0,1,0.931643683968216,1
1,1,0.5400888355208809,0
1,1,0.9389644457104989,1
0,0,0.14517518353805445,0
0,1,0.8905913948847063,1
1,1,0.8241905356654566,1
0,0,0.32139502725205665,0
0,1,0.8231225830426444,1
1,1,0.7311623441504572,1
1,1,0.9631261508126604,1
0,1,0.975578327103042,1
1,0,0.1757129239764742,0
1,1,0.9765415468582191,1
1,1,0.8992725539877722,0
1,0,0.4800055323907652,1
0,1,0.9001606616530018,1
1,1,0.915125419582911,1
0,0,0.4066992854406201,1
0,0,0.042317392659822435,0
