y_true,y_pred,y_prob,sensitive_features
0,1,0.7137914771341979,1
0,0,0.3478802750218198,0
1,1,0.5354371619053204,1
0,1,0.8369054191887288,1
1,1,0.5767693840825125,0
0,0,0.32876896751564055,0
0,1,0.7440776398667671,1
0,0,0.441068644533286,1
1,1,0.8158693892487293,1
0,1,0.8415494459369269,1
0,0,0.17702495130969362,0
1,0,0.3334839343918087,1
1,1,0.843582725905946,1
0,1,0.47910436607598295,1
1,1,0.7673641967485436,1
0,1,0.6473395666285751,1
0,1,0.6181602311308348,1
0,1,0.7142882501666534,1
1,1,0.5459716526571434,1
1,1,0.7322240471571,1
0,0,0.3890406345848101,1
1,1,0.7707838274239849,1
1,1,0.6237203558554537,1
1,1,0.6205383865592544,1
1,1,0.6712498562176616,1
0,1,0.8157214981818256,1
1,1,0.7380036497547179,1
1,1,0.7503502765180831,1
0,1,0.6845638459766846,1
1,0,0.36038675074814974,0
1,0,0.29450487236861184,0
1,1,0.7738496332382095,1
0,0,0.30600015368039724,0
1,1,0.7390465906176515,0
1,1,0.607290432831879,1
1,1,0.8245347435044152,0
1,1,0.6345285993761525,1
1,1,0.5075055165596428,1
1,1,0.7294928121094427,1
0,1,0.5402818295029341,0
1,1,0.832045869246801,1
1,1,0.6595347789336679,1
1,1,0.4813440787587019,1
1,1,0.6701076718590653,1
0,1,0.4738412514051509,1
0,0,0.3455091953133055,0
1,1,0.6302452982725381,1
