y_true,y_pred,y_prob,sensitive_features
1,1,0.6387123880157641,1
0,1,0.6338346810877273,1
1,1,0.5841242624245205,1
0,0,0.40965758020019927,0
1,0,0.5154226411191372,0
0,0,0.5,0
1,0,0.5,1
0,0,0.43632436734153895,1
0,1,0.6517839036257549,1
1,1,0.5951822108330892,1
1,1,0.7370984481825605,1
1,1,0.5593069731593362,1
1,0,0.5230182207489709,1
1,1,0.6758678200412346,1
1,1,0.5871472548585444,1
1,0,0.48067636533807623,1
1,1,0.6293337341727829,1
0,1,0.614295651173137,1
1,1,0.6093473424517198,1
1,0,0.5,1
1,1,0.6501195607776347,1
1,1,0.6511268149231368,1
0,1,0.5662601037529513,1
0,1,0.6345270034940114,1
0,0,0.5301738459793105,0
0,1,0.6459241379348716,1
1,0,0.5151636733617514,0
1,1,0.6201988063278713,1
0,1,0.6611475515010637,1
1,1,0.5702480499661694,0
1,1,0.6477897258931855,1
0,0,0.5,0
0,0,0.5362025239949161,1
1,1,0.6059178781544098,1
0,0,0.4286697180663662,0
0,0,0.5,1
1,1,0.6416224345839191,1
1,1,0.6734161967502672,1
0,1,0.6467548257022976,1
1,0,0.4197171362258625,0
1,1,0.6398359201424799,1
1,1,0.6771226646991757,0
1,0,0.45789285290813897,1
0,1,0.6895855529334458,1
1,1,0.5540636775403782,1
0,1,0.581792376172389,1
0,0,0.4438359175888253,0
