y_true,y_pred,y_prob,sensitive_features
1,1,0.9091979366024787,1
1,1,0.5183055342698037,1
0,0,0.11714988486300307,0
0,1,0.8853647612210744,1
1,0,0.3059996164956347,0
0,0,0.13421722882457443,0
1,1,0.8658886226725157,1
1,0,0.04461949129285443,0
0,0,0.25770178369522173,0
1,1,0.9626700071733107,1
1,1,0.9448519317680267,1
0,1,0.6238211057718349,1
1,1,0.9350510277268365,1
1,1,0.6899989979742144,1
1,1,0.8116578423371116,1
0,1,0.6115189354699021,1
1,1,0.8282185093112712,0
0,1,0.6063091951109084,1
0,0,0.3085737650749347,0
1,0,0.2980392024365317,1
0,0,0.11836183887943819,0
1,1,0.8681385538348394,1
1,1,0.8096894298204678,1
0,1,0.9371021267362639,1
1,1,0.8325453956868326,1
1,1,0.9687949029632862,1
0,1,0.6788535593242687,1
1,1,0.8525960629328664,1
1,1,0.8245535033503689,1
1,1,0.6237659092403995,1
0,1,0.7319573803451634,1
1,0,0.1596408946584171,1
0,1,0.7636693099656254,1
1,1,0.797007798827471,0
0,0,0.26439393001785905,1
1,0,0.11280832215155868,1
0,1,0.7552557551651385,1
1,1,0.950894524727953,1
1,1,0.5624792352965833,1
1,1,0.7461136753787824,1
1,1,0.5210696650951616,1
0,1,0.5552996481084157,1
0,1,0.8617443908032835,1
0,1,0.7232119649948422,0
1,0,0.15410028798568062,0
0,1,0.9541726744103949,1
1,1,0.8533527837857382,1
