y_true,y_pred,y_prob,sensitive_features
1,1,0.626389202652678,1
0,1,0.7380341012265312,1
1,1,0.584220415095369,1
0,0,0.446699225560953,0
1,0,0.16273581961344627,0
0,0,0.4223686720278861,0
1,1,0.749406538834556,1
0,0,0.3169421261868959,1
0,1,0.8065267962527191,1
1,0,0.40470898398292604,1
1,1,0.7111730434312756,1
1,1,0.6006500820951163,1
1,1,0.5814750691930436,1
1,0,0.43835998868034587,1
1,1,0.639684910688456,1
1,1,0.5404220039892785,1
1,0,0.4979731983061622,1
0,1,0.8075987868899568,1
1,1,0.8525928103453491,1
1,1,0.6122473446287515,1
1,0,0.3997103703118374,1
1,1,0.9752586760284743,1
0,0,0.4258818098167318,1
0,1,0.8223726092915841,1
0,0,0.36274535136688724,0
0,1,0.6201113521224619,1
1,0,0.38015770576980457,0
1,0,0.36277152061029105,1
0,1,0.8567353332291275,1
1,0,0.48278415178403833,0
1,1,0.609153627911506,1
0,0,0.2388106367989349,0
0,0,0.16143273538690947,1
1,1,0.8149648073557327,1
0,0,0.4867433401538935,0
0,0,0.21790016370519705,1
1,0,0.49771751919716395,1
1,1,0.5968454519174156,1
0,1,0.7777313970285573,1
1,0,0.3168139720632816,0
1,1,0.8701345757690485,1
1,0,0.3457112837140821,0
1,1,0.5871036697619989,1
0,0,0.3901454307202504,1
1,1,0.5753496636427279,1
0,1,0.6166753935604204,1
0,0,0.14439407648871133,0
