y_true,y_pred,y_prob,sensitive_features
0,0,0.07126121736862885,0
1,0,0.2925755443953506,1
1,1,0.7736920045451098,1
1,1,0.6681002207719291,1
0,0,0.4723170841437711,1
1,1,0.9764859501268317,1
0,1,0.7134528277127963,1
0,0,0.2891454311050921,1
1,0,0.4150230649742982,1
0,1,0.6914336164886913,0
0,1,0.756844818355494,1
0,1,0.8243910146175449,1
1,1,0.7368581196154694,1
1,1,0.7674196090801294,1
1,1,0.6955484821688812,1
1,1,0.7426077222258423,1
0,0,0.3130401460395163,1
1,1,0.5655873814184962,1
0,0,0.1253515962986121,0
1,1,0.9760175033832026,1
0,1,0.5914606180545404,1
1,1,0.6449623798607792,0
0,0,0.1810803326316112,1
0,1,0.9055999529306421,1
1,1,0.6632879065150893,0
1,0,0.22123663466640223,1
0,1,0.9871435252437305,1
1,1,0.591110822557256,1
1,1,0.9323336254319139,1
0,0,0.25742468999992163,0
0,0,0.26679820722072517,0
1,1,0.9158438666393816,1
1,1,0.9198797451112951,1
0,0,0.43054514875275524,1
0,1,0.7046470872768863,1
1,1,0.7501354507028701,1
0,0,0.17060272536463392,1
1,1,0.9559364283121855,1
1,0,0.14764959580455098,1
0,0,0.45293342495887606,0
1,1,0.6482480251405779,1
1,1,0.9259216373383545,0
1,1,0.7406400540604289,1
1,1,0.6196158850240852,1
1,1,0.976374023715145,1
1,1,0.98159541288401,0
1,1,0.5138342788470273,0
