y_true,y_pred,y_prob,sensitive_features
1,1,0.6631686159023309,1
1,1,0.7554465000541822,0
0,1,0.6197789402538825,1
0,1,0.7427314078135988,1
0,0,0.4880912023205233,0
1,1,0.7250298997412328,1
0,1,0.5526098952843929,1
0,0,0.5346470655655992,1
1,1,0.9016119881317729,1
1,0,0.2694917532475066,1
0,1,0.633124038410201,1
1,1,0.6811191482831422,1
1,1,0.5488167588359493,1
1,1,0.8399640738870969,0
1,1,0.5978553494699566,0
0,0,0.3106869574500472,1
1,1,0.6190997138929684,1
0,1,0.6928628206521318,1
1,1,0.6549698569170265,1
1,1,0.5657361280146056,1
1,1,0.7156468097536006,1
0,1,0.5467860000834011,0
0,0,0.4143891229693496,1
1,0,0.33435205370422094,0
0,1,0.8673859971576549,1
0,1,0.6463560593462625,1
1,0,0.42200916362907703,1
0,0,0.5,0
1,0,0.5,1
1,1,0.7047347985410246,1
1,1,0.6394538237594733,1
1,1,0.7913607889191839,0
1,0,0.46466245067081363,1
0,1,0.6873336019643398,1
1,0,0.31322481059056745,1
1,1,0.6608443906751346,1
0,0,0.28862072919019677,1
0,0,0.42107121015102045,0
0,0,0.25622897184307425,0
1,0,0.4661348101175189,1
1,1,0.775664651447863,1
1,1,0.6369741969835471,1
1,1,0.5443079363244899,1
1,0,0.22354834368130572,1
0,1,0.5758642342758657,1
1,1,0.7089932528384105,1
0,1,0.7509889805930544,0
