y_true,y_pred,y_prob,sensitive_features
0,1,0.6528484174667115,1
1,1,0.7854690051351423,1
1,1,0.549642551612767,1
1,0,0.4677347366735479,1
1,1,0.8644775715838842,1
0,1,0.599424117866509,1
1,1,0.7040315968616744,0
1,0,0.24037019078609093,0
0,1,0.6946457062386956,1
0,1,0.5396552364322806,0
0,0,0.15258826745016038,0
1,0,0.4309659051441682,1
0,1,0.6959031367192555,1
0,1,0.6866066409631054,1
0,1,0.5493748536134543,1
1,1,0.7791295448651727,1
1,1,0.6091213719730676,1
0,1,0.6475223985563965,1
1,1,0.6468210345497224,1
1,1,0.813543620849464,1
0,1,0.8694745111417587,1
0,1,0.7423398083091397,0
1,0,0.49949236449333934,1
1,0,0.44927793008010186,1
1,1,0.7883633707225799,1
0,1,0.6616352321274005,1
0,0,0.398653057137742,1
1,1,0.5681196799911259,1
1,1,0.8459239591171677,1
1,0,0.46525471600399493,1
1,1,0.6329424781761296,1
1,0,0.48305290124186523,1
0,1,0.6800021482421673,0
1,1,0.5433168189780464,1
1,1,0.8236993553746701,1
0,1,0.7549085162319101,0
1,0,0.33273266466473067,1
1,0,0.3706871966749971,0
0,1,0.6336339556183468,1
0,0,0.12328933230577191,0
0,1,0.7008599971193848,1
1,0,0.4890348231103931,1
0,1,0.5028867753350994,1
1,1,0.760245693187835,0
1,1,0.5252076413839174,1
1,0,0.2341596038410683,1
1,0,0.25299044325856535,0
