y_true,y_pred,y_prob,sensitive_features
1,1,0.6610121917267648,1
0,1,0.5753882704617543,1
1,1,0.7393345850271545,1
0,0,0.12637926253803172,0
1,0,0.2514223488762849,0
0,0,0.2033926909898545,0
1,0,0.3431808307431907,1
0,0,0.2586018099586293,1
0,1,0.6824082559517247,1
1,1,0.5783533394548475,1
1,1,0.9443463849026318,1
1,1,0.5084758532925588,1
1,0,0.3391169817584176,1
1,1,0.6841971302189048,1
1,1,0.6118367442366063,1
1,1,0.6156710032741083,1
1,1,0.7863830862215293,1
0,1,0.9460818029624891,1
1,1,0.9383035092322374,1
1,0,0.39871988568132966,1
1,1,0.9164863480497875,1
1,1,0.9989709668465669,1
0,1,0.6086065106090248,1
0,1,0.7854715124915602,1
0,0,0.42302432717147564,0
0,1,0.751730349888564,1
1,0,0.14716667099330802,0
1,1,0.6183641851808401,1
0,1,0.945006602433251,1
1,1,0.5583124076270193,0
1,1,0.7946779751964791,1
0,0,0.16697606120104644,0
0,0,0.45061643557106057,1
1,1,0.7456335425193553,1
0,0,0.11574628284029181,0
0,1,0.5277522412372617,1
1,1,0.7053025420180967,1
1,1,0.8038365997500446,1
0,1,0.8387810060370974,1
1,0,0.3163122074959801,0
1,1,0.7750529517652343,1
1,1,0.6532722485625507,0
1,0,0.3995774746861079,1
0,1,0.8205849440868388,1
1,0,0.44713356721074404,1
0,0,0.4648629522428873,1
0,0,0.08489455881867354,0
