y_true,y_pred,y_prob,sensitive_features
1,1,0.6738186855284912,1
0,1,0.5958380132776556,1
1,1,0.749774457244783,1
0,0,0.2170197929474412,0
1,0,0.4223474698244978,0
0,0,0.2571452991139559,0
1,0,0.4131009665241174,1
0,0,0.3892029667737467,1
0,0,0.4480755390323576,1
1,1,0.6894398723258127,1
1,1,0.8482615341628105,1
1,1,0.5518303034622333,1
1,1,0.6450520579180723,1
1,1,0.7113143049890955,1
1,1,0.6956782470591354,1
1,1,0.6101813452790137,1
1,1,0.6925845783235691,1
0,1,0.7443856383835379,1
1,1,0.8568057120564485,1
1,0,0.4664585543906213,1
1,1,0.9303946840303949,1
1,1,0.9962935111219154,1
0,1,0.6538533112388218,1
0,1,0.6271424016888726,1
0,1,0.5672682352983027,0
0,1,0.7470350283163598,1
1,0,0.3721317714414048,0
1,1,0.6025131624936774,1
0,1,0.922342045408796,1
1,1,0.6241935869304583,0
1,1,0.6946478122158375,1
0,0,0.38259049924382627,0
0,0,0.43999155424089215,1
1,1,0.6752392031109048,1
0,0,0.24899887248838345,0
0,1,0.7280492105460181,1
1,1,0.7348109417018789,1
1,1,0.6714911251727614,1
0,1,0.7594510854036333,1
1,0,0.3267071649644707,0
1,1,0.7456243559324119,1
1,1,0.730432448430966,0
1,1,0.5209566548366724,1
0,1,0.8640642251021879,1
1,0,0.48645439952534403,1
0,0,0.48074334217382175,1
0,0,0.28171887004048285,0
