y_true,y_pred,y_prob,sensitive_features
0,1,0.6742046323795446,1
1,1,0.6057053455587915,1
1,0,0.4319416096885628,1
1,1,0.7235598795510593,1
1,1,0.6961635718289586,1
0,0,0.4575332656369702,1
1,1,0.6781009767827585,0
1,1,0.5324461734667191,0
0,1,0.5895591261717774,1
0,0,0.4437866909866675,0
0,0,0.4993681421258547,0
1,1,0.7228195141755922,1
0,1,0.5352465180719502,1
0,0,0.48568609574523974,1
0,0,0.20807222857083138,1
1,1,0.5392000419813948,1
1,1,0.7219682675760636,1
0,0,0.3935334651833511,1
1,0,0.449258811438773,1
1,1,0.668147327693469,1
0,1,0.5617275767219014,1
0,1,0.7266901511115954,0
1,0,0.19883594189955642,1
1,1,0.5267089082818573,1
1,0,0.4920253679426334,1
0,1,0.5624226896995678,1
0,0,0.4711839655574199,1
1,0,0.2205608330387984,1
1,1,0.8033654070823814,1
1,1,0.5148008345984465,1
1,1,0.630762733897969,1
1,0,0.3144878159358773,1
0,1,0.7575748140464311,0
1,0,0.39756352000395184,1
1,0,0.24179426532559106,1
0,1,0.5118497491111852,0
1,0,0.32896411094109657,1
1,0,0.4954759608233533,0
0,1,0.7449694015596398,1
0,0,0.24964447898256154,0
0,1,0.5376803495237938,1
1,1,0.5140917030067719,1
0,0,0.3061967289612011,1
1,1,0.6807989807459476,0
1,1,0.5821454718836488,1
1,1,0.8320262615542305,1
1,1,0.5955797302836182,0
