y_true,y_pred,y_prob,sensitive_features
1.0,1.0,0.8088282574919926,1
1.0,1.0,0.9948737726939508,0
0.0,1.0,0.8012854751668034,1
0.0,1.0,0.6863217249005565,1
0.0,0.0,0.3615807253625295,0
1.0,1.0,0.7802906469210056,1
0.0,0.0,0.48894508741230575,1
0.0,0.0,0.09187762782223383,1
1.0,1.0,0.9696735356079846,1
1.0,0.0,0.25581512085504465,1
0.0,1.0,0.5949796358727283,1
1.0,1.0,0.9218051962866636,1
1.0,1.0,0.7644525235856515,1
1.0,1.0,0.9825850904792983,0
1.0,1.0,0.7906455068334972,0
0.0,0.0,0.09132812470340511,1
1.0,1.0,0.8497046188273389,1
0.0,0.0,0.37491141095773844,1
1.0,0.0,0.27088417712171187,1
1.0,0.0,0.484197770319085,1
1.0,1.0,0.9855666631714292,1
0.0,0.0,0.27425640233957116,0
0.0,0.0,0.4977298642023026,1
1.0,0.0,0.2803120929416694,0
0.0,1.0,0.9085664923298851,1
0.0,1.0,0.7706133940452224,1
1.0,1.0,0.5850354960646402,1
0.0,0.0,0.08624553317004365,0
1.0,1.0,0.8911634339854555,1
1.0,1.0,0.861774681274056,1
1.0,0.0,0.45098791771616475,1
1.0,1.0,0.8574622509108051,0
1.0,0.0,0.3347324334501585,1
0.0,1.0,0.9201544442440691,1
1.0,1.0,0.9138126643847924,1
1.0,1.0,0.8973921740086236,1
0.0,0.0,0.0436807540614522,1
0.0,1.0,0.8529429977215506,0
0.0,0.0,0.09105282815611258,0
1.0,1.0,0.8698426587994927,1
1.0,1.0,0.9833555080339085,1
1.0,1.0,0.6369584001746319,1
1.0,1.0,0.9276649487044879,1
1.0,0.0,0.10185787740041218,1
0.0,0.0,0.3261790063475371,1
1.0,1.0,0.8175540668422736,1
0.0,1.0,0.6790282620035767,0
