y_true,y_pred,y_prob,sensitive_features
0,1,0.9918289204024341,1
1,1,0.9617336280332969,1
1,1,0.802891811951127,1
1,1,0.9516688067412102,1
1,1,0.9374683636058999,1
0,1,0.6591568428525191,1
1,1,0.8722240414337961,0
1,1,0.9949933898980442,0
0,1,0.9896200560653962,1
0,0,0.20034176191558037,0
0,0,0.10269540183025902,0
1,1,0.8557009628653094,1
0,1,0.9880650860617178,1
0,1,0.8564750546436899,1
0,1,0.6669250987277763,1
1,1,0.9961574587946781,1
1,1,0.9979977030113157,1
0,0,0.460844541293633,1
1,0,0.07074240874513894,1
1,1,0.5910490425488271,1
0,1,0.9754718561575173,1
0,0,0.1867824569150337,0
1,0,0.14934123969088903,1
1,1,0.9262869133407291,1
1,0,0.0834926514337271,1
0,1,0.9970856015696257,1
0,1,0.9271859161636262,1
1,0,0.09718098095121402,1
1,1,0.9935040587929785,1
1,1,0.8313610445135218,1
1,1,0.7793135754328141,1
1,1,0.9729398240686049,1
0,1,0.908818977090514,0
1,1,0.7010552506119863,1
1,0,0.10296547543380904,1
0,0,0.21015848250391422,0
1,1,0.8203327507472327,1
1,1,0.6212305548322429,0
0,1,0.947400572114727,1
0,0,0.12004502787043514,0
0,1,0.9830549377436381,1
1,1,0.9901865680049803,1
0,1,0.6941763558552366,1
1,1,0.9329221003889839,0
1,1,0.9647728671504969,1
1,1,0.7509493912072123,1
1,1,0.9817567469793701,0
