y_true,y_pred,y_prob,sensitive_features
1,1,0.6893654364397906,1
1,1,0.5608677720150811,1
0,1,0.6448411687958729,0
0,1,0.6400234624606267,1
1,0,0.544841258649133,0
0,0,0.4410655485887099,0
1,1,0.6160163187112493,1
1,0,0.5265265698211027,0
0,0,0.5142419001004092,0
1,1,0.7152598758516617,1
1,1,0.744361350911453,1
0,1,0.673792896332512,1
1,1,0.6890382772856191,1
1,1,0.6090870126808208,1
1,1,0.5848455724459978,1
0,1,0.5604934059667365,1
1,1,0.737917199980883,0
0,1,0.5650543921448743,1
0,0,0.5375911020797558,0
1,1,0.5681391583498762,1
0,0,0.43381096735914676,0
1,1,0.6874718762575831,1
1,1,0.6556847219953118,1
0,1,0.6951285262032093,1
1,1,0.6585649632282927,1
1,1,0.7255886085817943,1
0,1,0.615517748263343,1
1,1,0.6772576219339215,1
1,1,0.6453024972799651,1
1,0,0.5379256620399159,1
0,1,0.6436364167141627,1
1,0,0.48471376795870735,1
0,1,0.5909025046191306,1
1,1,0.6813392931995805,0
0,0,0.5535775743031,1
1,0,0.47729232002090244,1
0,1,0.6169388529412321,1
1,1,0.7369391376335921,1
1,1,0.5815555975954687,1
1,1,0.645101044468236,1
1,0,0.5516801610634675,1
0,1,0.6504558758786537,1
0,1,0.7426449129755932,1
0,1,0.6825159842835987,0
1,1,0.5836568281202874,0
0,1,0.7061344348672771,1
1,1,0.7085175145533292,1
