y_true,y_pred,y_prob,sensitive_features
0,0,0.5864604813315112,0
1,1,0.585842398502798,1
1,1,0.5837684558524426,1
1,1,0.5853127064486758,1
0,1,0.5843394267315882,1
1,1,0.5837777917306457,1
0,1,0.5822107210757773,1
0,0,0.5871978101547977,1
1,1,0.5844638410653477,1
0,1,0.5856395718786465,0
0,1,0.5842318202242621,1
0,1,0.5818870459834182,1
1,1,0.5841728286934116,1
1,1,0.5850166730724623,1
1,1,0.5857459471781895,1
1,1,0.5836751207860841,1
0,1,0.584081850047149,1
1,0,0.586728675280163,1
0,0,0.5872277942979728,0
1,1,0.582368882706042,1
0,0,0.5863105215296027,1
1,1,0.5815418406080521,0
0,1,0.5843328904410877,1
0,1,0.5828222469764561,1
1,1,0.5851146804405029,0
1,1,0.5844833776772071,1
0,1,0.5815129825591073,1
1,1,0.5852106165817275,1
1,1,0.5834790426753736,1
0,0,0.588436486306933,0
0,1,0.5856343713962796,0
1,1,0.5829730826734728,1
1,1,0.5833028133919627,1
0,1,0.5838895985192017,1
0,1,0.5834149815760514,1
1,1,0.5856705626485843,1
0,1,0.5851386659160221,1
1,1,0.5857520894227294,1
1,0,0.5880219384104775,1
0,1,0.5855905754473694,0
1,1,0.5857058684839682,1
1,1,0.5826096888264385,0
1,1,0.5855841172288815,1
1,0,0.5860213217048661,1
1,1,0.5822170770525857,1
1,1,0.5824932743097443,0
1,1,0.5822776768719495,0
