y_true,y_pred,y_prob,sensitive_features
0,1,0.6777889046264742,1
1,1,0.7133410462756771,1
1,1,0.5652418196346285,1
1,1,0.6131517189148441,1
1,1,0.7380940888450819,1
0,0,0.5596365280572173,1
1,1,0.6775889173794104,0
1,1,0.5695397580741632,0
0,1,0.6626984523666799,1
0,0,0.5500586759742624,0
0,1,0.5802547249126461,0
1,1,0.6560771190166358,1
0,1,0.6988121008516393,1
0,1,0.619959502844602,1
0,1,0.6329964179045012,1
1,1,0.6787180379867522,1
1,1,0.7138901390427107,1
0,1,0.6778507326893363,1
1,0,0.5323835323110594,1
1,1,0.5950231254788684,1
0,1,0.6574226452102407,1
0,1,0.5923447931248792,0
1,1,0.5598939251540563,1
1,1,0.6930509513866868,1
1,1,0.6205637597277808,1
0,1,0.6680265785531921,1
0,1,0.56149704964807,1
1,0,0.5284640887591645,1
1,1,0.7098076280527883,1
1,1,0.6449847547362254,1
1,1,0.65041101881529,1
1,1,0.6288676211366684,1
0,1,0.6448677034845882,0
1,1,0.5952170532469302,1
1,1,0.5772250324986037,1
0,0,0.46667807465668737,0
1,0,0.5,1
1,1,0.5670857041610758,0
0,1,0.7254739123753164,1
0,0,0.5,0
0,1,0.6443915603654756,1
1,1,0.6610456656051311,1
0,1,0.6452682669984776,1
1,1,0.5880924526882746,0
1,1,0.6349888950717072,1
1,1,0.637590337516701,1
1,1,0.6448592597452415,0
