y_true,y_pred,y_prob,sensitive_features
1,0,0.21479139747653095,1
1,0,0.21265728582120239,1
1,1,0.9715989394105617,1
0,1,0.7727645984111464,1
1,1,0.8676743755060833,1
0,1,0.7965623331164933,1
0,1,0.846949528009441,1
0,0,0.15461368426529104,0
0,1,0.637956196301113,1
0,0,0.3676620246080941,0
1,0,0.41275951345744005,1
0,1,0.874673386710221,1
1,1,0.9887563300980049,1
1,0,0.24055758312621484,0
0,1,0.6236806338473772,1
1,1,0.7986268595472984,1
0,0,0.33828760040337236,1
1,1,0.8819746784947342,1
1,1,0.6190162861786054,1
1,1,0.9704856770705227,0
0,1,0.9702718110019826,1
0,1,0.5049840866137152,1
1,1,0.8913910622244157,1
1,1,0.9594196826144427,1
1,0,0.38570536778886266,1
1,1,0.9656314323154461,1
1,0,0.01163115315746271,0
1,1,0.6663463641490784,0
1,0,0.4771897829555143,1
1,1,0.6042869905438915,1
0,1,0.5148146984353211,1
1,0,0.07064233988028934,1
1,0,0.13016248715588735,1
0,0,0.10599405719483988,1
1,0,0.28044095456869156,1
1,0,0.3817851161886647,1
1,0,0.31150713967399907,1
0,0,0.020452571792955333,0
1,1,0.9976494254292833,0
0,0,0.3987687345827675,0
0,1,0.5083498410329338,1
0,1,0.8281398532088738,0
0,1,0.7865997201749126,0
1,1,0.6837196079361296,1
1,1,0.9598352065329441,1
0,0,0.33267259341211136,1
1,1,0.7428716762088428,1
