y_true,y_pred,y_prob,sensitive_features
1,1,0.9476841996952227,1
1,1,0.6655178251004898,1
0,0,0.3456841195864946,0
0,1,0.9097360153481064,1
1,1,0.7474099018231037,0
0,0,0.03842312345939811,0
1,1,0.9369400188440986,1
1,0,0.41782126194281444,0
0,0,0.41236683007228736,0
1,1,0.9340265260415005,1
1,0,0.26108793487617166,1
0,0,0.33157269107932313,1
1,1,0.9745577703356243,1
1,1,0.8775169164556749,1
1,1,0.817152287537024,1
0,0,0.2623331944568124,1
1,1,0.6490062590019395,0
0,1,0.6649268305282089,1
0,0,0.35902387955286436,0
1,1,0.5976267603636605,1
0,0,0.37382084700135665,0
1,1,0.8492004007395678,1
1,1,0.8766284584532501,1
0,1,0.9539912695981686,1
1,0,0.2829008327265874,1
1,1,0.9902197820934223,1
0,0,0.19304935430038506,1
1,1,0.6811198530012924,1
1,1,0.9756999674677845,1
1,0,0.3632951854326935,1
0,1,0.7576847288200297,1
1,1,0.6094407334983162,1
0,1,0.5638111760103856,1
1,1,0.9271384108474486,0
0,1,0.6686897716008154,1
1,0,0.15852851136296467,1
0,1,0.7174852315669759,1
1,1,0.9910784215805294,1
1,1,0.6079765280856212,1
1,1,0.7774923370856551,1
1,0,0.04079178302005952,1
0,1,0.605549839364817,1
0,1,0.9759886783068469,1
0,1,0.8131931267357128,0
1,1,0.8856066280140725,0
0,1,0.8972974439820024,1
1,1,0.9396125511525802,1
