y_true,y_pred,y_prob,sensitive_features
0,1,0.6456495995314249,0
1,1,0.6139210374246135,1
0,1,0.6060670457304689,0
1,1,0.6395586992483443,1
1,0,0.5332942971587142,1
1,1,0.6333765757855115,1
1,1,0.6197903373710946,1
1,1,0.6950171177624226,1
1,1,0.6539530924714976,1
0,0,0.5,1
0,1,0.6455234537627363,1
0,1,0.5772399996360219,1
0,1,0.5776931138497411,0
1,1,0.6392797289830962,1
0,1,0.6176607526588336,1
1,1,0.6639853510924216,0
0,1,0.6101199699306054,1
1,1,0.6235222130895973,1
1,1,0.5458381082514929,0
1,1,0.6286915153171476,1
0,0,0.5349754580696466,0
0,1,0.6452709565100626,0
0,1,0.6076624380411608,1
1,1,0.6191594292662935,1
1,1,0.6018948192161836,1
1,1,0.5476605994184833,0
0,0,0.5146420292292854,1
0,1,0.6454974178975745,1
1,1,0.5713029798564302,1
0,1,0.6335777167133668,1
1,1,0.6379589214101646,0
1,0,0.5338306547037401,1
1,1,0.5607144234242212,1
1,1,0.6441079319136546,1
0,1,0.6360486042434125,0
0,1,0.6719682190838759,1
0,1,0.7133181327978755,1
1,1,0.6744225771757163,0
1,0,0.5077453975922911,1
1,1,0.5672087480145888,1
1,1,0.6673279908918827,1
1,1,0.6417885572876292,1
1,0,0.41479650160159226,1
0,1,0.5759097393995489,1
0,1,0.6833409666943309,1
1,1,0.6588244734634227,1
1,1,0.6313443839382651,1
