y_true,y_pred,y_prob,sensitive_features
0,1,0.6189342733829002,1
1,1,0.5867192784455753,1
1,0,0.5231785603615592,1
1,1,0.5584867096474311,1
1,1,0.6402348179835567,1
0,0,0.5114447482728824,1
1,1,0.6242408182695272,0
1,1,0.5512598704583367,0
0,1,0.5793525490419542,1
0,1,0.5672551202414496,0
0,0,0.49455139113623126,0
1,1,0.5617139767938883,1
0,1,0.6180803563595908,1
0,1,0.5415122734122932,1
0,0,0.5206261657085068,1
1,1,0.5884621492951764,1
1,1,0.6446834815712591,1
0,1,0.5617174080940218,1
1,0,0.5070570979740725,1
1,1,0.546043906310481,1
0,1,0.6124177098385715,1
0,1,0.5860137102146885,0
1,0,0.48118243509125297,1
1,1,0.5733538380511509,1
1,1,0.5807523516358516,1
0,1,0.6186491375141174,1
0,0,0.4931244460856996,1
1,0,0.4810314573905489,1
1,1,0.6485737869672771,1
1,1,0.5509870681740424,1
1,1,0.5562298847030951,1
1,0,0.5332316792857518,1
0,1,0.5921452942094914,0
1,1,0.5394325001143977,1
1,0,0.5178970686188772,1
0,0,0.5070826724786397,0
1,0,0.47556902836806014,1
1,1,0.5438046898198254,0
0,1,0.6484482547466878,1
0,1,0.5649253417165094,0
0,1,0.5742849868570354,1
1,1,0.5712929377662711,1
0,0,0.5314871466758762,1
1,1,0.6245457715272509,0
1,1,0.5673769941678042,1
1,1,0.5615524547645899,1
1,1,0.5794384270354984,0
