y_true,y_pred,y_prob,sensitive_features
0,0,0.6113671496654082,1
1,1,0.576352237936609,1
0,0,0.6118074041450888,0
0,0,0.6119779413262533,1
1,1,0.5859073886992193,0
1,1,0.6063917473327707,1
1,1,0.5929888041980947,1
0,1,0.5923982666760232,1
1,1,0.5880267208939194,1
1,1,0.5917539240024153,1
1,1,0.5861958538959199,1
1,1,0.5904889772656123,1
1,1,0.5789965542339872,1
1,1,0.5949377240993874,1
1,1,0.5926407888170679,0
0,0,0.6089150010990003,1
0,1,0.5977226248128658,0
0,1,0.6008863883067261,1
1,1,0.5828354475896587,0
1,0,0.6084854418256005,0
1,1,0.5946867747108605,0
0,0,0.6198977638033896,0
1,1,0.604138849263722,1
1,1,0.5994442806533592,1
1,1,0.5836674140326675,1
0,0,0.620316994571734,1
0,1,0.5882465983530014,0
1,1,0.5988588071612748,1
1,1,0.5935965029803284,1
1,1,0.5990772166299129,1
1,0,0.6207408040490698,1
0,1,0.6010448516018172,1
0,0,0.6113907624652107,0
0,1,0.5894969096315532,1
1,1,0.6014717266238225,1
0,1,0.5890064717378467,1
1,0,0.6092867391357536,1
1,1,0.597161528735021,1
0,1,0.5819658414920217,1
1,1,0.5948004570159355,1
0,1,0.5948639388351522,1
1,1,0.5814315492073084,1
1,1,0.5933313062271611,1
0,1,0.5928396341293325,1
1,1,0.6062580689992823,1
0,1,0.6044576902237302,1
0,0,0.6208055668954429,0
