y_true,y_pred,y_prob,sensitive_features
0,0,0.12425892578953693,1
1,1,0.914683061541763,1
0,0,0.22341044397278437,0
0,1,0.6732438859755587,1
1,1,0.8423171597391481,0
1,0,0.4555740414423928,1
1,1,0.7189848809380082,1
0,1,0.6244198923805101,1
1,1,0.873434054815897,1
1,1,0.9620185776016533,1
1,1,0.867053810313172,1
1,0,0.3770704473602185,1
1,1,0.7383661498624324,1
1,1,0.8518051621798325,1
1,0,0.3764079884288169,0
0,1,0.5928634194617197,1
0,1,0.5324312397566804,0
0,1,0.7507086543583474,1
1,1,0.5554221562723057,0
1,0,0.4207433606658436,0
1,0,0.15155826130183178,0
0,0,0.14576462432074566,0
1,1,0.5585016917828673,1
1,0,0.20040083190491698,1
1,1,0.9928457769334954,1
0,0,0.18024924528091876,1
0,0,0.17416827612250663,0
1,0,0.3631743552545231,1
1,1,0.7907236139335395,1
1,1,0.5876376349209422,1
1,0,0.17731178550075088,1
0,1,0.5744758088976245,1
0,0,0.3070147668547142,0
0,1,0.8437106523251585,1
1,1,0.7412438506262369,1
0,1,0.9802488699253447,1
1,0,0.13823386812078226,1
1,1,0.6055808785299619,1
0,1,0.8990383766787202,1
1,1,0.8250176724887808,1
0,1,0.5167051351406872,1
1,1,0.9644380789410358,1
1,1,0.8948151823015001,1
0,1,0.9047527712981853,1
1,1,0.6003888774665835,1
0,1,0.7157406255350801,1
0,0,0.22167690019726255,0
