y_true,y_pred,y_prob,sensitive_features
0,1,0.6439145837362922,1
1,1,0.6429988447467762,1
1,1,0.5705933981284855,1
1,1,0.5929224225751577,1
1,1,0.645922330981208,1
0,0,0.5622893683311232,1
1,1,0.6189192390531028,0
1,1,0.5850848903707857,0
0,1,0.6299491116916396,1
0,0,0.5448748592239416,0
0,1,0.57558169071218,0
1,1,0.6078043146974259,1
0,1,0.6098473491208005,1
0,1,0.6215064472394959,1
0,0,0.5576539911003904,1
1,1,0.6479286730952063,1
1,1,0.6697441645879415,1
0,1,0.5824708372714311,1
1,0,0.5569386191907022,1
1,1,0.6049637694897694,1
0,1,0.6324691038033038,1
0,1,0.5772748835887833,0
1,0,0.5476624280707086,1
1,1,0.5958773408031742,1
1,1,0.5882569384964059,1
0,1,0.6450821790556954,1
0,0,0.5503882235420735,1
1,0,0.5478539732699986,1
1,1,0.6572406359975992,1
1,1,0.6085123837862886,1
1,1,0.608058158871471,1
1,1,0.5813433443035573,1
0,1,0.6145605866375565,0
1,1,0.5702113978631679,1
1,1,0.5745266841550751,1
0,0,0.5199910113669037,0
1,0,0.5321902142720557,1
1,0,0.5423340376009231,0
0,1,0.6477280627264671,1
0,0,0.5317837285031632,0
0,1,0.6323436086201133,1
1,1,0.6347345607066501,1
0,1,0.6316207670735489,1
1,1,0.6154182511139674,0
1,1,0.6027171723712741,1
1,1,0.5997305360584471,1
1,1,0.5841026674530821,0
