y_true,y_pred,y_prob,sensitive_features
1,1,0.6772344766008718,1
0,0,0.47950570186853253,1
1,1,0.6198552028357603,1
0,0,0.41975744307669255,0
1,0,0.47505980505564244,0
0,0,0.4359156677006321,0
1,0,0.47538324605468213,1
0,0,0.3312454557901309,1
0,0,0.5167235980007885,1
1,1,0.659357106087856,1
1,1,0.7153454371143341,1
1,0,0.49470800834722917,1
1,1,0.619371727666711,1
1,1,0.6158167433943356,1
1,1,0.5385700782681246,1
1,0,0.487914367982335,1
1,1,0.6025360321761891,1
0,1,0.6029352329426682,1
1,1,0.578709849794199,1
1,0,0.44636781430524436,1
1,1,0.6469347398124541,1
1,1,0.6527971122703243,1
0,0,0.4840752786190857,1
0,1,0.6951215649505075,1
0,0,0.5209388113735337,0
0,1,0.6357794368791326,1
1,0,0.5,0
1,1,0.6312288714360903,1
0,1,0.5439717121012531,1
1,1,0.6245565903249236,0
1,1,0.572732060462287,1
0,0,0.48946452402284685,0
0,1,0.6283690367687661,1
1,1,0.6284458015112134,1
0,0,0.44009998326584776,0
0,0,0.5142458201395834,1
1,1,0.6760930361762686,1
1,1,0.5545521026117542,1
0,1,0.588238723462247,1
1,0,0.36877263620368417,0
1,1,0.6256759907631994,1
1,1,0.6763053615848579,0
1,0,0.48766364084915503,1
0,1,0.7137986818208724,1
1,0,0.38390107426768566,1
0,0,0.5300817615545241,1
0,0,0.46831425048267017,0
