y_true,y_pred,y_prob,sensitive_features
1,1,0.5737073722568743,1
1,0,0.5490117594743726,1
0,1,0.5664910597796764,0
0,1,0.570013468640676,1
1,1,0.5625073744746047,0
0,0,0.5516041306846056,0
1,1,0.564530255208385,1
1,0,0.5524366687576434,0
0,0,0.5495871463291251,0
1,1,0.5752718466700562,1
1,1,0.5804176912478967,1
0,1,0.5678110838634179,1
1,1,0.5754091703882949,1
1,1,0.5667345463487587,1
1,1,0.5654844342159918,1
0,0,0.5595027052905586,1
1,1,0.5821043783733697,0
0,1,0.5648116660299715,1
0,0,0.5541759622830376,0
1,0,0.5516862584075434,1
0,0,0.5493902532844064,0
1,1,0.5736239633132841,1
1,1,0.5699536337435285,1
0,1,0.581690050722235,1
1,1,0.5638462211904332,1
1,1,0.5837624316502532,1
0,1,0.5630737173789031,1
1,1,0.5706067240441794,1
1,1,0.5632196175630119,1
1,0,0.5585815475393409,1
0,1,0.5718913573252854,1
1,0,0.5468105017740372,1
0,1,0.5640868380477501,1
1,1,0.5765687018451955,0
0,0,0.5498622371266129,1
1,0,0.5451441528373566,1
0,1,0.5687956616244104,1
1,1,0.5795146947640607,1
1,1,0.5637247019694067,1
1,1,0.5713453715872246,1
1,0,0.54588609394188,1
0,1,0.5662912196703759,1
0,1,0.5758140295240589,1
0,1,0.5723224473458047,0
1,1,0.561369483501215,0
0,1,0.5777721599902711,1
1,1,0.5760877700137494,1
