y_true,y_pred,y_prob,sensitive_features
1,0,0.3410824344464935,1
1,0,0.4805580919994114,1
1,1,0.9925522117335002,1
0,1,0.6970685943722895,1
1,1,0.7508515292454219,1
0,1,0.9582531637759343,1
0,1,0.8795635543501231,1
0,1,0.7652037938261445,0
0,1,0.8351193617383358,1
0,0,0.10072769934573567,0
1,0,0.43451162022871564,1
0,1,0.8765915461608799,1
1,1,0.9738926798927575,1
1,1,0.5365343152791183,0
0,1,0.5599686821018942,1
1,1,0.8596371185400347,1
0,1,0.7073848234466731,1
1,0,0.38456169742885593,1
1,0,0.462379949753317,1
1,1,0.9400245848681352,0
0,1,0.9808027194555086,1
0,0,0.39066617155876054,1
1,1,0.8856276997142181,1
1,1,0.978141190547326,1
1,0,0.1902396430362687,1
1,1,0.9492433818373729,1
1,0,0.0516482537591456,0
1,0,0.42770053312924056,0
1,0,0.19956767581804075,1
1,1,0.6198605662895224,1
0,1,0.5488146629154367,1
1,0,0.17334117083497472,1
1,0,0.07785336991758461,1
0,0,0.3503675977652718,1
1,1,0.5548812520926261,1
1,0,0.39293573562495543,1
1,0,0.15572232727033056,1
0,0,0.1391300196022366,0
1,1,0.9900251346162044,0
0,1,0.6325928517168685,0
0,1,0.6163741798326188,1
0,1,0.8746380219361793,0
0,1,0.925368668287388,0
1,0,0.3439876067428326,1
1,1,0.9361371444128554,1
0,1,0.8079730921648034,1
1,1,0.8599891830820117,1
