y_true,y_pred,y_prob,sensitive_features
0,0,0.48551247787840884,0
1,1,0.5731288203108865,1
1,0,0.49876834689042004,1
1,0,0.4270054046518474,1
0,0,0.301731487168279,1
1,1,0.8420619979747533,1
0,0,0.423764942469843,1
0,0,0.31165959387651954,1
1,0,0.2762840659811172,1
0,1,0.7680970380489541,0
0,0,0.4901956184218655,1
0,1,0.5037081645965034,1
1,1,0.5235745229034222,1
1,1,0.74578486506187,1
1,1,0.7226609599453504,1
1,1,0.523270548628926,1
0,1,0.6061928607363138,1
1,0,0.4737636079687771,1
0,0,0.3007041050792465,0
1,1,0.713815212771539,1
0,0,0.36915598823021484,1
1,1,0.5010671381089801,0
0,0,0.4738714098466204,1
0,1,0.5143821600420343,1
1,0,0.3544477361580011,0
1,0,0.39286868551751,1
0,1,0.723561890713698,1
1,0,0.2741171652959834,1
1,1,0.5688716675758766,1
0,0,0.45929788744260114,0
0,0,0.46259922552386246,0
1,1,0.7100060181309699,1
1,0,0.4471597544734245,1
0,0,0.3010469803864455,1
0,1,0.5380881532703976,1
1,1,0.5807247742723903,1
0,0,0.4085735197054027,1
1,0,0.38199354326640883,1
1,1,0.5299458955123829,1
0,1,0.5303717035901166,0
1,0,0.3667793983527792,1
1,0,0.4469579697425161,0
1,1,0.5826765180242846,1
1,0,0.42452025524094245,1
1,0,0.4979386127752672,1
1,1,0.9241813445931419,0
1,1,0.5623986225717812,0
