y_true,y_pred,y_prob,sensitive_features
1.0,1.0,0.6439211406124213,1
1.0,0.0,0.4818373400479133,1
0.0,1.0,0.5947282896247358,0
0.0,1.0,0.5803383706708559,1
1.0,0.0,0.5547961503766712,0
0.0,0.0,0.468125545798849,0
1.0,1.0,0.6108411639886595,1
1.0,0.0,0.5447731170237341,0
0.0,0.0,0.5,0
1.0,1.0,0.6677959749899113,1
1.0,1.0,0.6651502407332248,1
0.0,0.0,0.5428910771383727,1
1.0,1.0,0.6123042003533569,1
1.0,0.0,0.5306056290803436,1
1.0,1.0,0.5773175704086124,1
0.0,0.0,0.5630049239976438,1
1.0,1.0,0.6451420844771738,0
0.0,1.0,0.5843735395847283,1
0.0,0.0,0.5237174178803855,0
1.0,0.0,0.5305973006239869,1
0.0,0.0,0.4590685142188267,0
1.0,1.0,0.6406915298097087,1
1.0,1.0,0.6025627431016479,1
0.0,1.0,0.6588014183522497,1
1.0,0.0,0.5559526652188312,1
1.0,1.0,0.6949058297688581,1
0.0,1.0,0.6205607519113188,1
1.0,1.0,0.6034916663198658,1
1.0,1.0,0.5953890129505008,1
1.0,1.0,0.60232927833854,1
0.0,1.0,0.589543901325148,1
1.0,0.0,0.4907944605591003,1
0.0,1.0,0.6129273963921612,1
1.0,1.0,0.6423354089463948,0
0.0,0.0,0.5254317013854655,1
1.0,0.0,0.48213808639397815,1
0.0,1.0,0.5671047002982821,1
1.0,1.0,0.6389755548947006,1
1.0,0.0,0.5432753024896543,1
1.0,1.0,0.6102986426380014,1
1.0,0.0,0.5186093026394961,1
0.0,1.0,0.5738794629999008,1
0.0,1.0,0.6377378708587912,1
0.0,1.0,0.6119053936797396,0
1.0,1.0,0.5839587762623242,0
0.0,1.0,0.6616607346795493,1
1.0,1.0,0.6718335587376004,1
