y_true,y_pred,y_prob,sensitive_features
1,1,0.7477676692250997,1
1,0,0.4468217714665044,1
0,0,0.4983262796321401,0
0,1,0.9036458211514325,1
1,0,0.44579932807300704,0
0,0,0.08677944883899856,0
1,1,0.7056515581919659,1
1,0,0.21755629495142423,0
0,0,0.3892620303326034,0
1,1,0.8654831713411327,1
1,1,0.9703234757492277,1
0,1,0.6614836716492847,1
1,1,0.9087831994798884,1
1,0,0.3921169367418917,1
1,1,0.6657090043675611,1
0,0,0.377743013941805,1
1,1,0.9486315988835459,0
0,1,0.9096882560798663,1
0,0,0.45521127594399197,0
1,0,0.3416821193435387,1
0,0,0.11415487319736842,0
1,1,0.9492925871151231,1
1,1,0.8583668883014629,1
0,1,0.893991248542952,1
1,1,0.7886624561164345,1
1,1,0.9427669704063517,1
0,0,0.48972109081624077,1
1,1,0.6436600897570213,1
1,1,0.5834630133398816,1
1,0,0.4578068274844077,1
0,1,0.6908422059453851,1
1,0,0.12293018541996248,1
0,1,0.5308144599666809,1
1,1,0.6613686971670563,0
0,0,0.43053958026836325,1
1,0,0.19623477608861228,1
0,1,0.7498857607377636,1
1,1,0.9714072973966239,1
1,1,0.7616456452774781,1
1,1,0.5579342457452291,1
1,1,0.5188278945716014,1
0,1,0.647054924494856,1
0,1,0.8613124502836071,1
0,1,0.6822071978262726,0
1,1,0.5339121793645609,0
0,1,0.9804712499201126,1
1,1,0.9525535391422082,1
