y_true,y_pred,y_prob,sensitive_features
0,1,0.8590632621673799,0
1,1,0.9473478839720706,1
0,1,0.6565011001774445,0
1,1,0.7651025813312479,1
1,1,0.578118278437988,1
1,1,0.887449785830361,1
1,1,0.9423657532482128,1
1,1,0.9807411506571142,1
1,1,0.9779039726197297,1
0,1,0.5411852594114457,1
0,1,0.5702219015326193,1
0,1,0.5942491121364234,1
0,1,0.7936782301370724,0
1,1,0.6076351985316905,1
0,1,0.9105073651881659,1
1,1,0.9818994907273039,0
0,0,0.28493329039276083,1
1,1,0.9958442102151158,1
1,1,0.5866945867596058,0
1,0,0.328995996001432,1
0,1,0.714121260425159,0
0,0,0.2902284673099923,0
0,1,0.8112044009221552,1
1,1,0.6569889219872118,1
1,1,0.6573332350531098,1
1,1,0.9311142703799771,0
0,0,0.2799263766232904,1
0,1,0.8027773525908536,1
1,1,0.6654651427984756,1
0,1,0.8426321278086212,1
1,1,0.9900435458118281,0
1,1,0.5448730643011691,1
1,1,0.9528490650024034,1
1,1,0.9805218700659142,1
0,0,0.4129446538269994,0
0,1,0.6394604933196565,1
0,1,0.8787282194650495,1
1,1,0.8496832816281953,0
1,1,0.5478125518329461,1
1,1,0.6260701666200049,1
1,0,0.4098307652342369,1
1,1,0.7872290658081277,1
1,0,0.042552116968887006,1
0,1,0.5850250426519883,1
0,1,0.9812818823865556,1
1,1,0.7921365611679154,1
1,1,0.9895912205504288,1
