y_true,y_pred,y_prob,sensitive_features
0,1,0.8451192243411058,1
0,0,0.1565676906990065,0
1,0,0.12275771895026362,1
0,1,0.6171445601978353,1
1,0,0.43104574913935645,0
0,1,0.52707011966184,0
0,1,0.5426233824643645,1
0,0,0.3675751019996751,1
1,1,0.8644891780301066,1
0,1,0.7858597689045614,1
0,1,0.8323754904551866,0
1,0,0.37108362779187654,1
1,1,0.9222857379215423,1
0,0,0.42190685398438715,1
1,1,0.5352494538965186,1
0,0,0.2078536638251702,1
0,1,0.850344260777266,1
0,0,0.03634223537944085,1
1,0,0.14623502804996422,1
1,1,0.9721764808230317,1
0,0,0.11965449397907749,1
1,1,0.936949468717767,1
1,0,0.14696761370631592,1
1,1,0.724401495342215,1
1,0,0.364564126558158,1
0,1,0.8897636044482954,1
1,1,0.8531367332422077,1
1,1,0.8791783840226264,1
0,1,0.5624467159276897,1
1,1,0.8232340429924883,0
1,0,0.2510159389914081,0
1,1,0.9768432775479664,1
0,0,0.2734753129184724,0
1,1,0.6832271942305885,0
1,1,0.6006957541209778,1
1,1,0.9668040815799646,0
1,1,0.8889132660713568,1
1,1,0.8039063252096951,1
1,1,0.7005100127098063,1
0,1,0.7792346470875632,0
1,1,0.9494775017866289,1
1,1,0.5194424484697561,1
1,0,0.11932504472315852,1
1,0,0.3383376857339386,1
0,1,0.653635478209214,1
0,0,0.3110650112641756,0
1,1,0.9301019176287363,1
