y_true,y_pred,y_prob,sensitive_features
1,1,0.9891979281372956,1
1,1,0.9909449542690555,0
1,1,0.961293752573486,1
1,1,0.955754574894143,1
1,1,0.9856162258361745,1
1,0,0.047504132515603,1
1,1,0.9607389527032754,1
1,1,0.6151709073338578,1
1,1,0.9857581975733815,1
0,0,0.3458033994042855,0
0,0,0.22285627311730719,0
0,1,0.742857545773878,1
1,1,0.8810006031542494,1
1,1,0.9076017020843375,1
0,1,0.8291506783146736,1
0,1,0.8884336230813886,1
1,1,0.9437227054357166,1
1,1,0.972180094793093,1
0,0,0.16711791046375432,0
0,0,0.31428857770487084,1
1,1,0.7516292964815667,1
0,1,0.9539527553797683,1
1,1,0.8929645729375059,0
0,1,0.9463253267075584,1
1,1,0.9338380471596044,0
0,0,0.24253955542413982,1
0,1,0.9060602685729756,1
0,0,0.4570070453423268,1
0,0,0.32000746263494556,1
0,1,0.749184446521578,0
0,1,0.9310835616168824,1
1,0,0.08648400153279519,1
0,0,0.1822803863019684,0
1,1,0.8430396291662016,1
1,1,0.5049024362121082,1
1,0,0.03430428702815358,0
1,1,0.7976618441401941,1
0,1,0.9367941420517586,1
0,1,0.9559520854805682,1
1,1,0.6352886247066377,0
0,0,0.03384485112139889,0
1,0,0.19747711762761933,1
1,1,0.6317560843208688,1
1,1,0.7288849136702877,1
1,1,0.9760585971151547,1
1,1,0.9153497161195537,1
1,1,0.9991375387682577,1
