y_true,y_pred,y_prob,sensitive_features
1,1,0.5219569288042084,1
0,1,0.6704080263261517,1
1,1,0.6890779653024267,1
0,0,0.41156989249764353,0
1,1,0.5895472271239506,0
0,1,0.5119174757481111,0
1,1,0.6437650484016929,1
0,0,0.38566971245615533,1
0,1,0.5620385996091586,1
1,1,0.7876271038863076,1
1,1,0.6634717304560819,1
1,0,0.47170815276291234,1
1,0,0.4525119227722188,1
1,1,0.6563465589621154,1
1,1,0.5723075146086078,1
1,1,0.6673001500493307,1
1,1,0.6570503922400993,1
0,1,0.7584360225533473,1
1,1,0.5145473795483001,1
1,0,0.35759321173237957,1
1,1,0.6871228528556117,1
1,1,0.7172046571588112,1
0,1,0.681713933549746,1
0,1,0.6202872540822015,1
0,1,0.6017005564471896,0
0,1,0.6239310237465536,1
1,0,0.46933682424656703,0
1,1,0.6504108031110898,1
0,1,0.6064362814627522,1
1,1,0.6190195850059873,0
1,1,0.5799533858399295,1
0,1,0.5424897969821275,0
0,0,0.36945342298613376,1
1,1,0.6174396175973151,1
0,0,0.3395763125057999,0
0,1,0.5843582705775664,1
1,1,0.6515076816045147,1
1,1,0.6723451594747217,1
0,1,0.5774752179551141,1
1,0,0.4827822826745454,0
1,1,0.5686879053040899,1
1,1,0.7148989994455451,0
1,1,0.6936086305311515,1
0,1,0.8138501400031563,1
1,1,0.5890299975380043,1
0,1,0.517315030760314,1
0,1,0.5107640488839071,0
