y_true,y_pred,y_prob,sensitive_features
0,1,0.9117016841261427,1
0,0,0.4572136709053488,0
1,0,0.4188379553816564,1
0,1,0.8670291757061066,1
1,0,0.4753402060624164,0
0,0,0.3270380934386795,0
0,1,0.7182494925672602,1
0,0,0.44155377582270133,1
1,1,0.7279894335256879,1
0,1,0.8892455118365248,1
0,0,0.471779093327141,0
1,0,0.38749091891846227,1
1,1,0.8261245791919767,1
0,0,0.39802229585279,1
1,1,0.5142812607934729,1
0,0,0.494495021131876,1
0,1,0.5794051584026066,1
0,1,0.5802878813226787,1
1,0,0.45301959267495434,1
1,1,0.8699696992763912,1
0,0,0.32238590532815725,1
1,1,0.8412823007903109,1
1,0,0.25866981375753983,1
1,1,0.5193912282204791,1
1,1,0.6454576233857691,1
0,1,0.6145842404749788,1
1,1,0.7034154720160843,1
1,1,0.8164196959048049,1
0,0,0.47849861273137784,1
1,1,0.6231084001279543,0
1,0,0.39515048813699166,0
1,1,0.6569202200928889,1
0,0,0.35338683568022006,0
1,0,0.4672509876958955,0
1,1,0.5049566093547615,1
1,1,0.9980359178959538,0
1,1,0.8040069131692316,1
1,1,0.550567867209175,1
1,1,0.5929650431588875,1
0,0,0.4795834976732572,0
1,1,0.7301937500752408,1
1,1,0.5826932792245328,1
1,0,0.40108350554581057,1
1,0,0.4510803271871198,1
0,0,0.47481072277529657,1
0,0,0.37044552528051805,0
1,1,0.5579361110805822,1
