y_true,y_pred,y_prob,sensitive_features
1,1,0.916957977771816,1
1,1,0.996093870830238,0
1,1,0.9417451950243207,1
1,0,0.3721064491877039,1
1,1,0.7244269487680814,1
1,0,0.4144629478889635,1
1,1,0.7061826237934802,1
1,0,0.4308291542104388,1
1,1,0.8022420205800335,1
0,0,0.4863329102766888,0
0,0,0.36256823741599153,0
0,1,0.7444868848237033,1
1,1,0.5432660899139883,1
1,1,0.7183417897380282,1
0,0,0.4698986566589928,1
0,1,0.8702306385575889,1
1,1,0.8017043053874078,1
1,1,0.6969290276956771,1
0,0,0.3591750907535619,0
0,1,0.7213475115572209,1
1,1,0.5957149257178225,1
0,1,0.6654223918931806,1
1,0,0.4277357023090081,0
0,0,0.4101593337330548,1
1,1,0.6684401105662331,0
0,0,0.4042211490405845,1
0,1,0.7220394300504378,1
0,1,0.5827228769242606,1
0,0,0.4839957798637695,1
0,1,0.5377599611927388,0
0,1,0.8000524035010598,1
1,0,0.33039000865432766,1
0,0,0.3403668528875755,0
1,1,0.6450882308231369,1
1,0,0.363997126069823,1
1,1,0.6270262483229507,0
1,0,0.4023008754680531,1
0,1,0.5148526274413414,1
0,1,0.8847594262894819,1
1,1,0.5202297300729345,0
0,0,0.3430962387280744,0
1,1,0.5180514045931144,1
1,1,0.630750403407006,1
1,1,0.7431448354861053,1
1,1,0.7663311945435435,1
1,1,0.5747554191914291,1
1,1,0.9488546623113864,1
