y_true,y_pred,y_prob,sensitive_features
0.0,1.0,0.916091671977548,1
0.0,0.0,0.27002226304485727,0
1.0,1.0,0.702190755177589,1
0.0,1.0,0.9577141939684902,1
1.0,1.0,0.7996753366400619,0
0.0,0.0,0.2348764852523757,0
0.0,1.0,0.946679962693296,1
0.0,1.0,0.8973897994927079,1
1.0,1.0,0.9418861497061052,1
0.0,1.0,0.9257916667163939,1
0.0,0.0,0.419590097070548,0
1.0,0.0,0.4574165355658593,1
1.0,1.0,0.9759249580571678,1
0.0,1.0,0.768726256521405,1
1.0,1.0,0.8253090342175634,1
0.0,0.0,0.39074241047903135,1
0.0,1.0,0.9785613023982737,1
0.0,0.0,0.2908071168682226,1
1.0,1.0,0.787390280101641,1
1.0,1.0,0.9935918225884697,1
0.0,1.0,0.8238519707053277,1
1.0,1.0,0.9485983054558339,1
1.0,1.0,0.6181040691474604,1
1.0,0.0,0.3339864605131854,1
1.0,1.0,0.789959181743194,1
0.0,1.0,0.96007600181495,1
1.0,1.0,0.8968126301093695,1
1.0,1.0,0.9654635574116732,1
0.0,1.0,0.7912527067303374,1
1.0,1.0,0.931815873919647,0
1.0,1.0,0.7001191465785558,0
1.0,1.0,0.998637266842836,1
0.0,0.0,0.43507596272456744,0
1.0,1.0,0.980706801517833,0
1.0,0.0,0.431455966648548,1
1.0,1.0,0.9889687991854667,0
1.0,1.0,0.749196194975187,1
1.0,1.0,0.9837262912703268,1
1.0,0.0,0.4913216222303684,1
0.0,0.0,0.38112926804235925,0
1.0,1.0,0.9245972103080243,1
1.0,1.0,0.9120731402674533,1
1.0,1.0,0.7499434848591736,1
1.0,1.0,0.6548596981339908,1
0.0,1.0,0.9659150511861371,1
0.0,0.0,0.07903235732010729,0
1.0,1.0,0.939276907466469,1
