y_true,y_pred,y_prob,sensitive_features
0,1,0.992716681977568,1
1,1,0.9355381524097719,1
1,1,0.5848912897489338,1
1,1,0.702377589532465,1
1,1,0.7159315950859054,1
0,0,0.17761948121903556,1
1,1,0.9080799252625552,0
1,1,0.814935249450797,0
0,1,0.9031335256486742,1
0,0,0.20810401313265525,0
0,0,0.29767278893806054,0
1,1,0.9550457979894769,1
0,1,0.9627464457492612,1
0,1,0.5904368211158789,1
0,1,0.871294160590187,1
1,1,0.9528473768618975,1
1,1,0.9889104798011481,1
0,1,0.791950389664693,1
1,0,0.19966068598385536,1
1,1,0.6279156994423783,1
0,1,0.952289994795491,1
0,0,0.4166432869414845,0
1,0,0.32406540670503275,1
1,1,0.8363879894038987,1
1,0,0.39763488366509236,1
0,1,0.9871184739475741,1
0,1,0.8288516567232527,1
1,1,0.5396794867085725,1
1,1,0.9965050789965765,1
1,1,0.6676841698516381,1
1,1,0.833752994957793,1
1,1,0.7689411147140306,1
0,1,0.735444286973047,0
1,1,0.8575026899556736,1
1,0,0.2860510954975714,1
0,1,0.5988753634769199,0
1,1,0.838404380574629,1
1,1,0.5035333866650874,0
0,1,0.9921935073880747,1
0,0,0.4997519982519967,0
0,1,0.8718575248867311,1
1,1,0.9839316537482343,1
0,1,0.7815572621931741,1
1,1,0.7257625697741431,0
1,1,0.99635768696478,1
1,1,0.6953037523657588,1
1,1,0.9542046475958174,0
