y_true,y_pred,y_prob,sensitive_features
1,0,0.43940973333611827,1
0,0,0.48053644209967905,1
1,0,0.4824155036785319,1
0,0,0.4670023668851717,0
1,0,0.3978839275361481,0
0,0,0.43195032139054323,0
1,1,0.5427563602848372,1
0,0,0.3717381188266053,1
0,1,0.6461469306040566,1
1,0,0.351316958214921,1
1,1,0.6497197587496917,1
1,1,0.5462099521284973,1
1,0,0.4689300465556242,1
1,0,0.45622183597275945,1
1,0,0.4520413896724369,1
1,0,0.3949418983226179,1
1,1,0.5881304721534723,1
0,1,0.8136990712426541,1
1,1,0.6143807077020967,1
1,0,0.3353362340693115,1
1,0,0.49448349979660355,1
1,1,0.6368996943101322,1
0,0,0.35377204707656035,1
0,1,0.647508724687969,1
0,1,0.5104646379209415,0
0,0,0.334845724470674,1
1,0,0.4727152784544741,0
1,0,0.4090477864636276,1
0,1,0.5307086983690459,1
1,0,0.47122148018732385,0
1,1,0.5302281593308958,1
0,0,0.38268504223448474,0
0,1,0.5340285992116311,1
1,1,0.6128620649016595,1
0,0,0.4296692518788606,0
0,0,0.3198295988422268,1
1,0,0.33748614147015676,1
1,1,0.5625655735610863,1
0,1,0.5907458623513814,1
1,0,0.4614379771622431,0
1,0,0.43985175984654273,1
1,1,0.5612454263793368,0
1,0,0.3902248319650658,1
0,0,0.44110485157816653,1
1,0,0.4021133699327776,1
0,1,0.551333363378798,1
0,0,0.4406306441269968,0
