y_true,y_pred,y_prob,sensitive_features
1,1,0.8893599093678911,1
1,1,0.5805862867814984,1
0,0,0.2878883912754801,0
0,1,0.9257482371466297,1
1,1,0.791914257065736,0
0,0,0.053661005732441466,0
1,1,0.7604521368068774,1
1,1,0.5352197378997329,0
0,1,0.6098966234575277,0
1,1,0.791026449719579,1
1,0,0.42757753765141115,1
0,0,0.2954698298028085,1
1,1,0.9411623410492164,1
1,1,0.7246364721914811,1
1,1,0.964917534154783,1
0,1,0.6080227131874752,1
1,1,0.6191112766262844,0
0,0,0.42766607654578703,1
0,0,0.06904954057481381,0
1,1,0.5872402406004503,1
0,0,0.25182397759262093,0
1,1,0.9211935114195374,1
1,1,0.9256268475149213,1
0,1,0.9781911105705559,1
1,1,0.6652063245105139,1
1,1,0.9902913995408934,1
0,0,0.16435535679953173,1
1,0,0.49748050004204913,1
1,1,0.8610325620981772,1
1,0,0.4448522053260398,1
0,1,0.8328084599707445,1
1,1,0.526152841606825,1
0,1,0.6604927022986615,1
1,1,0.945881547935856,0
0,0,0.4712749915253286,1
1,0,0.20766021646475472,1
0,1,0.5954103885719318,1
1,1,0.9909531313427116,1
1,1,0.5486026218741892,1
1,0,0.4447916909273242,1
1,0,0.02151244211562072,1
0,1,0.7359369828084702,1
0,1,0.9504566611029885,1
0,1,0.8772418923009472,0
1,1,0.7883539257981904,0
0,1,0.9668814110724362,1
1,1,0.8195990817036924,1
