y_true,y_pred,y_prob,sensitive_features
0,1,0.4784371841064622,0
1,1,0.5584506022746264,1
1,1,0.668887914268035,1
1,0,0.4123848637126604,1
0,1,0.6334186261644734,1
1,1,0.6712940722331837,1
0,1,0.7221521782560485,1
0,0,0.451046125626781,1
1,1,0.5540664926329252,1
0,1,0.6570813242350295,0
0,1,0.6662871570745265,1
0,1,0.751498931626817,1
1,1,0.6343543885057789,1
1,1,0.6163898996531614,1
1,1,0.6158633180739964,1
1,1,0.6901927288177178,1
0,1,0.5833117406102285,1
1,1,0.5749415993912078,1
0,1,0.6450665073188936,0
1,1,0.7577834811132065,1
0,1,0.5225637991712392,1
1,1,0.7321006808901785,0
0,1,0.5540776515506856,1
0,1,0.671721669610981,1
1,1,0.5825445178860565,0
1,1,0.6486668077568852,1
0,1,0.7747041204370577,1
1,0,0.41678610854789844,1
1,1,0.6144766342277856,1
0,0,0.3003936726346927,0
0,1,0.6680429565255701,0
1,1,0.7597402197368343,1
1,1,0.6635353181054924,1
0,1,0.6487995994372352,1
0,1,0.6782668385346843,1
1,1,0.5208589182069796,1
0,1,0.5124198814351795,1
1,1,0.5363878655959907,1
1,0,0.37414885187013064,1
0,1,0.5410598785081653,0
1,1,0.570226532065237,1
1,1,0.6304351143123857,0
1,0,0.44162432771190746,1
1,0,0.3615566890203203,1
1,1,0.7407070372894115,1
1,1,0.7769871583770116,0
1,1,0.6907685643547858,0
