y_true,y_pred,y_prob,sensitive_features
0,1,0.622020203964434,1
0,1,0.5788137986791391,0
1,1,0.576232875784425,1
0,1,0.6535182861622204,1
1,1,0.6280333037000476,0
0,1,0.5930451223595942,0
0,1,0.6163733593595868,1
0,0,0.5261043666275605,1
1,1,0.641445378691186,1
0,1,0.6627232892221718,1
0,0,0.574225690161733,0
1,0,0.5,1
1,1,0.6460975085634086,1
0,0,0.5414596482976536,1
1,1,0.6129878535455604,1
0,1,0.600352420849795,1
0,0,0.565050020016679,1
0,1,0.6103298351468979,1
1,0,0.5518574680327386,1
1,1,0.6220448764741099,1
0,0,0.5144478816256985,1
1,1,0.631386921784008,1
1,0,0.5576322706353621,1
1,1,0.5781894906698393,1
1,1,0.6074589286708468,1
0,1,0.645845763646219,1
1,1,0.6085778263254447,1
1,1,0.6385263421925339,1
0,1,0.575727068468318,1
1,1,0.6082637979748146,0
1,0,0.5732787640286562,0
1,1,0.6218244399575266,1
0,1,0.5856600673726059,0
1,1,0.6586643801801945,0
1,0,0.5660477216941638,1
1,1,0.6388987147075396,0
1,1,0.6062231153595933,1
1,0,0.5649818175983807,1
1,1,0.6164993363022827,1
0,1,0.6269232999251797,0
1,1,0.6319963481197939,1
1,0,0.5718189771768418,1
1,0,0.533644866470396,1
1,1,0.6151198990154726,1
0,0,0.5411403261761095,1
0,1,0.5815968251004944,0
1,1,0.5985048462308217,1
