y_true,y_pred,y_prob,sensitive_features
0,0,0.46934914779891607,0
1,1,0.7723167340868305,1
0,0,0.4908123502587596,0
1,0,0.4791533337890975,1
1,0,0.42891235367478764,1
1,1,0.5731133427463323,1
1,1,0.6376819834131212,1
1,1,0.7581380868934818,1
1,1,0.5886307472058652,1
0,0,0.37325737156845673,1
0,1,0.6123740180008396,1
0,1,0.5125255213882791,1
0,1,0.5776396754020555,0
1,0,0.3026807070845644,1
0,1,0.5790212627423179,1
1,1,0.7385217245572723,0
0,0,0.40265631284893405,1
1,1,0.8525777635228597,1
1,1,0.5763128270283921,0
1,1,0.5200785581763904,1
0,0,0.4919763478299481,0
0,0,0.45313947047555236,0
0,1,0.6894767714264691,1
1,1,0.790291757784402,1
1,1,0.6462014587167884,1
1,0,0.2909089921596214,0
0,0,0.27671191320890215,1
0,0,0.4819974673898869,1
1,1,0.7294778835876335,1
0,0,0.4956612366914344,1
1,1,0.9219506831370252,0
1,1,0.5432843066282234,1
1,0,0.47797388938412905,1
1,1,0.7909335284673698,1
0,1,0.5760743664358091,0
0,1,0.5139949425431163,1
0,1,0.6706359826832612,1
1,1,0.738555956487868,0
1,0,0.45020061962003866,1
1,1,0.5027013392153693,1
1,0,0.37229869125590626,1
1,1,0.5248356361237492,1
1,0,0.2856177937215049,1
0,0,0.3718925596075218,1
0,1,0.6521739225511775,1
1,1,0.671877085479506,1
1,1,0.8161645752027487,1
