y_true,y_pred,y_prob,sensitive_features
1,1,0.5932488195192295,1
1,1,0.9216557686059625,1
1,1,0.8764047018475705,1
0,1,0.6976855000285447,1
1,1,0.8887511618683813,1
0,1,0.9459829433988505,1
0,1,0.8249187862613095,1
0,1,0.5989609303795065,0
0,0,0.3540229840979468,1
0,0,0.45596056928113216,0
1,1,0.5050584483335844,1
0,1,0.5125154372566054,1
1,1,0.780575527565924,1
1,1,0.6188188358532306,0
0,1,0.8116602875341971,1
1,1,0.6985298112158362,1
0,1,0.7098019218462097,1
1,1,0.6971500865278946,1
1,1,0.7301412336849676,1
1,1,0.8372253000362606,0
0,1,0.7927455739385638,1
0,1,0.5495521167387765,1
1,1,0.5101004402465109,1
1,1,0.9351854117431083,1
1,1,0.6764214789356913,1
1,1,0.8779713925538688,1
1,0,0.33878272813204896,0
1,0,0.3536706126128754,0
1,0,0.28906164579249766,1
1,1,0.7060018144872301,1
0,1,0.6656845577723198,1
1,0,0.31999112994880724,1
1,1,0.6358818653282686,1
0,0,0.22939494447786882,1
1,1,0.7938759431455881,1
1,1,0.5532867768392317,1
1,1,0.7637335575036673,1
0,0,0.4196636211318975,0
1,1,0.9991126794701177,0
0,0,0.4465054301168319,0
0,1,0.6446889039727846,1
0,1,0.7545022456982134,0
0,1,0.8262912752955189,0
1,1,0.7450490526804147,1
1,1,0.8868496570689592,1
0,0,0.12040119080790623,1
1,1,0.5752839819327973,1
