y_true,y_pred,y_prob,sensitive_features
0,1,0.7125599722051451,1
0,0,0.11078480530036655,0
1,0,0.13182897816227193,1
0,1,0.7475928609704595,1
1,1,0.7626957925480925,0
0,1,0.7921428362145659,0
0,1,0.9367225628810083,1
0,0,0.25640249066092435,1
1,1,0.9370006446579358,1
0,1,0.9672679199750343,1
0,0,0.13266241947471394,0
1,0,0.01791955832770874,1
1,1,0.9969477600505596,1
0,1,0.6341982612730224,1
1,1,0.7667883967293578,1
0,0,0.30065497467680524,1
0,1,0.6984160714584585,1
0,0,0.06477146234014983,1
1,0,0.0887927460577799,1
1,1,0.9319028454582926,1
0,0,0.2264339632242178,1
1,1,0.9689661417395494,1
1,0,0.14487477987057046,1
1,0,0.44275033721770374,1
1,0,0.3157114003706157,1
0,1,0.9438024863701211,1
1,0,0.4448385420862698,1
1,1,0.975127009913367,1
0,0,0.31104886122806946,1
1,0,0.35381575362466094,0
1,1,0.7296646921788148,0
1,1,0.9827221849632053,1
0,0,0.19417972581726534,0
1,1,0.9762548585913036,0
1,1,0.7737067825657797,1
1,1,0.9939708858262647,0
1,1,0.7003807753003408,1
1,1,0.6565593736273081,1
1,0,0.4891368539067404,1
0,1,0.6700071414262829,0
1,1,0.9611980451761108,1
1,1,0.8662197279430262,1
1,1,0.5700415099553465,1
1,0,0.3341512860142876,1
0,1,0.5054526402322133,1
0,0,0.24777392690579222,0
1,1,0.8506642642868061,1
