y_true,y_pred,y_prob,sensitive_features
0,1,0.8718640989349944,1
0,0,0.12942875188109929,0
1,0,0.2363430741660613,1
0,1,0.7853260321943878,1
1,1,0.9336889178628085,0
0,1,0.8252057266530869,0
0,1,0.7473575237276018,1
0,0,0.32283506369277687,1
1,1,0.9244989578459907,1
0,1,0.9597048229540484,1
0,0,0.06498896004061673,0
1,0,0.021539926479482358,1
1,1,0.9933716302984779,1
0,1,0.6390604971176707,1
1,1,0.5991349849089791,1
0,0,0.3091932386982566,1
0,1,0.5869148708991055,1
0,0,0.05276839915822746,1
1,0,0.04361477145507072,1
1,1,0.9110937990774791,1
0,0,0.23648318055616618,1
1,1,0.9926478528645415,1
1,0,0.12612632085114597,1
1,1,0.5438998078183123,1
1,0,0.4996983040433347,1
0,1,0.9765240608852696,1
1,1,0.8459596510881616,1
1,1,0.9460622065370901,1
0,0,0.34046241409241573,1
1,1,0.6906267531508804,0
1,0,0.4677197374582863,0
1,1,0.9728056260078777,1
0,0,0.25915102878353097,0
1,1,0.9017182740552668,0
1,0,0.48388552741495344,1
1,1,0.9880559366568399,0
1,1,0.8062211989753606,1
1,1,0.8658150452020138,1
1,0,0.36741006832491463,1
0,1,0.6432831908174772,0
1,1,0.8885417609136629,1
1,1,0.9042915270569835,1
1,0,0.28904546986502716,1
1,0,0.44082841895311936,1
0,0,0.34077254924572015,1
0,0,0.3717800042625255,0
1,1,0.9360792034601806,1
