y_true,y_pred,y_prob,sensitive_features
1,0,0.4451128824948972,1
1,1,0.6382896957884177,1
1,1,0.9219280415096032,1
0,0,0.49317263116243354,1
1,0,0.40671873202164627,1
0,0,0.49178508110804164,1
0,0,0.48129597115203526,1
0,1,0.5803631786500392,0
0,0,0.21040873634862176,1
0,0,0.4132581659950086,0
1,0,0.3918126169819745,1
0,0,0.29388472958918654,1
1,1,0.924138491013051,1
1,0,0.30564514068113885,0
0,0,0.24675655577429503,1
1,1,0.5563669809203998,1
0,1,0.6533995022201771,1
1,0,0.29720744846762825,1
1,1,0.8019585039817472,1
1,1,0.6969678809146629,0
0,1,0.9032014324194124,1
0,0,0.35300790774277446,1
1,1,0.6649010168940854,1
1,1,0.6625633218042238,1
1,1,0.8631617526036773,1
1,1,0.7055953021631889,1
1,1,0.5932545903597081,0
1,1,0.9368225523085125,0
1,0,0.30695257278860566,1
1,1,0.5125730140226811,1
0,1,0.5914294647746237,1
1,1,0.8695649223673222,1
1,1,0.5671984159571481,1
0,0,0.1791106564496282,1
1,1,0.5088037324585754,1
1,1,0.9045765185616084,1
1,1,0.6301712497752202,1
0,1,0.8974013924785853,0
1,1,0.9991162616570588,0
0,0,0.2954914226427471,0
0,0,0.4806450326323085,1
0,1,0.6264791407591295,0
0,1,0.7682596360486641,0
1,0,0.20784057080019708,1
1,0,0.4677175376291033,1
0,0,0.1474041674967485,1
1,0,0.3744564853468962,1
