y_true,y_pred,y_prob,sensitive_features
1,1,0.9875574672646596,1
1,1,0.9933310745992625,0
1,1,0.7105366213136574,1
1,1,0.9547790992495367,1
1,1,0.6921468775526325,1
1,0,0.10532914152476001,1
1,1,0.8467956434892208,1
1,0,0.39727931696749763,1
1,1,0.9398381226982562,1
0,1,0.600993797628716,0
0,0,0.061570159771456044,0
0,1,0.8891040583875521,1
1,0,0.3858427659083858,1
1,1,0.8997859176405105,1
0,1,0.6495744812445843,1
0,1,0.9850254159435923,1
1,1,0.6757649764404753,1
1,1,0.8568380700035166,1
0,0,0.18831269192668,0
0,0,0.2643917534776716,1
1,0,0.20300516423803994,1
0,1,0.9241172527358235,1
1,1,0.8863656155024973,0
0,1,0.7018863265431602,1
1,1,0.9597749207952231,0
0,0,0.4613945611388556,1
0,1,0.5603369472189653,1
0,1,0.5360280520280956,1
0,1,0.5108543134807004,1
0,1,0.7261981276689112,0
0,1,0.6570887458469388,1
1,0,0.24362096528044205,1
0,0,0.45730433940244286,0
1,0,0.3808743292561294,1
1,1,0.949180090127708,1
1,0,0.1258581315347732,0
1,1,0.8311769585581288,1
0,1,0.5852398113474804,1
0,1,0.9838528501153824,1
1,1,0.7520831738456464,0
0,0,0.17341559531389425,0
1,0,0.2693204214891754,1
1,0,0.3633379067579189,1
1,0,0.21788125041027387,1
1,1,0.89655489393564,1
1,1,0.8876322201236982,1
1,1,0.9956561354188346,1
