y_true,y_pred,y_prob,sensitive_features
1,1,0.7330119936270719,1
1,1,0.7222846872960433,1
1,1,0.923570926346402,1
0,1,0.7645486048832019,1
1,1,0.887764530034915,1
0,1,0.7923222132033217,1
0,1,0.8897984045342359,1
0,1,0.9256590358353521,0
0,1,0.6395336191514824,1
0,0,0.21262826896102782,0
1,0,0.41206194026550264,1
0,0,0.3215876648711535,1
1,1,0.9399527045580461,1
1,0,0.39896798203716943,0
0,1,0.8879554513457933,1
1,1,0.8411396780370902,1
0,1,0.5488804911243724,1
1,1,0.8327242280335219,1
1,1,0.6121143290521514,1
1,1,0.921169585697913,0
0,1,0.959559461793463,1
0,1,0.5180042011646987,1
1,1,0.6515980211203294,1
1,1,0.7551744040190713,1
1,1,0.628039577744273,1
1,1,0.8690079693618233,1
1,0,0.013229055213172393,0
1,1,0.9319116962706016,0
1,0,0.1557172193036753,1
1,1,0.5369928744297194,1
0,1,0.6810249178791307,1
1,0,0.1165883226765871,1
1,0,0.21104458548966692,1
0,0,0.3259804632954241,1
1,1,0.7978508313246181,1
1,0,0.22367662494960536,1
1,0,0.19920836104873532,1
0,0,0.26002271976683206,0
1,1,0.9995426240683454,0
0,0,0.01835337486236052,0
0,0,0.292303658077259,1
0,1,0.8629195762591921,0
0,1,0.840480131620595,0
1,1,0.6706465081994357,1
1,1,0.9861713388917136,1
0,0,0.23166665955698892,1
1,1,0.5572692471947019,1
