y_true,y_pred,y_prob,sensitive_features
1,0,0.31469665060321644,1
1,0,0.1909549925930025,1
1,1,0.9628035909571107,1
0,1,0.8602639476883538,1
1,1,0.8724989327392637,1
0,1,0.6089603855076071,1
0,1,0.8290928683454611,1
0,0,0.10712911698041366,0
0,1,0.7201802819758106,1
0,0,0.22567754795274633,0
1,0,0.4904015631249873,1
0,1,0.74879657703006,1
1,1,0.9846308378185066,1
1,0,0.38169466416752257,0
0,1,0.6331464206739821,1
1,1,0.8539327092316213,1
0,0,0.4656284959848647,1
1,1,0.9560487943932843,1
1,1,0.7277634400962624,1
1,1,0.9259816976709015,0
0,1,0.9480216561690418,1
0,0,0.407546818761827,1
1,1,0.8440009771756127,1
1,1,0.9633686286177375,1
1,0,0.3894274555841525,1
1,1,0.8761414828877325,1
1,0,0.014503150405721272,0
1,1,0.5354639482748623,0
1,1,0.5260106355781874,1
1,1,0.7539570279286938,1
0,0,0.4122256216458733,1
1,0,0.10484267802393729,1
1,0,0.1548600214698394,1
0,0,0.12987154781401142,1
1,0,0.24001738455559288,1
1,0,0.38773333812385785,1
1,0,0.36668423792827104,1
0,0,0.03973379980007073,0
1,1,0.997904927418667,0
0,0,0.29598849339246786,0
0,1,0.5103919786266924,1
0,1,0.8235098026368021,0
0,1,0.8266378788527539,0
1,1,0.7335199543283522,1
1,1,0.964925774893604,1
0,0,0.38684434643470567,1
1,1,0.7490461063770603,1
