y_true,y_pred,y_prob,sensitive_features
1,1,0.5692992301711086,1
1,0,0.49377159695844564,1
1,1,0.8092262592703843,1
0,1,0.7158588002824334,1
1,1,0.6557414909394413,1
0,1,0.716255928935671,1
0,0,0.4705153717396555,1
0,1,0.6824084677528748,0
0,1,0.6343456061343494,1
0,0,0.29799635680450354,0
1,1,0.7017003690143974,1
0,0,0.3034163825232735,1
1,1,0.921328885009664,1
1,0,0.36794736085304175,0
0,0,0.40538277989314014,1
1,1,0.6840937182579238,1
0,1,0.6061245288033291,1
1,0,0.39846228990250077,1
1,1,0.7694882018207604,1
1,1,0.7749587219491523,0
0,1,0.790351198671109,1
0,0,0.31673372559670915,1
1,0,0.4586460218595853,1
1,1,0.7059158577392763,1
1,1,0.6828707091872541,1
1,1,0.6788710577380318,1
1,0,0.20721863687644498,0
1,1,0.7994483152059977,0
1,0,0.3207111331681888,1
1,1,0.6433012108127519,1
0,0,0.4079707841758338,1
1,0,0.5,1
1,0,0.3208839342095203,1
0,0,0.14491573537293104,1
1,1,0.5299428268447209,1
1,1,0.6868169351681628,1
1,0,0.30778265364454027,1
0,1,0.7795343159195732,0
1,1,0.7947283789346107,0
0,0,0.11436931143172727,0
0,0,0.3599846234314549,1
0,1,0.6828445885412608,0
0,1,0.8069935997853281,0
1,0,0.3836663063253841,1
1,1,0.7542582472731499,1
0,0,0.4696955958889347,1
1,1,0.610165789120077,1
