y_true,y_pred,y_prob,sensitive_features
0,1,0.9984931317836986,1
1,1,0.9777039057700482,1
1,1,0.5609916077237109,1
1,1,0.830847947673762,1
1,1,0.9609468031780859,1
0,0,0.15661996036194917,1
1,1,0.9919468808537037,0
1,1,0.9645519549132825,0
0,1,0.9890012147011625,1
0,0,0.2577030418217238,0
0,0,0.3212533509865703,0
1,1,0.9626620129307097,1
0,1,0.9784922944161505,1
0,1,0.8499461701265641,1
0,1,0.678612041721417,1
1,1,0.9956163461003629,1
1,1,0.9993851086803393,1
0,1,0.7363734648807418,1
1,0,0.1810805595460032,1
1,1,0.9464224139149269,1
0,1,0.9876341366115567,1
0,0,0.12339381067559917,0
1,1,0.8538010210285668,1
1,1,0.6891761240624497,1
1,0,0.48361057018138615,1
0,1,0.997307305288608,1
0,1,0.7003652249254212,1
1,1,0.6198123811192412,1
1,1,0.997134219852973,1
1,0,0.05960712467287874,1
1,1,0.7621900303122926,1
1,1,0.6699025615269014,1
0,1,0.8007636417692258,0
1,1,0.9493841878208199,1
1,1,0.8580788231714822,1
0,0,0.03556099714485254,0
1,1,0.5264915191123757,1
1,0,0.11205575544496546,0
0,1,0.9730516311615842,1
0,0,0.137669237215225,0
0,1,0.9959849669663833,1
1,1,0.951802436316303,1
0,1,0.5104545623835693,1
1,1,0.9385249872119106,0
1,1,0.9137964631176275,1
1,1,0.860585986307795,1
1,1,0.9356565829572961,0
