y_true,y_pred,y_prob,sensitive_features
0,0,0.3564049251266986,1
1,1,0.8836288934571791,1
0,1,0.545430876310561,0
0,0,0.4829663789695442,1
1,1,0.666951504939049,0
1,1,0.5511609996174474,1
1,1,0.5670150090212027,1
0,1,0.6513137550041337,1
1,1,0.9163877598090001,1
1,1,0.7720266936043888,1
1,1,0.7076924868627458,1
1,1,0.5319916224859734,1
1,1,0.6821028739154178,1
1,1,0.7356772714095923,1
1,0,0.4983337873782938,0
0,0,0.2108001331424875,1
0,1,0.5341291160029372,0
0,1,0.6418601143328688,1
1,1,0.8624748560139048,0
1,0,0.40965644824274705,0
1,1,0.6251097761545663,0
0,0,0.2578602792543337,0
1,1,0.6939757933829018,1
1,0,0.47257330061834973,1
1,1,0.9127744460244881,1
0,0,0.1843055903842421,1
0,0,0.35697522168605195,0
1,0,0.34722436311103155,1
1,1,0.8201770818067247,1
1,0,0.36736573041696197,1
1,0,0.37043839600279804,1
0,1,0.5065973899707382,1
0,0,0.39483831051796625,0
0,1,0.8251382623135631,1
1,1,0.5555912802554333,1
0,1,0.9588421787878583,1
1,0,0.21779945367743966,1
1,1,0.7381730668589099,1
0,1,0.7553576731327762,1
1,1,0.6786948166049329,1
0,0,0.17915921597454684,1
1,1,0.8522878409005046,1
1,1,0.541475100774696,1
0,1,0.6098574230799475,1
1,0,0.28848479575749064,1
0,1,0.558386025695545,1
0,0,0.18017263913989318,0
