y_true,y_pred,y_prob,sensitive_features
0,1,0.8990424277377117,0
1,1,0.9710258696733756,1
0,1,0.651842152191155,0
1,1,0.5057463424231387,1
1,1,0.5772289446697582,1
1,1,0.8082244106573425,1
1,1,0.7452823050465588,1
1,1,0.9954638579518532,1
1,1,0.8480858338783208,1
0,0,0.4389011274430155,1
0,1,0.7990180641747145,1
0,1,0.896125023905892,1
0,1,0.9802216595278176,0
1,0,0.4337031543949658,1
0,1,0.9373190236944017,1
1,1,0.9772290517790577,0
0,0,0.1257564006253412,1
1,1,0.9885408663147174,1
1,1,0.6104312242695613,0
1,0,0.3629970186390914,1
0,1,0.8920284332781073,0
0,0,0.43968365389208997,0
0,1,0.7610787911657833,1
1,0,0.4829830781941831,1
1,0,0.3123355707353411,1
1,1,0.7661831374324211,0
0,0,0.23207733451380094,1
0,1,0.5722703577103423,1
1,1,0.9670280377367645,1
0,1,0.7991327888196562,1
1,1,0.9803822878139272,0
1,0,0.17385406044466234,1
1,1,0.9698610243998658,1
1,1,0.9752604020428071,1
0,1,0.88380721027122,0
0,0,0.49302928397289736,1
0,1,0.7804102937881294,1
1,1,0.923401003467688,0
1,0,0.3886973833230949,1
1,1,0.5321239597276404,1
1,1,0.5024678842472073,1
1,1,0.9769446089306042,1
1,0,0.031189983334910465,1
0,1,0.9055646135113538,1
0,1,0.9235050957259042,1
1,0,0.3690654604819606,1
1,1,0.9957733534189568,1
