y_true,y_pred,y_prob,sensitive_features
1,1,0.6511572858375592,1
0,0,0.45477726347404396,1
1,1,0.6368109211439877,1
0,0,0.4696416440312341,0
1,1,0.55251268054464,0
0,0,0.43151961846188863,0
1,0,0.5092580723502632,1
0,0,0.36133321134331836,1
0,0,0.4769177293077872,1
1,1,0.6582322907194404,1
1,1,0.7219589757097833,1
1,0,0.5,1
1,1,0.562906862077468,1
1,1,0.6361005748534102,1
1,0,0.5259308909482863,1
1,1,0.5566064094569367,1
1,1,0.6388540083283395,1
0,1,0.6156878358611302,1
1,1,0.5868063576706289,1
1,0,0.4745399889151198,1
1,1,0.6575750515050599,1
1,1,0.6599061573156435,1
0,0,0.5229580610285668,1
0,1,0.6787972667193345,1
0,1,0.5587919598468339,0
0,1,0.6296354677245857,1
1,0,0.4369435746361368,0
1,1,0.6046009709054928,1
0,1,0.5434686312411927,1
1,1,0.6782308789501833,0
1,1,0.6308022021142606,1
0,0,0.42957862839454736,0
0,1,0.6182850291954153,1
1,1,0.6201179655042856,1
0,0,0.42145987421509673,0
0,1,0.5520868371009456,1
1,1,0.6799820376709002,1
1,1,0.5644609216978027,1
0,1,0.6056448106430052,1
1,0,0.4478799291947884,0
1,1,0.6337520140931918,1
1,1,0.6959087684723297,0
1,0,0.4919746287343607,1
0,1,0.7086305744279902,1
1,0,0.3717842834495016,1
0,0,0.4812864450516723,1
0,0,0.3997568708008729,0
