y_true,y_pred,y_prob,sensitive_features
0,1,0.7483024704581455,1
1,1,0.7864681321330179,1
1,1,0.5713769040963074,1
1,1,0.7157022502028966,1
1,1,0.8093866737667222,1
0,1,0.5773192469878178,1
1,1,0.7613229319810685,0
1,1,0.6220871046922937,0
0,1,0.7776894883628968,1
0,1,0.6554189639318331,0
0,1,0.6821768568497284,0
1,1,0.7697920786496499,1
0,1,0.7517441311537348,1
0,1,0.693168924014163,1
0,1,0.6172360514484728,1
1,1,0.7933246539300242,1
1,1,0.8065201005067167,1
0,1,0.7285093425626676,1
1,0,0.5357028567318183,1
1,1,0.7350901861746364,1
0,1,0.7974070095837558,1
0,1,0.6983855018836724,0
1,0,0.4613290221535609,1
1,1,0.7474646064126761,1
1,1,0.7344405558635192,1
0,1,0.803425556305046,1
0,1,0.5667268914195827,1
1,1,0.5610872406032826,1
1,1,0.7398948852368606,1
1,1,0.7374841226423389,1
1,1,0.7417805603050606,1
1,1,0.6813419829512231,1
0,1,0.7193140554130247,0
1,1,0.7321217716519762,1
1,1,0.584681339508141,1
0,0,0.5305294415097854,0
1,0,0.5118281621276947,1
1,1,0.5743232833232589,0
0,1,0.7855858494919077,1
0,1,0.6530858415249906,0
0,1,0.7522873364911733,1
1,1,0.8109307358386925,1
0,1,0.7721129204231683,1
1,1,0.6948592797395675,0
1,1,0.7349080362512764,1
1,1,0.7304514681259378,1
1,1,0.7503513914899587,0
