y_true,y_pred,y_prob,sensitive_features
0,0,0.4168814761237497,0
1,0,0.2983817689702708,1
1,1,0.776311355288434,1
1,1,0.7075271151168565,1
0,1,0.5576770805035594,1
1,1,0.8494790231569889,1
0,1,0.7278093317620694,1
0,0,0.36971786383941974,1
1,0,0.1572871321428338,1
0,0,0.4076864892784046,0
0,0,0.1418935378481521,1
0,0,0.39137734629994064,1
1,1,0.5651029467923671,1
1,0,0.49177671208429896,1
1,1,0.5788119198917608,1
1,1,0.7078893928425462,1
0,0,0.18543135456882673,1
1,0,0.4505244058883587,1
0,0,0.290269026303993,0
1,1,0.7280739179226821,1
0,0,0.32673595626052243,1
1,1,0.787314838605609,0
0,1,0.5808258997788648,1
0,1,0.5320470811794655,1
1,1,0.7816015844087275,0
1,0,0.4348377602689057,1
0,1,0.6878817405924974,1
1,0,0.33039524906703455,1
1,1,0.5085371526651146,1
0,0,0.46219353318134304,0
0,0,0.3457700403970516,0
1,1,0.662366164367319,1
1,1,0.7400824695382039,1
0,0,0.182007821343691,1
0,0,0.3479200451947907,1
1,0,0.2731194218622549,1
0,0,0.3395368772786449,1
1,0,0.29097371467109784,1
1,0,0.23480121382253916,1
0,0,0.44668395138415057,0
1,0,0.44758913125244393,1
1,1,0.677897218401363,0
1,0,0.14811818015833708,1
1,0,0.4029313114857282,1
1,1,0.7893144250171485,1
1,1,0.9617221315146864,0
1,1,0.8371327191974159,0
