y_true,y_pred,y_prob,sensitive_features
0,1,0.6911754980342485,1
1,1,0.763649962835532,1
1,1,0.5276761977931426,1
1,1,0.5173182390374061,1
1,1,0.7503353283485896,1
0,1,0.5317173284116591,1
1,1,0.7461944156104185,0
1,1,0.536951776251066,0
0,1,0.6890868599436816,1
0,0,0.4105215213074262,0
0,0,0.4925556314430815,0
1,1,0.6373220529023841,1
0,1,0.6656318179140768,1
0,1,0.6673975566104948,1
0,0,0.5,1
1,1,0.6956254911394296,1
1,1,0.8002037205601554,1
0,1,0.5726725439622053,1
1,0,0.4858689468167045,1
1,1,0.6641595485581221,1
0,1,0.6795712659392438,1
0,1,0.5993731651174149,0
1,0,0.34141986212232606,1
1,1,0.6280944679927878,1
1,1,0.5292240774013575,1
0,1,0.6917030824350328,1
0,0,0.5,1
1,0,0.36660747443562575,1
1,1,0.789802132247206,1
1,1,0.6321850358057405,1
1,1,0.6457329555833502,1
1,0,0.5109174457729535,1
0,1,0.6637607303921194,0
1,1,0.5576956772486644,1
1,0,0.4340573518517343,1
0,0,0.3749671562130854,0
1,0,0.41779917546569706,1
1,0,0.4942338634293972,0
0,1,0.7311957290728212,1
0,1,0.5218853156697528,0
0,1,0.7479105193423007,1
1,1,0.6550094665597295,1
0,1,0.5996934426071643,1
1,1,0.610592474411372,0
1,1,0.5906101966804307,1
1,1,0.6393847884304574,1
1,1,0.5870887560731902,0
