y_true,y_pred,y_prob,sensitive_features
1,1,0.9229554540265972,1
1,1,0.988222723755402,0
1,1,0.9422815888458728,1
1,0,0.43576154208715345,1
1,1,0.5956349404868838,1
1,0,0.33629238158129765,1
1,1,0.5222191298775601,1
1,0,0.38568444386028855,1
1,1,0.7699852387186011,1
0,0,0.35920780290851007,0
0,0,0.21301185817109844,0
0,1,0.5356509857798243,1
1,0,0.03789427661676238,1
1,1,0.7333544209833583,1
0,1,0.8852041239836125,1
0,1,0.921729938595345,1
1,1,0.6203834313198322,1
1,1,0.7707921747388228,1
0,0,0.2685025870014015,0
0,0,0.37216383450072604,1
1,0,0.06034398111072951,1
0,1,0.7201740127490404,1
1,1,0.6848367274737253,0
0,1,0.5840705461425754,1
1,1,0.8954841169092755,0
0,0,0.34013790865616506,1
0,0,0.29519003998627874,1
0,1,0.5487947227277198,1
0,0,0.3131868051518505,1
0,1,0.5903962806062915,0
0,1,0.8883379288817479,1
1,0,0.3892080256316319,1
0,1,0.5346964089831509,0
1,0,0.38057589391050684,1
1,1,0.7099258421742896,1
1,1,0.5629860319569823,0
1,0,0.3636945483030428,1
0,1,0.7009935208951691,1
0,1,0.9114280073760167,1
1,1,0.6973890012762202,0
0,0,0.4448862880596332,0
1,1,0.525660695454821,1
1,0,0.37866281926026285,1
1,0,0.4735879337451876,1
1,1,0.661329549899458,1
1,1,0.6344164876994941,1
1,1,0.9679199868055578,1
