y_true,y_pred,y_prob,sensitive_features
0,1,0.8170033729122198,1
1,1,0.8378340906649355,1
1,1,0.6366320358482334,1
1,1,0.8335205303353457,1
1,1,0.8987587740614306,1
0,1,0.6474995127980402,1
1,1,0.7171184621319896,0
1,0,0.26240428656773174,0
0,1,0.8203538921537434,1
0,0,0.33667128021318254,0
0,0,0.2624585514139847,0
1,1,0.752742774929164,1
0,1,0.880814079969294,1
0,1,0.8179763887246031,1
0,1,0.5677728161819356,1
1,1,0.8874249491155024,1
1,1,0.91687875051181,1
0,1,0.7342080649630448,1
1,1,0.5836945256543177,1
1,1,0.79129784962383,1
0,1,0.9143583183202582,1
0,1,0.4862380137219562,0
1,0,0.3117969819195505,1
1,1,0.8452708979630521,1
1,1,0.8415334913471796,1
0,1,0.8179493435560553,1
0,1,0.5496386257433385,1
1,0,0.3761276792092692,1
1,1,0.9286085650548997,1
1,1,0.8110461074402405,1
1,1,0.9101774007142823,1
1,1,0.551359112516396,1
0,1,0.4362834677251794,0
1,1,0.7998938747532676,1
1,1,0.6129508099800213,1
0,0,0.18122261333591083,0
1,0,0.30145091926048573,1
1,0,0.26824440259829196,0
0,1,0.8918268781149111,1
0,0,0.12597427316709447,0
0,1,0.8828401852045159,1
1,1,0.8621214143624417,1
0,1,0.7009184538677837,1
1,1,0.6031678002275747,0
1,1,0.821270478134571,1
1,1,0.703977239693889,1
1,1,0.4861881413872199,0
