y_true,y_pred,y_prob,sensitive_features
0,1,0.6317061507754766,1
1,1,0.8655951625191687,1
0,0,0.4274485762105034,0
0,0,0.48827659619813124,1
1,1,0.7480756017650555,0
1,1,0.728213858200912,1
1,1,0.7369312811275366,1
0,1,0.694985863066914,1
1,1,0.8764928821143265,1
1,1,0.7865996618170872,1
1,1,0.886621590409679,1
1,1,0.6390139402036956,1
1,1,0.8518127757377372,1
1,1,0.7087212910507561,1
1,0,0.4874324920855006,0
0,0,0.30046947739673696,1
0,0,0.49751228021899446,0
0,1,0.6616185363812859,1
1,1,0.8681295534726037,0
1,0,0.29259619423989375,0
1,1,0.5159327496626381,0
0,0,0.262947049681603,0
1,1,0.6608618586966439,1
1,1,0.7174026432026822,1
1,1,0.9815352706602862,1
0,0,0.36502311268749305,1
0,1,0.5198987416760618,0
1,1,0.7294658130206856,1
1,1,0.6530879870782464,1
1,0,0.4287631854814042,1
1,1,0.5875183953475814,1
0,1,0.6312000966268482,1
0,1,0.5352289965748435,0
0,1,0.9110801936793042,1
1,1,0.6662702418188848,1
0,1,0.9487932787973283,1
1,0,0.27575960073908085,1
1,1,0.7726058561141881,1
0,1,0.8609264274886215,1
1,0,0.4386438659706445,1
0,1,0.560349665633218,1
1,1,0.8754065354240099,1
1,0,0.2345872269802038,1
0,1,0.7624248749580941,1
1,0,0.45828006724982373,1
0,1,0.7798825402890319,1
0,0,0.18635998629777295,0
