y_true,y_pred,y_prob,sensitive_features
1,1,0.9551040822053478,1
1,1,0.9474766938854591,0
1,1,0.7677824425175057,1
1,1,0.5351463902224353,1
1,1,0.6922073197025506,1
1,0,0.29209870330191384,1
1,1,0.8883304894735344,1
1,0,0.1858756850126686,1
1,1,0.8908643822579758,1
0,1,0.5326832162586763,0
0,0,0.17269027454861247,0
0,1,0.7487138539533715,1
1,1,0.7524579078096298,1
1,1,0.9600596667356026,1
0,1,0.949027761038333,1
0,1,0.8807804205725434,1
1,1,0.8526710969879056,1
1,1,0.8781021151817077,1
0,0,0.2554363763053375,0
0,0,0.26199664377148346,1
1,1,0.5268792414095846,1
0,1,0.9773111645984331,1
1,1,0.8883813562749274,0
0,1,0.6498115474970657,1
1,1,0.6366815550252577,0
0,0,0.47585996242787687,1
0,0,0.4635049808230766,1
0,1,0.6760360255426511,1
0,0,0.3466122248367413,1
0,1,0.7110096842971759,0
0,1,0.9255319477327419,1
1,0,0.4120872917937262,1
0,0,0.18462133383594032,0
1,0,0.3871820471170548,1
1,1,0.7622310526988689,1
1,0,0.26661066992584453,0
1,1,0.5920149705673625,1
0,1,0.6189039066994941,1
0,1,0.9332731777757229,1
1,1,0.822379241976365,0
0,0,0.3634648971186919,0
1,1,0.5500266788246022,1
1,1,0.8801605657123798,1
1,0,0.27059578341915413,1
1,1,0.9156721214913215,1
1,1,0.9305342320973542,1
1,1,0.9948802158016662,1
