y_true,y_pred,y_prob,sensitive_features
0,1,0.724944738567652,0
1,1,0.7974971601233596,1
0,1,0.5168590079867466,0
1,1,0.7171130398164527,1
1,1,0.5800114153552225,1
1,1,0.5015915716067509,1
1,1,0.6649314055902742,1
1,1,0.840685650424992,1
1,1,0.8276712555086738,1
0,0,0.47484307628887057,1
0,0,0.4900725487785825,1
0,1,0.7793885889713305,1
0,1,0.689394396226008,0
1,1,0.8397247011034435,1
0,1,0.8744187190632144,1
1,1,0.5744638411883319,0
0,1,0.6941794830298661,1
1,1,0.9335003972507522,1
1,1,0.5445113598039154,0
1,1,0.6837746307282139,1
0,0,0.20895181386994732,0
0,0,0.38943958207185625,0
0,1,0.8854362077334086,1
1,0,0.21716638871058763,1
1,1,0.7553899229201668,1
1,0,0.44344929055630966,0
0,0,0.25382730690100136,1
0,1,0.710514308066342,1
1,1,0.9386125507158675,1
0,1,0.777524812198618,1
1,1,0.96567552394688,0
1,0,0.2656161879993772,1
1,1,0.6861427481083133,1
1,1,0.9841067036571696,1
0,1,0.8777607030112728,0
0,0,0.4981982037525002,1
0,1,0.5828844372747346,1
1,1,0.7626585424085066,0
1,0,0.4581316525570827,1
1,0,0.4353261073507035,1
1,1,0.5204722959991959,1
1,1,0.9005126169633149,1
1,0,0.1029013472102118,1
0,0,0.4456662840659119,1
0,1,0.8125152876380279,1
1,1,0.8216915143277324,1
1,1,0.9488462973985035,1
