y_true,y_pred,y_prob,sensitive_features
1,1,0.6934610149685894,1
1,1,0.5426771757164378,1
0,0,0.4951322126367493,0
0,1,0.9464611875300052,1
1,0,0.27900429216097666,0
0,0,0.36273064722283815,0
1,1,0.5908835704459686,1
1,0,0.15428655458848242,0
0,0,0.3762189808956268,0
1,1,0.6814526299112622,1
1,1,0.6163092120730103,1
0,1,0.6665336257983417,1
1,1,0.8738525482124694,1
1,1,0.6623997204448231,1
1,1,0.7576842679773933,1
0,1,0.6326442945990581,1
1,1,0.643689008647322,0
0,0,0.3096112392779105,1
0,0,0.4480292631515788,0
1,0,0.3984421780487459,1
0,0,0.31812344979638024,0
1,1,0.832689705430158,1
1,0,0.3329438639998978,1
0,1,0.8993119695892331,1
1,0,0.45871183791750014,1
1,1,0.9173965609207174,1
0,1,0.5506687732547267,1
1,1,0.779761975965791,1
1,1,0.6869337348861118,1
1,0,0.46993161467035144,1
0,1,0.6722776001801519,1
1,0,0.33886352671534464,1
0,0,0.39644111272181504,1
1,1,0.8905995317140085,0
0,0,0.3872170812339659,1
1,0,0.22217853535708576,1
0,1,0.7002614344241902,1
1,1,0.8185936047908741,1
1,0,0.4120749925869991,1
1,1,0.594743106866314,1
1,0,0.41192078557485695,1
0,1,0.6133615607717643,1
0,1,0.6406581897541394,1
0,1,0.6375518009796746,0
1,0,0.23935713563361694,0
0,1,0.9054209623700953,1
1,1,0.560585253418415,1
