y_true,y_pred,y_prob,sensitive_features
1,0,0.3668416924181391,1
0,1,0.5257244827546003,1
1,1,0.6984459301212477,1
0,0,0.1165515979691337,0
1,0,0.29912120641307055,0
0,0,0.17082679326171538,0
1,0,0.22028785309722995,1
0,0,0.20283076229966004,1
0,1,0.5768328545577136,1
1,0,0.36840518380903986,1
1,1,0.9085282277685567,1
1,0,0.4156790246579256,1
1,0,0.3336919204735236,1
1,1,0.683548185470596,1
1,0,0.4842276760973141,1
1,0,0.44561957601970487,1
1,1,0.7405522337212708,1
0,1,0.9909745053272787,1
1,1,0.8480278749587146,1
1,0,0.25549809206034374,1
1,1,0.8464846278239262,1
1,1,0.9970584411985989,1
0,1,0.5603983644381182,1
0,1,0.7061508563935337,1
0,1,0.5827936778326892,0
0,1,0.5097802735827757,1
1,0,0.21187366564981888,0
1,0,0.30346940605154,1
0,1,0.9376622558716037,1
1,0,0.49086048381104014,0
1,1,0.5913614393668832,1
0,0,0.21954178089137585,0
0,0,0.4147241519420037,1
1,1,0.7609400890598371,1
0,0,0.09529210746704193,0
0,0,0.45871596811628407,1
1,0,0.41194859692591745,1
1,1,0.7750428603779452,1
0,1,0.721043858571873,1
1,0,0.29092690225184575,0
1,1,0.5924768689007748,1
1,1,0.7950983902281391,0
1,0,0.36108100135759774,1
0,1,0.7927973980440202,1
1,0,0.3748705894235345,1
0,0,0.4789974620612529,1
0,0,0.15767225750840871,0
