y_true,y_pred,y_prob,sensitive_features
1,0,0.48276743662801874,1
1,0,0.29136032900138203,1
1,1,0.897211305924594,1
0,1,0.7008408177490786,1
1,1,0.9380220307811479,1
0,1,0.8469506220434471,1
0,1,0.9551744398438793,1
0,1,0.733344666931022,0
0,1,0.5216066960803519,1
0,1,0.6371377967140133,0
1,0,0.38755388518934436,1
0,0,0.4006470399509192,1
1,1,0.9273961249614412,1
1,0,0.4517639891818031,0
0,1,0.7923604137670837,1
1,1,0.5264651697578099,1
0,0,0.30375251804439823,1
1,1,0.745705930853136,1
1,1,0.6980145510831299,1
1,0,0.3224336360485977,0
0,1,0.939088589057386,1
0,0,0.3830179360190188,1
1,1,0.6254299878357352,1
1,1,0.9321547035646581,1
1,0,0.42128196956339947,1
1,1,0.7341634788549585,1
1,0,0.05860320584318885,0
1,1,0.6166345628731246,0
1,0,0.04207608087528759,1
1,1,0.8311179889651314,1
0,1,0.8396977797494678,1
1,0,0.06645938971207511,1
1,0,0.12088268646132166,1
0,0,0.06845757069052634,1
1,0,0.33936791945234646,1
1,0,0.4319867067465414,1
1,0,0.4626884806687668,1
0,0,0.06479080785959049,0
1,1,0.9988709242711558,0
0,0,0.40552710755406873,0
0,0,0.34823964440035376,1
0,1,0.8507594290211059,0
0,1,0.8904434869120046,0
1,0,0.4319197659875727,1
1,1,0.9212150480651372,1
0,0,0.0698334213141451,1
1,1,0.5182613255246363,1
