y_true,y_pred,y_prob,sensitive_features
0,1,0.6273691357568898,1
1,1,0.8450854024780554,1
0,0,0.3664559541994261,0
0,0,0.5352692058280737,1
1,1,0.6774057566916459,0
1,1,0.5870354904567298,1
1,1,0.7992964897944406,1
0,1,0.7208812239331706,1
1,1,0.7383957916700308,1
1,1,0.7062597695143157,1
1,1,0.768958915899672,1
1,1,0.8541317534565223,1
1,1,0.8598408626051461,1
1,1,0.6898582067382583,1
1,1,0.6344153515207918,0
0,0,0.5063142093256762,1
0,1,0.5894915824104198,0
0,1,0.6466721915276292,1
1,1,0.7146520090351476,0
1,0,0.48604808589246723,0
1,1,0.5427822480989406,0
0,0,0.33190992586745177,0
1,1,0.704432509211191,1
1,1,0.6450964030939539,1
1,1,0.7598043792394646,1
0,0,0.531413684508044,1
0,1,0.7017420965034225,0
1,1,0.6645944021015152,1
1,1,0.6838627243755935,1
1,1,0.7071346891085808,1
1,1,0.6028082353640882,1
0,1,0.7800353136856504,1
0,0,0.48503979892113475,0
0,1,0.7809478265918712,1
1,1,0.6948843471244628,1
0,1,0.72397567463986,1
1,1,0.6255237170082353,1
1,1,0.6403509928211037,1
0,1,0.7840251681674909,1
1,1,0.6904775975843221,1
0,1,0.6893091653890144,1
1,1,0.8476590350279734,1
1,1,0.6955650833122573,1
0,1,0.7038222270018556,1
1,1,0.6615882945712421,1
0,1,0.6782818306645173,1
0,0,0.37274058648118163,0
