y_true,y_pred,y_prob,sensitive_features
1,1,0.5588888495449922,1
1,1,0.999822088412702,0
0,0,0.4975632767207923,1
0,1,0.5301754373647581,1
0,0,0.3785375906753357,0
1,1,0.6450624608822992,1
0,1,0.6337180434257033,1
0,0,0.4156546960039089,1
1,1,0.9447589266392684,1
1,0,0.18726187451692264,1
0,1,0.6061671866899141,1
1,1,0.7265660521370322,1
1,1,0.5401723712695258,1
1,1,0.9532140735364231,0
1,1,0.5830836413957231,0
0,0,0.2103461079123159,1
1,1,0.5919607817712925,1
0,1,0.6400841740199681,1
1,1,0.5977361121057886,1
1,1,0.6859487438592781,1
1,1,0.8984092271033225,1
0,0,0.2387748084104206,0
0,0,0.38008813056311697,1
1,0,0.33431555639052635,0
0,1,0.7850408338481893,1
0,1,0.6576584014243119,1
1,1,0.5383586837012176,1
0,0,0.2234834369630442,0
1,0,0.40161894507650103,1
1,1,0.6073829153886202,1
1,0,0.2928925411647962,1
1,1,0.8609337314904223,0
1,0,0.4427491397983393,1
0,1,0.5888059133418142,1
1,0,0.4056191683921407,1
1,1,0.5936452262920429,1
0,0,0.20587765206127065,1
0,1,0.7293135148641894,0
0,0,0.31116779323231547,0
1,0,0.3025998332679272,1
1,1,0.9354878803620408,1
1,1,0.5000246172320998,1
1,0,0.47262652150072715,1
1,0,0.2700541374412963,1
0,0,0.4030151472607776,1
1,1,0.9019975743295997,1
0,1,0.6834947100262155,0
