y_true,y_pred,y_prob,sensitive_features
0,1,0.5461998177409331,1
0,0,0.21486653134035003,0
1,0,0.3716968805778463,1
0,1,0.8490159651041401,1
1,1,0.6164574386835558,0
0,1,0.53574844129337,0
0,1,0.7149398770435623,1
0,0,0.39031602567727475,1
1,1,0.6345298872300328,1
0,1,0.8789543501875895,1
0,0,0.15042296965945567,0
1,0,0.17404142788888188,1
1,1,0.8883492845841942,1
0,0,0.37998504472953887,1
1,1,0.5742085469937434,1
0,0,0.3991063799110815,1
0,1,0.5841938382167923,1
0,1,0.7436800067935152,1
1,1,0.5734301386807761,1
1,1,0.7944983568385646,1
0,0,0.34466502720756154,1
1,1,0.8199954424190011,1
1,0,0.15555664510911504,1
1,0,0.44049511310813577,1
1,0,0.4484959454603175,1
0,1,0.7204567770132945,1
1,1,0.7295203378614157,1
1,1,0.8019264088197026,1
0,0,0.3937423899578601,1
1,0,0.4480886017537961,0
1,1,0.6226870527668317,0
1,1,0.6351031187054234,1
0,1,0.5433963060002215,0
1,1,0.8618412829551676,0
1,1,0.6277608647753925,1
1,1,0.9971796588433512,0
1,1,0.8100576434660027,1
1,0,0.45443088391168696,1
1,1,0.7292838299030774,1
0,1,0.5054042751194261,0
1,1,0.8684446066389704,1
1,0,0.32353052306703933,1
1,0,0.35992507545892977,1
1,0,0.47392286589864363,1
0,0,0.4573945595003549,1
0,0,0.22837827191271298,0
1,1,0.5891017381097189,1
