y_true,y_pred,y_prob,sensitive_features
0,1,0.5691843855801703,0
1,1,0.5660337133845764,1
1,1,0.573491201016433,1
1,1,0.564477235291769,1
0,1,0.5706677822919007,1
1,1,0.5800581322247428,1
0,1,0.5877471392339537,1
0,0,0.5428679750229176,1
1,1,0.5691608513546189,1
0,1,0.5866721132256201,0
0,1,0.567269876219573,1
0,1,0.5781594680552472,1
1,1,0.5738652823371316,1
1,1,0.5689458847887916,1
1,1,0.5751346099721925,1
1,1,0.5716629090697882,1
0,0,0.5602768006093964,1
1,0,0.5615757995993842,1
0,0,0.5535280140508525,0
1,1,0.5808676645130194,1
0,0,0.5511375636892845,1
1,1,0.5812318613318685,0
0,0,0.5574039507512687,1
0,1,0.5748922071579974,1
1,1,0.5686780356555339,0
1,0,0.5539316732357688,1
0,1,0.5912445079215313,1
1,1,0.5661943055740032,1
1,1,0.5799883531675667,1
0,0,0.5520112095922488,0
0,1,0.5886637654385425,0
1,1,0.5845695360502788,1
1,1,0.5773846513534093,1
0,1,0.5745903329370747,1
0,1,0.5786294449069674,1
1,0,0.556255977583631,1
0,0,0.557245190591795,1
1,0,0.5610493542720202,1
1,0,0.5494544794044102,1
0,1,0.5708798290796909,0
1,0,0.5582188573238932,1
1,1,0.5830530359677645,0
1,0,0.5624822807947835,1
1,0,0.5597888238407438,1
1,1,0.5848225530964554,1
1,1,0.589776442367618,0
1,1,0.577348991484955,0
