y_true,y_pred,y_prob,sensitive_features
1,1,0.608130304523279,1
1,0,0.5481438308647381,1
0,1,0.6122981712326897,0
0,1,0.6175967175273336,1
1,0,0.5616541412755631,0
0,0,0.5487018418264681,0
1,1,0.6170272186841707,1
1,1,0.6174610782589443,0
0,1,0.6173987942570812,0
1,1,0.6176676407770036,1
1,1,0.6174049395578461,1
0,1,0.6010969263238941,1
1,1,0.6176345262660703,1
1,0,0.5485745346212417,1
1,1,0.6176310037009821,1
0,0,0.5478551774498889,1
1,1,0.6173760490992132,0
0,1,0.6174988412792269,1
0,0,0.547635092481362,0
1,0,0.5658117803644035,1
0,0,0.5485114444695625,0
1,1,0.6173761256603393,1
1,1,0.617208858601464,1
0,1,0.6173993222495849,1
1,0,0.555406491736552,1
1,1,0.6173751761905563,1
0,0,0.5484320559916455,1
1,1,0.5939560770216925,1
1,0,0.5475905368433043,1
1,1,0.6068580343764074,1
0,0,0.5716382299924893,1
1,0,0.5478576254922738,1
0,1,0.6147450468029242,1
1,1,0.6131375898141342,0
0,1,0.6176324337431904,1
1,1,0.6168781988638625,1
0,1,0.6169509333592786,1
1,1,0.6173757223801521,1
1,1,0.6176421112705746,1
1,0,0.5480685990641925,1
1,0,0.5483725585002139,1
0,1,0.6173770927342663,1
0,1,0.6173779161906947,1
0,1,0.6024420167778667,0
1,1,0.6173807166692922,0
0,0,0.5545953976351331,1
1,1,0.6173768298168122,1
