y_true,y_pred,y_prob,sensitive_features
1,1,0.6768642616527584,1
1,1,0.6569322251352414,0
0,1,0.5577539305906293,1
0,1,0.6787846288242816,1
0,0,0.5163826162976883,0
1,1,0.6323744505102509,1
0,1,0.586898605941216,1
0,1,0.5510460595215287,1
1,1,0.7966124917557271,1
1,0,0.4548231474052149,1
0,1,0.5756260800957652,1
1,1,0.6014927637256331,1
1,1,0.6143297149540244,1
1,1,0.7216104669368621,0
1,1,0.6157617605130756,0
0,0,0.4009694186520459,1
1,1,0.6424525704987861,1
0,1,0.6052982050039916,1
1,1,0.6471418044932462,1
1,1,0.5903073345063894,1
1,1,0.6265927504278027,1
0,0,0.4940762885117113,0
0,1,0.5430987653731117,1
1,0,0.412958232301025,0
0,1,0.7184823490426604,1
0,1,0.6029222206667781,1
1,1,0.5473592181016178,1
0,1,0.5494015096605895,0
1,1,0.5725288289131899,1
1,1,0.6385113769811082,1
1,1,0.5845286416890657,1
1,1,0.646657253887467,0
1,0,0.47226221683561564,1
0,1,0.6735756602262506,1
1,0,0.47740964573467176,1
1,1,0.6068651016671187,1
0,0,0.49303634086664533,1
0,0,0.5179247737467806,0
0,0,0.33472736041516565,0
1,1,0.5509568258073363,1
1,1,0.6443011004023411,1
1,1,0.5878913996245232,1
1,1,0.5405434366346907,1
1,0,0.4043256691033506,1
0,1,0.5630161222487335,1
1,1,0.5973026129499305,1
0,1,0.6048571935612049,0
