y_true,y_pred,y_prob,sensitive_features
0,1,0.8891266279916898,0
1,1,0.9800931672210108,1
0,1,0.5557399242424302,0
1,1,0.7734305660964288,1
1,1,0.5296946571367652,1
1,1,0.9281811205618414,1
1,1,0.7100413463967028,1
1,1,0.9911080480599005,1
1,1,0.9389087913813854,1
0,0,0.31903071524852733,1
0,1,0.8232613778862224,1
0,1,0.8955492631151062,1
0,1,0.959125553903011,0
1,1,0.758181440058081,1
0,1,0.875520411665052,1
1,1,0.9926612936814497,0
0,0,0.18203133731679846,1
1,1,0.9796323921477093,1
1,1,0.5775800110684383,0
1,1,0.775563734029813,1
0,1,0.8213944504381546,0
0,0,0.3841199310837947,0
0,1,0.9746063424124629,1
1,0,0.49011948515834136,1
1,1,0.6715160136912204,1
1,1,0.8840684791832717,0
0,0,0.1776686882554832,1
0,1,0.6953043871734549,1
1,1,0.9839467927135087,1
0,1,0.9111057156503515,1
1,1,0.9946683819415825,0
1,0,0.11270346085421962,1
1,1,0.9864683932635768,1
1,1,0.9829747440380728,1
0,0,0.46983192490006004,0
0,0,0.4011132475582709,1
0,1,0.8508884355972175,1
1,1,0.9691890577754692,0
1,0,0.3672853628132583,1
1,1,0.6122754683437582,1
1,0,0.11793568500910524,1
1,1,0.8510726782300121,1
1,0,0.010115832987472501,1
0,1,0.8119286352009607,1
0,1,0.9908960737059932,1
1,1,0.5992788816902954,1
1,1,0.9966597775861227,1
