y_true,y_pred,y_prob,sensitive_features
1,1,0.6358384004259501,1
1,0,0.5478399781576987,1
0,1,0.6197340773854074,0
0,1,0.6283233560467946,1
1,1,0.5875620873678721,0
0,0,0.5477072247707769,0
1,1,0.6085335172641225,1
1,0,0.5534337590958458,0
0,0,0.553479776082513,0
1,1,0.6525227321548297,1
1,1,0.6626626648480276,1
0,1,0.6167798162436601,1
1,1,0.6446986998383926,1
1,1,0.6089908494570329,1
1,1,0.6134182129831109,1
0,1,0.5838881011016377,1
1,1,0.6722588764055899,0
0,1,0.6012104774081373,1
0,1,0.5769961954206346,0
1,0,0.5726191245697386,1
0,0,0.5251555540476683,0
1,1,0.6411621983513619,1
1,1,0.6264534688488278,1
0,1,0.6735984143147726,1
1,1,0.5885035762074347,1
1,1,0.6927300642148692,1
0,1,0.6083146096949154,1
1,1,0.6214396472174012,1
1,1,0.617678549189891,1
1,1,0.597400957583446,1
0,1,0.6277071225845184,1
1,0,0.5229101913256581,1
0,1,0.6191557724949744,1
1,1,0.6624009433769532,0
0,0,0.5450779987254549,1
1,0,0.5113981776109471,1
0,1,0.626914497441554,1
1,1,0.6622484617776466,1
1,1,0.5980866189523159,1
1,1,0.6269692814156723,1
1,0,0.5242375168043467,1
0,1,0.58847793677652,1
0,1,0.641264747660149,1
0,1,0.6491412180357686,0
1,1,0.5930649160430257,0
0,1,0.6647068101895357,1
1,1,0.6528204023677493,1
