y_true,y_pred,y_prob,sensitive_features
1,1,0.7881987800967226,1
1,1,0.6029124046529737,1
0,1,0.7407163611869072,0
0,1,0.9235316903387444,1
1,1,0.7182794852033582,0
0,0,0.33679720925882145,0
1,1,0.7341929942263362,1
1,0,0.47784715080515694,0
0,1,0.7458721156774917,0
1,1,0.9200406691499231,1
1,1,0.7373007995292373,1
0,1,0.8710047863869959,1
1,1,0.9763109211099098,1
1,1,0.8320446521614898,1
1,1,0.8983564433659061,1
0,1,0.6870157208519555,1
1,1,0.6933652249534962,0
0,1,0.7077033473724095,1
0,0,0.3273386515098269,0
1,1,0.639279477475853,1
0,0,0.059244438556032404,0
1,1,0.8849546929495329,1
1,1,0.9524106933248978,1
0,1,0.7249268888221566,1
1,1,0.5416722178410059,1
1,1,0.9535837804884726,1
0,1,0.5113184857581008,1
1,0,0.47130988012383956,1
1,1,0.8897546100346405,1
1,0,0.18514387702635077,1
0,1,0.6890302551103877,1
1,0,0.3161667925377507,1
0,1,0.8545314649279877,1
1,1,0.9338878615956175,0
0,0,0.46359292494745136,1
1,0,0.3721402667773555,1
0,1,0.5176032479463428,1
1,1,0.9870373183463363,1
1,0,0.31975895049543096,1
1,1,0.7109498798099265,1
1,0,0.03395668310621632,1
0,1,0.8624132399885581,1
0,1,0.9137322125451397,1
0,1,0.7065578222508136,0
1,1,0.594951066758805,0
0,1,0.9949984920016054,1
1,1,0.6632213544406331,1
