y_true,y_pred,y_prob,sensitive_features
0,1,0.7196620542804296,1
0,0,0.4112409555457415,0
1,1,0.6142504060899977,1
0,1,0.8697110356982702,1
1,1,0.6887218995496747,0
0,0,0.3031839788086699,0
0,1,0.7414485882335397,1
0,0,0.2793894568513474,1
1,1,0.8211776618839078,1
0,1,0.9045285234446598,1
0,1,0.522028798332014,0
1,0,0.21295752860605696,1
1,1,0.861556502532417,1
0,0,0.36892593000229024,1
1,1,0.708044490477367,1
0,1,0.629415988279875,1
0,0,0.45920605474222265,1
0,1,0.7381490172758413,1
1,0,0.3678234924396581,1
1,1,0.7598630516090198,1
0,0,0.2920959881566876,1
1,1,0.7964786104546913,1
1,0,0.37666946452518146,1
1,1,0.5328594094256481,1
1,1,0.6890886939000284,1
0,1,0.8060561733336251,1
1,1,0.6519085168696939,1
1,1,0.7840417492100606,1
0,1,0.5827744712934987,1
1,1,0.5743968600179156,0
1,0,0.41970290206574123,0
1,1,0.7661555840068034,1
0,1,0.5,0
1,1,0.8538151448783257,0
1,1,0.5134662096921532,1
1,1,0.8415806057408921,0
1,1,0.6968030526459476,1
1,1,0.5226758875744325,1
1,1,0.7398364841148818,1
0,1,0.6472593826196303,0
1,1,0.8528716141932756,1
1,0,0.4451979005810038,1
1,0,0.3863511242465614,1
1,1,0.698704203973582,1
0,0,0.3657690591837411,1
0,0,0.3803431057662168,0
1,1,0.6638752761080449,1
