y_true,y_pred,y_prob,sensitive_features
1,1,0.5544956079732609,1
1,1,0.9966089902688304,0
0,0,0.42103892484950395,1
0,1,0.6401932680170206,1
0,0,0.03257412910049278,0
1,1,0.9084261952488589,1
0,0,0.48136639410650517,1
0,1,0.9566627335261388,1
1,1,0.7667151161578295,1
1,0,0.05143438934587128,1
0,1,0.8034385084333039,1
1,1,0.9223092174950679,1
1,1,0.8442610087037542,1
1,1,0.8559612054037943,0
1,1,0.6567230875135808,0
0,1,0.5326551128381469,1
1,1,0.7147693474434075,1
0,0,0.42648698254883965,1
1,1,0.9372657922762586,1
1,0,0.35913743382526464,1
1,1,0.9401242875398998,1
0,0,0.3650890037798145,0
0,0,0.4310554096449464,1
1,0,0.29191827755745975,0
0,0,0.3236709227423368,1
0,1,0.8535942782617972,1
1,1,0.7853272911186049,1
0,1,0.9433735935921426,0
1,0,0.4217226046795803,1
1,1,0.6877806785063477,1
1,0,0.028241064061655538,1
1,1,0.9413525217713915,0
1,1,0.7058271891923679,1
0,1,0.8847006778152893,1
1,0,0.3377487258175616,1
1,1,0.7650447681337716,1
0,0,0.35236429196337227,1
0,0,0.28261311704267533,0
0,0,0.12619350185380807,0
1,0,0.4377249844581908,1
1,1,0.9751126952885846,1
1,1,0.9020484050343187,1
1,1,0.8773802353357885,1
1,0,0.047886004146216146,1
0,1,0.6785215623639901,1
1,1,0.9081047528212479,1
0,1,0.9513439695965518,0
