y_true,y_pred,y_prob,sensitive_features
1,1,0.9903680023438144,1
1,1,0.9994234738176355,0
1,1,0.9937309009755398,1
1,0,0.3380642116481268,1
1,1,0.9411032314613098,1
1,0,0.2597924632935735,1
1,1,0.8356147617977734,1
1,0,0.33280724625341557,1
1,1,0.9612238642190368,1
0,1,0.7586953382656701,0
0,0,0.22443066649191637,0
0,1,0.826099484005462,1
1,0,0.024453224814780784,1
1,1,0.8725490546378022,1
0,0,0.27032382866239985,1
0,1,0.9687044396175679,1
1,1,0.9244802024815384,1
1,1,0.9029804933988191,1
0,0,0.24445909732557247,0
0,1,0.7481026716402728,1
1,0,0.11036625057993632,1
0,1,0.6902843999547954,1
1,0,0.23259774300341549,0
0,1,0.7068861588890222,1
1,1,0.9368456759688213,0
0,0,0.3640100146537703,1
0,1,0.6989944597456188,1
0,0,0.43258974002707673,1
0,0,0.4136067702121074,1
0,1,0.6784548795850007,0
0,1,0.674785682186868,1
1,0,0.14565387373462343,1
0,0,0.16609751064620337,0
1,1,0.7191350125667784,1
1,0,0.36935438226074374,1
1,1,0.6964223072190888,0
1,0,0.21853379548232732,1
0,1,0.7649019069432086,1
0,1,0.9793335895271832,1
1,0,0.45225926497592334,0
0,0,0.14195397076027197,0
1,0,0.2387844892133783,1
1,1,0.6452590276284479,1
1,1,0.8156935911872752,1
1,1,0.8762656093130059,1
1,1,0.741993918438944,1
1,1,0.9965599222340835,1
