y_true,y_pred,y_prob,sensitive_features
1,1,0.6760653768745649,1
0,1,0.5533673208250481,1
1,1,0.655332650147351,1
0,0,0.2527125687250204,0
1,0,0.38322589298702675,0
0,0,0.34063238523011785,0
1,0,0.48276627872625133,1
0,0,0.3618481534515029,1
0,1,0.6795887067550768,1
1,1,0.6126951455237263,1
1,1,0.9281009454267379,1
1,1,0.5355956151793867,1
1,0,0.3751157638767264,1
1,1,0.6368788428370137,1
1,1,0.5382239287378844,1
1,0,0.49440524957232335,1
1,1,0.710369738848376,1
0,1,0.9666206003164596,1
1,1,0.9135172015637816,1
1,0,0.3864649864722472,1
1,1,0.9289474874233361,1
1,1,0.9923114639877029,1
0,0,0.48744094918743164,1
0,1,0.7130035499136812,1
0,0,0.4336495046072587,0
0,1,0.7000576933060553,1
1,0,0.3226907018272953,0
1,1,0.7345226394212312,1
0,1,0.8829541672232772,1
1,1,0.5065749898451893,0
1,1,0.6852308301899429,1
0,0,0.27322615921271864,0
0,1,0.6805128704722235,1
1,1,0.6514505244144426,1
0,0,0.1485611692431402,0
0,1,0.540237228314362,1
1,1,0.7607594001211331,1
1,1,0.7768336063618069,1
0,1,0.6861345612484646,1
1,0,0.3571351258308786,0
1,1,0.515313539646685,1
1,1,0.6558676945343948,0
1,0,0.3952697062390581,1
0,1,0.7620312702400813,1
1,0,0.3806694805576626,1
0,1,0.5949007889831908,1
0,0,0.2303850400741274,0
