y_true,y_pred,y_prob,sensitive_features
1,1,0.7722961409722244,1
0,1,0.7468682558822508,1
1,1,0.72195564118559,1
0,0,0.4168572891468383,0
1,0,0.2820798934714731,0
0,1,0.493467646524263,0
1,1,0.6615614300634188,1
0,0,0.42550552562798527,1
0,1,0.7870653831548349,1
1,1,0.6681217098929462,1
1,1,0.9134237329963911,1
1,1,0.6652827794607745,1
1,1,0.7005877398594059,1
1,1,0.7151030082131447,1
1,1,0.8469051975126758,1
1,1,0.5691208088098222,1
1,1,0.6457073423340922,1
0,1,0.7503141095153543,1
1,1,0.8118326478876354,1
1,1,0.6102983013833437,1
1,1,0.7124474421130595,1
1,1,0.9192144872155458,1
0,1,0.557718317528699,1
0,1,0.8086845365261491,1
0,0,0.44052495135656733,0
0,1,0.8013465572944819,1
1,0,0.4407522229304734,0
1,1,0.6401621417895175,1
0,1,0.829743765279292,1
1,1,0.5949541121930434,0
1,1,0.7782197953520271,1
0,0,0.34762917418264244,0
0,1,0.568439445177824,1
1,1,0.7924647012305279,1
0,0,0.2136690180473955,0
0,0,0.4528820634942414,1
1,1,0.6129614349535285,1
1,1,0.7777973406140881,1
0,1,0.8429329136546568,1
1,0,0.2950787833163795,0
1,1,0.8658193885144798,1
1,1,0.6088363993763116,0
1,0,0.41053442777203675,1
0,1,0.7101727098442424,1
1,1,0.665397425092881,1
0,1,0.6466869639695404,1
0,0,0.15091147435994193,0
