y_true,y_pred,y_prob,sensitive_features
1,1,0.9444786191575419,1
0,0,0.08474001810128835,1
1,1,0.951123809016107,1
0,0,0.16414527948925214,0
1,1,0.5149935399883506,0
0,0,0.050209616951686735,0
1,0,0.23835292412641176,1
0,0,0.061289578549626716,1
0,0,0.13947603174341475,1
1,1,0.509095819095044,1
1,1,0.9754311110187359,1
1,0,0.27630564916064604,1
1,0,0.4103045219941198,1
1,1,0.8419875635883755,1
1,1,0.6568291844002067,1
1,1,0.853772226387453,1
1,1,0.9867870363553891,1
0,1,0.9650215710015484,1
1,1,0.9648337005344022,1
1,0,0.4296107615686502,1
1,1,0.893368635203355,1
1,1,0.995919795638108,1
0,1,0.6483709557372687,1
0,1,0.7571511829949966,1
0,1,0.801787036580552,0
0,1,0.8538657888977382,1
1,0,0.043697964128601025,0
1,1,0.9698646176851614,1
0,1,0.9547194083245268,1
1,1,0.9067712638740761,0
1,1,0.9799771920719572,1
0,0,0.13973055273879798,0
0,1,0.8980621896618843,1
1,1,0.9526512046108305,1
0,0,0.3372213439073205,0
0,1,0.5746011908034874,1
1,1,0.8000131443023732,1
1,1,0.9806878906184129,1
0,1,0.9229328985447426,1
1,0,0.11324312719101885,0
1,1,0.991380102928042,1
1,1,0.9226540364570854,0
1,0,0.3822812131195788,1
0,1,0.9331469501679672,1
1,1,0.9411969051503936,1
0,0,0.19267335857066373,1
0,0,0.09224542456666492,0
