y_true,y_pred,y_prob,sensitive_features
1,1,0.787012827645896,1
0,1,0.6301950291816881,1
1,1,0.7051550654920292,1
0,0,0.32352686998521496,0
1,1,0.5304141862814292,0
0,1,0.5132025343900314,0
1,0,0.41141621713733195,1
0,0,0.25879324041837587,1
0,1,0.7272328229363627,1
1,1,0.6324598872668714,1
1,1,0.9095140614274737,1
1,1,0.6769578543827687,1
1,1,0.5264698522258842,1
1,1,0.761421230174814,1
1,1,0.7759544641370655,1
1,0,0.468790813588988,1
1,1,0.7925654267400982,1
0,1,0.6875794239437567,1
1,1,0.6561057977485827,1
1,1,0.5130046247168102,1
1,1,0.7901282904613066,1
1,1,0.7396847112976999,1
0,0,0.45457785807569595,1
0,1,0.7970188746421548,1
0,1,0.567482259131046,0
0,1,0.7299187487823763,1
1,0,0.5,0
1,1,0.7191337636178835,1
0,1,0.7747291650073002,1
1,1,0.6206001561514805,0
1,1,0.8276900899452291,1
0,1,0.5403021057890292,0
0,1,0.6623339083790637,1
1,1,0.7085588250846655,1
0,0,0.3405479648930498,0
0,0,0.3892022764600875,1
1,1,0.7259168144996593,1
1,1,0.7545389299032842,1
0,1,0.8079557948755703,1
1,0,0.4124196282876741,0
1,1,0.7429601680242128,1
1,1,0.7893491420083314,0
1,0,0.2178681134344739,1
0,1,0.8139488792067795,1
1,1,0.5273275773034126,1
0,1,0.5671748918534698,1
0,0,0.33287873619298836,0
