y_true,y_pred,y_prob,sensitive_features
1,1,0.8241510928538197,1
1,1,0.7054023604440124,1
0,0,0.24467763323613548,0
0,1,0.7735087382393198,1
1,1,0.7642258958514638,0
0,0,0.23791213157197905,0
1,1,0.6586701082206043,1
1,1,0.6847591432366866,0
0,0,0.45832204262182885,0
1,0,0.12538462318732793,1
1,0,0.2977364133314499,1
0,1,0.5845655789483049,1
1,1,0.7982248027401688,1
1,1,0.7130963887685203,1
1,1,0.8082181094654255,1
0,1,0.7162271931190769,1
1,0,0.19925016975360543,0
0,0,0.19109062080900371,1
0,0,0.08599327250268575,0
1,1,0.6836832683882115,1
0,0,0.4826285094794495,0
1,1,0.8973740745092518,1
1,0,0.4957565803749762,1
0,1,0.8753706598013702,1
1,0,0.21555709235621145,1
1,1,0.6503411085605029,1
0,0,0.1335467444481428,1
1,0,0.25837344960981823,1
1,1,0.7503400454109306,1
1,0,0.4634962803887328,1
0,1,0.7652668799386532,1
1,1,0.5056548951080263,1
0,1,0.7667960995309485,1
1,1,0.9634575489842113,0
0,0,0.1848251152254488,1
1,1,0.575053261496571,1
0,1,0.6016800637538218,1
1,1,0.7783658707782106,1
1,0,0.4324223168525678,1
1,0,0.48766408142435713,1
1,0,0.10680027184590726,1
0,1,0.613416509354744,1
0,1,0.7990176189827823,1
0,0,0.38171771396915216,0
1,1,0.8300249708803458,0
0,1,0.9210412176715537,1
1,0,0.31239109449795477,1
