y_true,y_pred,y_prob,sensitive_features
0,1,0.7746473461887285,0
1,1,0.8551503645356102,1
0,0,0.18681044421549936,0
1,1,0.8204391428928729,1
1,1,0.5507322303924708,1
1,1,0.5219862724640154,1
1,1,0.8079259107782386,1
1,1,0.9627677526161701,1
1,1,0.9627226495141443,1
0,1,0.5266359472496996,1
0,1,0.7397260569606366,1
0,1,0.5893098803133789,1
0,1,0.8144490619411089,0
1,0,0.1905946951953261,1
0,1,0.9190582054611645,1
1,1,0.968556353334593,0
0,0,0.39912538371661155,1
1,1,0.9849540173833157,1
1,0,0.3340463414889339,0
1,0,0.328199845901377,1
0,1,0.7883986413124863,0
0,0,0.2649286255287043,0
0,1,0.8995686652547003,1
1,1,0.7587032511689059,1
1,1,0.798937891108359,1
1,1,0.8878646479957226,0
0,0,0.3336038782190451,1
0,1,0.7645070239113692,1
1,1,0.9389495017835986,1
0,1,0.755467321433803,1
1,1,0.9691595297423989,0
1,1,0.7485476134660364,1
1,1,0.8525779430971627,1
1,1,0.9243749275399215,1
0,1,0.551867966607808,0
0,1,0.6675984679367044,1
0,1,0.9162067619830759,1
1,1,0.9194104336933887,0
1,0,0.48434030864661193,1
1,1,0.8141759971419634,1
1,0,0.38444039086524145,1
1,1,0.8785221512731054,1
1,0,0.026031652573698116,1
0,0,0.4467428027586013,1
0,1,0.9859677301432317,1
1,1,0.7051545500899806,1
1,1,0.995411094375224,1
