y_true,y_pred,y_prob,sensitive_features
1,1,0.9415078325431602,1
1,1,0.853411907691359,0
1,1,0.9267025509357705,1
1,1,0.7164722281898684,1
1,1,0.8257914095353864,1
1,1,0.4805721308355641,1
1,1,0.8723960710943627,1
1,1,0.5544700831264331,1
1,1,0.7673776746090343,1
0,1,0.5080674843375391,0
0,0,0.1797365144756488,0
0,1,0.7366231459409145,1
1,1,0.7152655629540956,1
1,1,0.807761254287948,1
0,1,0.697269661522181,1
0,1,0.7459809067777595,1
1,1,0.866249675360215,1
1,1,0.8828818867132932,1
0,0,0.1309521941679042,0
0,1,0.6952952359772733,1
1,1,0.6637913722122637,1
0,1,0.8279199898303925,1
1,0,0.3454616390948132,0
0,1,0.6445799432460841,1
1,1,0.4663196770973525,0
0,1,0.4347855016310048,1
0,1,0.7004767158298982,1
0,1,0.6385249640496249,1
0,1,0.5957568709523181,1
0,1,0.6268620596846363,0
0,1,0.7780946886258904,1
1,0,0.35275856282981,1
0,0,0.17974685798145776,0
1,1,0.7046201678290813,1
1,1,0.749712100429813,1
1,0,0.20085819576806366,0
1,1,0.48276315944895826,1
0,1,0.6477358213521368,1
0,1,0.8985231014480843,1
1,0,0.354750575567056,0
0,0,0.10713079397281516,0
1,1,0.700091856546768,1
1,1,0.7579179056564538,1
1,1,0.7148003346227302,1
1,1,0.837367299001546,1
1,1,0.7640830676354927,1
1,1,0.8992158688880174,1
