y_true,y_pred,y_prob,sensitive_features
1,1,0.614154842612106,1
0,1,0.5341496799131611,1
1,1,0.6987344447257062,1
0,0,0.19940383583497626,0
1,0,0.347591310549467,0
0,0,0.3040071912345088,0
1,0,0.3037829272162897,1
0,0,0.22925162744351404,1
0,1,0.6494910275108462,1
1,1,0.5151608208286108,1
1,1,0.9352690654409775,1
1,0,0.46962936508361836,1
1,0,0.299023844984533,1
1,1,0.6382358970360444,1
1,1,0.5715050680866078,1
1,1,0.5703799750495322,1
1,1,0.7514576307577435,1
0,1,0.9339002153778788,1
1,1,0.9360618672306017,1
1,0,0.3633776959942018,1
1,1,0.8963801642545609,1
1,1,0.9987882252115838,1
0,1,0.5600178548053185,1
0,1,0.7527754426775657,1
0,1,0.5503374524126136,0
0,1,0.7085617466448325,1
1,0,0.229807914038322,0
1,1,0.5703971547645837,1
0,1,0.9468778361858419,1
1,1,0.677909858593244,0
1,1,0.7586038979449421,1
0,0,0.24986889857044245,0
0,0,0.4323273018978618,1
1,1,0.7109872712851314,1
0,0,0.19101936226566507,0
0,0,0.4798195697563667,1
1,1,0.6566786939580298,1
1,1,0.773578605863955,1
0,1,0.8162311627851195,1
1,0,0.4365184324249421,0
1,1,0.7430672661009581,1
1,1,0.7542412174921128,0
1,0,0.35892877602125317,1
0,1,0.7843955054238363,1
1,0,0.4180979240153795,1
0,0,0.42628982409638044,1
0,0,0.13766923694433575,0
