y_true,y_pred,y_prob,sensitive_features
0,1,0.6499463332215122,0
1,1,0.6280752446633419,1
0,1,0.6276364406072352,0
1,1,0.6381248935540609,1
1,0,0.5501775284986392,1
1,1,0.6838454599711247,1
1,1,0.6682416197693153,1
1,1,0.7724556599369448,1
1,1,0.657713000371522,1
0,1,0.6031975782835759,1
0,1,0.6512671039934178,1
0,1,0.5993641239568044,1
0,1,0.5972414104608508,0
1,1,0.6112865432551773,1
0,1,0.6917838499566171,1
1,1,0.690200479033166,0
0,1,0.6608608387673132,1
1,1,0.6586654707537083,1
1,1,0.582874718305716,0
1,1,0.6499191970835877,1
0,1,0.5904583792844023,0
0,0,0.5432336256514068,0
0,1,0.6485106703356974,1
1,1,0.6391727241935693,1
1,1,0.6270188912001987,1
1,1,0.6079938388761649,0
0,0,0.5360151139749321,1
0,1,0.6828308554695026,1
1,1,0.709645947565517,1
0,1,0.7259488608821909,1
1,1,0.6714456038892632,0
1,1,0.5904146848910847,1
1,1,0.6596172309359314,1
1,1,0.689961709584343,1
0,1,0.6547938243819159,0
0,1,0.672825341223688,1
0,1,0.701079442942068,1
1,1,0.7308358961286958,0
1,0,0.5521015016404668,1
1,0,0.5620545068067693,1
1,1,0.6423948903590013,1
1,1,0.672595747571689,1
1,0,0.43993459802599366,1
0,0,0.5,1
0,1,0.7064820395575975,1
1,1,0.625390937817149,1
1,1,0.6572343026490354,1
