y_true,y_pred,y_prob,sensitive_features
1,1,0.7637763888153295,1
1,1,0.9048023090393469,0
0,1,0.7812059537161032,1
0,1,0.8673321862267986,1
0,0,0.4073962398859444,0
1,1,0.7781555068669316,1
0,1,0.7541811330759584,1
0,1,0.7950497544396591,1
1,1,0.9783733250962227,1
1,0,0.11821908101861718,1
0,0,0.38432609036051585,1
1,0,0.41342975013445377,1
1,1,0.8287426620312495,1
1,1,0.944394271762515,0
1,1,0.7471926000101936,0
0,0,0.45758759932423265,1
1,1,0.6356497476093698,1
0,1,0.7243236431109915,1
1,1,0.6630604989541092,1
1,1,0.5566076068240786,1
1,1,0.5867943697765942,1
0,0,0.27440883924760784,0
0,0,0.3401328208173423,1
1,0,0.15068481290342858,0
0,1,0.8244554339168354,1
0,1,0.737101305306355,1
1,1,0.6039484227146379,1
0,0,0.27753555315862116,0
1,1,0.5702806439374706,1
1,1,0.7792597415324516,1
1,0,0.2747916671741938,1
1,1,0.8200499465304248,0
1,0,0.44377221856894844,1
0,1,0.9493648388277866,1
1,1,0.4878922752321111,1
1,1,0.7151084304722474,1
0,0,0.1604690336763951,1
0,0,0.23434387661856015,0
0,0,0.12395540700028042,0
1,0,0.2997652006827232,1
1,1,0.7843794424750906,1
1,1,0.7938762333688429,1
1,0,0.4530589090038257,1
1,0,0.10439704753079909,1
0,1,0.6868910376104144,1
1,1,0.6428563208836069,1
0,1,0.5106501136029574,0
