y_true,y_pred,y_prob,sensitive_features
1,1,0.5871189896040652,1
1,1,0.960403618796398,0
1,0,0.4777577342773848,1
1,1,0.8683894893975342,1
1,1,0.5218720318686012,1
1,0,0.12975239354047693,1
1,1,0.9165111183403944,1
1,0,0.17931110314115176,1
1,1,0.7646956518725482,1
0,0,0.4141698597090016,0
0,0,0.07410346865094175,0
0,0,0.4869022957366516,1
1,0,0.15182314607489103,1
1,1,0.946003708534003,1
0,0,0.289033189438338,1
0,1,0.7571595866552739,1
1,1,0.6324071292236454,1
1,0,0.2502340819685311,1
0,0,0.11404223491485006,0
0,0,0.4526594502020653,1
1,0,0.09565755760277582,1
0,1,0.5751032700441635,1
1,1,0.637307756811714,0
0,1,0.8179950157806936,1
1,1,0.5268283267922345,0
0,0,0.4986696312566285,1
0,1,0.5450418567131283,1
0,1,0.9506277993250418,1
0,0,0.3609442958897034,1
0,1,0.7071326124103884,0
0,0,0.39233691835016415,1
1,0,0.1346968498299402,1
0,0,0.25441289889087326,0
1,1,0.6323003458295643,1
1,1,0.8006639582270958,1
1,0,0.21427840874903292,0
1,1,0.7536894199675164,1
0,1,0.7785884723659898,1
0,1,0.7022827715761497,1
1,1,0.7356789330719242,0
0,0,0.34696676474492993,0
1,0,0.4564533875403628,1
1,1,0.6126557383837876,1
1,0,0.3450819424844115,1
1,1,0.6948754029412612,1
1,0,0.3144717973899352,1
1,1,0.9420855829648126,1
