y_true,y_pred,y_prob,sensitive_features
1,1,0.5291996112285315,1
1,1,0.7359609197002392,1
1,1,0.8920993381040936,1
0,1,0.6504827914228376,1
1,1,0.6712053522747348,1
0,1,0.9178226273405203,1
0,1,0.5330676582776829,1
0,1,0.6196234471252429,0
0,1,0.7848023556465497,1
0,0,0.1558038010128564,0
1,1,0.6239588503565537,1
0,0,0.23983011342821292,1
1,1,0.9667638123830095,1
1,0,0.2812959701069682,0
0,0,0.3673074635470338,1
1,1,0.5689260779562106,1
0,1,0.7031553276065603,1
1,0,0.34814455974948566,1
1,1,0.7391897924259763,1
1,1,0.8210948128331914,0
0,1,0.7481064728815008,1
0,1,0.5205549115303579,1
1,1,0.7364520071731053,1
1,1,0.7761449836357013,1
1,1,0.6631528737945687,1
1,1,0.7749056082351237,1
1,0,0.09553186600832422,0
1,1,0.8906381348054819,0
1,0,0.17812487143776004,1
1,1,0.8305652815574093,1
0,1,0.47947970220259917,1
1,1,0.6542581953884147,1
1,0,0.410989801926601,1
0,0,0.1966396648858003,1
1,1,0.6629826903515159,1
1,1,0.48146271655233663,1
1,1,0.5608577614148553,1
0,1,0.6720476209215532,0
1,1,0.8748279002179384,0
0,0,0.03408511381163145,0
0,1,0.5670182009486443,1
0,1,0.5278507862345377,0
0,1,0.8103165658594993,0
1,1,0.5789472456531659,1
1,1,0.7796446485891132,1
0,0,0.20282805115881208,1
1,1,0.47606930025440514,1
