y_true,y_pred,y_prob,sensitive_features
1,1,0.6297270525377623,1
1,1,0.6584961292600893,0
0,1,0.5799825052269427,1
0,1,0.6440207671162576,1
0,0,0.46321550019694346,0
1,1,0.6649118153790723,1
0,1,0.5652534980418671,1
0,1,0.6186220609064271,1
1,1,0.7699892700516517,1
1,0,0.4126797479492372,1
0,1,0.646655496666847,1
1,1,0.6442242629750428,1
1,1,0.6109021301731308,1
1,1,0.7098122999920562,0
1,1,0.5875561278677379,0
0,0,0.5104229019685208,1
1,1,0.628861059196065,1
0,1,0.6330030976953879,1
1,1,0.6294383737854322,1
1,1,0.6042586937814234,1
1,1,0.6458292668093698,1
0,0,0.5197709247346237,0
0,1,0.5458728397089124,1
1,0,0.37459479622502045,0
0,1,0.7184520563073022,1
0,1,0.6358082789876657,1
1,1,0.5480669876930606,1
0,1,0.6296337875185681,0
1,1,0.5650408617268425,1
1,1,0.6383643399726684,1
1,1,0.5602572380274531,1
1,1,0.6228817262523032,0
1,1,0.58722250133856,1
0,1,0.6489463185856881,1
1,0,0.4450823589923213,1
1,1,0.5959715679103539,1
0,0,0.4551474012516854,1
0,1,0.6219662817559787,0
0,0,0.3680631697261945,0
1,1,0.5433699075571718,1
1,1,0.6807521917784496,1
1,1,0.6243211351067507,1
1,1,0.5538546955502651,1
1,0,0.3892875023187971,1
0,1,0.5790587775115559,1
1,1,0.647560000432322,1
0,1,0.5717993952078949,0
