y_true,y_pred,y_prob,sensitive_features
0,0,0.24983155992100975,0
1,1,0.9782984312645346,1
1,1,0.9881633468798624,1
1,0,0.18064664415299245,1
0,1,0.579632223751071,1
1,1,0.9623644414049184,1
0,1,0.7086031268837213,1
0,0,0.30471060702623437,1
1,0,0.3298304226397154,1
0,1,0.6891146113052617,0
0,0,0.19888727682867516,1
0,0,0.4860373404745165,1
1,0,0.2667674176697794,1
1,1,0.7227873994462187,1
1,0,0.39744777620553745,1
1,1,0.741108505329067,1
0,0,0.22546549434975144,1
1,0,0.2278502332042212,1
0,0,0.28723559361502415,0
1,1,0.9232219879051619,1
0,0,0.3935740980484418,1
1,1,0.640876723676144,0
0,1,0.5750568723084126,1
0,1,0.7537215356552002,1
1,1,0.702071391510504,0
1,0,0.34854817421659007,1
0,1,0.8779459323489475,1
1,0,0.28344714028074786,1
1,1,0.6802948051327262,1
0,0,0.16501063484501333,0
0,0,0.24249276045827795,0
1,1,0.7462793066154644,1
1,1,0.5421103982912666,1
0,0,0.43875883791500725,1
0,0,0.43924271105077345,1
1,1,0.7560403751698078,1
0,0,0.46922283372473356,1
1,0,0.48070514203551656,1
1,0,0.41665205241404535,1
0,0,0.2738313906065,0
1,1,0.8099945390588124,1
1,1,0.8737472382393464,0
1,1,0.6126918245789711,1
1,0,0.30025664465982604,1
1,1,0.9677809412019204,1
1,1,0.9971477304508725,0
1,1,0.7805869377585063,0
