y_true,y_pred,y_prob,sensitive_features
0,1,0.9986340997107296,1
1,1,0.9811603040129072,1
1,1,0.6254359368121907,1
1,1,0.8861529548745263,1
1,1,0.979645388122878,1
0,0,0.06570165130673061,1
1,1,0.9417443003696816,0
1,1,0.9948911692760883,0
0,1,0.9894497863600125,1
0,0,0.30846723434107265,0
0,0,0.10731319371558533,0
1,1,0.9735349332498723,1
0,1,0.97676618110465,1
0,1,0.918820251204744,1
0,1,0.7738096221357208,1
1,1,0.9967621792431698,1
1,1,0.9983726246884338,1
0,1,0.5602306588182866,1
1,0,0.010443406578839689,1
1,1,0.7370265058757745,1
0,1,0.9859416344226095,1
0,0,0.20888409535170055,0
1,1,0.7126068000573651,1
1,1,0.8813090269410309,1
1,0,0.2747241622931176,1
0,1,0.9978339208022017,1
0,0,0.2702704472537354,1
1,0,0.2681581302771389,1
1,1,0.9964857168516801,1
1,0,0.3576630786138442,1
1,1,0.8368014189514893,1
1,1,0.9411270254275493,1
0,1,0.8132407013574748,0
1,1,0.8503084329907751,1
1,1,0.7710202352987954,1
0,0,0.07224849558321834,0
1,1,0.799618545256688,1
1,0,0.2599324357568294,0
0,1,0.9830370434391053,1
0,0,0.12952827456654906,0
0,1,0.9666894624376843,1
1,1,0.9780072156715364,1
0,1,0.7087550197296235,1
1,1,0.9741469649049292,0
1,1,0.8836564665814958,1
1,1,0.76342092228141,1
1,1,0.986856038082642,0
