y_true,y_pred,y_prob,sensitive_features
0,0,0.3298492385776574,0
1,1,0.9372863807037155,1
0,0,0.49928883712963046,0
1,1,0.7386794791804735,1
1,1,0.6405148511836692,1
1,1,0.9325600224916747,1
1,1,0.8107547866293762,1
1,1,0.9971180476502124,1
1,1,0.9290653518633663,1
0,0,0.2003431067648195,1
0,1,0.9341039590381002,1
0,1,0.8027497479923946,1
0,1,0.9439775824928042,0
1,1,0.8444373302052164,1
0,1,0.960617226432963,1
1,1,0.9734160631709254,0
0,0,0.018611803158121863,1
1,1,0.9830150964460873,1
1,0,0.44407919993041334,0
1,1,0.792891672110829,1
0,1,0.9084905991334414,0
0,0,0.03211202074609718,0
0,1,0.9066697505316837,1
1,1,0.7906843115457852,1
1,1,0.8456238038678183,1
1,0,0.2588477808360549,0
0,0,0.3151743791897321,1
0,1,0.8216382238089469,1
1,1,0.9869185928679519,1
0,1,0.8387929015537195,1
1,1,0.973195657911037,0
1,1,0.6003112042070338,1
1,1,0.6493171504696617,1
1,1,0.9426296056662083,1
0,1,0.6512011401708341,0
0,0,0.42007414112208985,1
0,1,0.9661744247494389,1
1,1,0.9345232863274323,0
1,0,0.34348561827681057,1
1,1,0.5963958416729007,1
1,0,0.08212625167470097,1
1,1,0.9505084869748776,1
1,0,0.013272952813410135,1
0,1,0.9316530710037252,1
0,1,0.9931650658765768,1
1,1,0.6172377757672667,1
1,1,0.9978790281177421,1
