y_true,y_pred,y_prob,sensitive_features
1,1,0.8689337401480481,1
1,1,0.9882911436751322,0
1,1,0.9455608810185651,1
1,0,0.44279076104960435,1
1,1,0.7073880427848087,1
1,0,0.19446952506323245,1
1,1,0.7143183125464992,1
1,1,0.7015008613591288,1
1,1,0.8652770166081275,1
0,1,0.5403756364556872,0
0,0,0.3944370066476109,0
0,1,0.6700941682372845,1
1,0,0.0586534276781935,1
1,1,0.8463618993425042,1
0,1,0.5723080690061905,1
0,1,0.9521510285065868,1
1,1,0.8399993683814705,1
1,1,0.6791208388643449,1
0,0,0.27730436006483056,0
0,1,0.6690144486056674,1
1,0,0.03347334747994526,1
0,1,0.7022356128651867,1
1,0,0.4750911111763846,0
0,0,0.21760397020799774,1
1,1,0.5858282548506961,0
0,0,0.44612743901782415,1
0,1,0.7705616712465682,1
0,1,0.7699874194649541,1
0,0,0.3526867158779998,1
0,1,0.5993841314708682,0
0,1,0.8531159788432281,1
1,0,0.41825163647739094,1
0,0,0.32701459176569486,0
1,1,0.6066566275779044,1
1,0,0.48674721753165606,1
1,1,0.5276046380786146,0
1,1,0.6521421987540784,1
0,0,0.42850387271586826,1
0,1,0.9346496205400266,1
1,1,0.6885033090873477,0
0,0,0.286916568544102,0
1,1,0.5314878327052653,1
1,1,0.5313765157178338,1
1,1,0.7747936258337065,1
1,1,0.8006185942908293,1
1,0,0.4701291137765788,1
1,1,0.8870330330800509,1
