y_true,y_pred,y_prob,sensitive_features
0,1,0.9462913535077673,1
0,1,0.7555874217092662,0
1,1,0.6028413141915044,1
0,1,0.9790050254580926,1
1,1,0.6964049891934128,0
0,1,0.5488945746778724,0
0,1,0.8014581378005992,1
0,0,0.17878303426736394,1
1,1,0.8557675785753472,1
0,1,0.9805369275145822,1
0,0,0.019624785534986405,0
1,0,0.04378376843548927,1
1,1,0.9948996760228178,1
0,0,0.15510202676570733,1
1,1,0.8050961280900782,1
0,1,0.7268215628599521,1
0,1,0.7113488197636785,1
0,1,0.787820080614059,1
1,1,0.6784550783546661,1
1,1,0.8717075551392971,1
0,0,0.0723820443479894,1
1,1,0.9663285012901707,1
1,0,0.14653764465273444,1
1,1,0.5736673798878894,1
1,1,0.7474336642303578,1
0,1,0.9241827421580907,1
1,1,0.7410344293199483,1
1,1,0.9653409881679147,1
0,1,0.6099840506139567,1
1,1,0.6295770505889718,0
1,0,0.37510543290505227,0
1,1,0.7541162432754326,1
0,0,0.09602121350570347,0
1,1,0.8052241333416681,0
1,0,0.46344596629295554,1
1,1,0.9999895787323091,0
1,1,0.8414378644370041,1
1,0,0.3230337572377376,1
1,1,0.8328783516714429,1
0,1,0.7428868492533176,0
1,1,0.753430156604163,1
1,0,0.26119633264780356,1
1,0,0.11357507595595734,1
1,1,0.8021108681328746,1
0,0,0.3903979310300663,1
0,0,0.006052420255846692,0
1,0,0.47002445548619903,1
