y_true,y_pred,y_prob,sensitive_features
0,1,0.7923225338500368,0
1,1,0.5138364113542576,1
0,1,0.5003414778991303,0
1,1,0.6612335302013127,1
1,1,0.5496423842576921,1
1,0,0.4859463463026612,1
1,1,0.6106303383353899,1
1,1,0.8415377890082544,1
1,1,0.5383986179124269,1
0,0,0.27217213179436667,1
0,0,0.43683267590403263,1
0,1,0.6648059774078897,1
0,1,0.7641375390172073,0
1,1,0.5342355610614948,1
0,1,0.7268195850621928,1
1,1,0.831439767321158,0
0,0,0.062428281390211844,1
1,1,0.8273512301945066,1
1,1,0.6827338894058972,0
1,1,0.7401480544473299,1
0,1,0.8153245615833952,0
0,1,0.641357522494107,0
0,1,0.916136097693078,1
1,0,0.23294737955007228,1
1,1,0.8292903101837878,1
1,0,0.11314586074581509,0
0,0,0.26284311732842763,1
0,1,0.5558920361334728,1
1,1,0.9128904269390751,1
0,0,0.4817721873245077,1
1,1,0.9971664658011098,0
1,1,0.6898266245787811,1
1,1,0.6838740724755059,1
1,1,0.8141091383857072,1
0,0,0.4194507127993023,0
0,1,0.5363388231624012,1
0,0,0.3622669416254349,1
1,1,0.7991967867111506,0
1,1,0.6229055787304542,1
1,1,0.7469278378213003,1
1,1,0.6795885435221124,1
1,0,0.16571087874963866,1
1,0,0.24529829223818242,1
0,0,0.4383256229140875,1
0,1,0.7378113456473454,1
1,1,0.7806278716091848,1
1,1,0.8336543428461854,1
