y_true,y_pred,y_prob,sensitive_features
0,0,0.2098090583423139,1
1,1,0.9327909841829463,1
0,0,0.19737551306197124,0
0,1,0.8987213807476936,1
1,1,0.9142092469704968,0
1,0,0.10740324892783083,1
1,1,0.6567849402859793,1
0,1,0.6830234034300539,1
1,1,0.9873711751870181,1
1,1,0.7123876707870701,1
1,1,0.9061512467349319,1
1,1,0.934320511176979,1
1,1,0.8706873355456275,1
1,1,0.8541580862323014,1
1,0,0.4076184754630883,0
0,1,0.6817183945213942,1
0,1,0.5645281112851978,0
0,1,0.5435848477980068,1
1,1,0.7755808858553783,0
1,0,0.27598333788924967,0
1,1,0.5246508839173902,0
0,1,0.7402351306207817,0
1,1,0.6739476696995402,1
1,0,0.1733618348173831,1
1,1,0.9811825831890779,1
0,0,0.15604064653838945,1
0,0,0.3554492097110519,0
1,0,0.38393830639152055,1
1,1,0.9891304931471308,1
1,1,0.6060562820680847,1
1,0,0.4115842950057806,1
0,0,0.30675406994709914,1
0,0,0.08216969839247014,0
0,1,0.822164274656342,1
1,0,0.2744916855273988,1
0,1,0.9264456893557911,1
1,0,0.17590241847822274,1
1,1,0.635001905041424,1
0,1,0.9633183787209088,1
1,1,0.9852388122969463,1
0,0,0.1989183386110528,1
1,1,0.9351608504496774,1
1,1,0.9552982726577599,1
0,1,0.8887399187664926,1
1,1,0.7969072407869522,1
0,1,0.9183982002857871,1
0,0,0.3217138249930907,0
