y_true,y_pred,y_prob,sensitive_features
1,1,0.959035938789866,1
1,1,0.9976153686138223,0
0,1,0.6806723242988358,1
0,1,0.5175228222969628,1
0,0,0.0179541504325833,0
1,1,0.9135848516327422,1
0,1,0.6316448354673374,1
0,1,0.7200446021059937,1
1,1,0.940779992353039,1
1,0,0.04538979337405991,1
0,0,0.3177188995699703,1
1,1,0.9183416991678365,1
1,1,0.8319136137048463,1
1,1,0.9505289317530603,0
1,1,0.9788561046379181,0
0,0,0.2849573462198227,1
1,1,0.7416178678488311,1
0,0,0.06334234010198463,1
1,1,0.8852854483425965,1
1,1,0.6745218086913366,1
1,1,0.9922147499090389,1
0,1,0.5778945324754858,0
0,0,0.2503428981564682,1
1,0,0.40859491252872154,0
0,1,0.6286606984371821,1
0,0,0.493038543717527,1
1,1,0.5392813135157477,1
0,1,0.5131098934860394,0
1,1,0.703813540255544,1
1,1,0.7127425225872333,1
1,0,0.17866126900422072,1
1,1,0.9562361835441345,0
1,0,0.2758773837507047,1
0,1,0.8652837754933249,1
1,0,0.42962805321615943,1
1,1,0.8259832269727927,1
0,0,0.23117640885018353,1
0,0,0.40750922133211825,0
0,0,0.18385928907071422,0
1,1,0.6597840818014917,1
1,1,0.9959177714547144,1
1,1,0.8026384926846076,1
1,1,0.8517844234715606,1
1,0,0.028565244880644262,1
0,1,0.653348949848466,1
1,1,0.9774508927058055,1
0,1,0.9345905882992809,0
