y_true,y_pred,y_prob,sensitive_features
0,0,0.2629377478524757,0
1,1,0.5977326584924295,1
1,1,0.7379269559026916,1
1,1,0.4746007282348991,1
0,1,0.6677037440690604,1
1,1,0.7964435763376836,1
0,1,0.7597427569457229,1
0,1,0.5238343606534055,1
1,1,0.6309493797466584,1
0,1,0.5,0
0,1,0.6480813062860838,1
0,1,0.7552273152637323,1
1,1,0.7824249384658537,1
1,1,0.7100787016899597,1
1,1,0.7005159727287052,1
1,1,0.7895522650690701,1
0,1,0.60195222102126,1
1,1,0.6523133045116717,1
0,0,0.1890017812724731,0
1,1,0.8355515991928726,1
0,1,0.5448304966227987,1
1,1,0.5434556355451347,0
0,1,0.6317447536022529,1
0,1,0.6856105651558357,1
1,1,0.5,0
1,1,0.6678021226700438,1
0,1,0.8257088377592013,1
1,1,0.5,1
1,1,0.6709835592353754,1
0,0,0.17846458710190252,0
0,0,0.353773726810055,0
1,1,0.8522473329100586,1
1,1,0.8027773561640145,1
0,1,0.716163333524709,1
0,1,0.7963308846777393,1
1,1,0.5050315568775424,1
0,1,0.6428816966522976,1
1,1,0.7129110011106223,1
1,1,0.43879174140787774,1
0,1,0.4159303108850562,0
1,1,0.6459461541410478,1
1,1,0.43166938334792926,0
1,1,0.4651346877946706,1
1,1,0.41566237619780094,1
1,1,0.8556097852701784,1
1,1,0.79285324296852,0
1,1,0.613537926967655,0
