y_true,y_pred,y_prob,sensitive_features
1,1,0.7186134389643607,1
1,1,0.640370435768572,0
1,1,0.6736094959594492,1
1,1,0.5811334063787178,1
1,1,0.6531309157231557,1
1,0,0.5320009625268224,1
1,1,0.6456081231586565,1
1,0,0.5640207698694774,1
1,1,0.6521176818011999,1
0,1,0.6264114167410312,0
0,0,0.5281441068676035,0
0,1,0.5864950618580559,1
1,1,0.5971381194205232,1
1,1,0.6178016265986006,1
0,1,0.5811871103190949,1
0,1,0.6658628804446337,1
1,1,0.6456146345616249,1
1,1,0.6375695137493049,1
0,0,0.5,0
0,1,0.6171643445203866,1
1,0,0.49089139277890964,1
0,1,0.6170699363049256,1
1,1,0.6187976347679647,0
0,1,0.5882442241310203,1
1,1,0.6681395154413421,0
0,0,0.4765384592325109,1
0,1,0.6180402974923119,1
0,1,0.6234276308683996,1
0,0,0.5579914391136066,1
0,1,0.6379105962933038,0
0,1,0.6148811058308169,1
1,0,0.47812396319880046,1
0,0,0.5121830440085864,0
1,1,0.6015021240845102,1
1,1,0.6116744444892579,1
1,1,0.5971180956199623,0
1,0,0.5540204704750739,1
0,1,0.5928399618670436,1
0,1,0.6966392144109141,1
1,1,0.5953251177785107,0
0,0,0.517376180477992,0
1,0,0.5243778902433767,1
1,1,0.5866753998912647,1
1,1,0.598251527483195,1
1,1,0.6377641141948207,1
1,1,0.5858454612064574,1
1,1,0.6556018648050695,1
