y_true,y_pred,y_prob,sensitive_features
1,1,0.6912871945352638,1
1,1,0.9984457072056329,0
0,1,0.5300112494110082,1
0,1,0.7578934502867365,1
0,0,0.022812983009317167,0
1,1,0.9378502995147815,1
0,0,0.31892972083375615,1
0,1,0.8071063593892656,1
1,1,0.8849949265036015,1
1,0,0.08307347638777668,1
0,0,0.38259372050042817,1
1,1,0.8554800932775973,1
1,1,0.6294667410483469,1
1,1,0.7200848042873313,0
1,1,0.9241093931066082,0
0,0,0.2237441223387073,1
1,1,0.7974965140281769,1
0,0,0.4214634414377255,1
1,1,0.5144363987799387,1
1,0,0.47225641402664337,1
1,1,0.9749917410565077,1
0,0,0.3463997292706251,0
0,0,0.381033545448314,1
1,1,0.5712711174904028,0
0,1,0.9134685617319392,1
0,1,0.6840732359813714,1
1,1,0.710542050861541,1
0,0,0.19614187995253646,0
1,1,0.8133613002470429,1
1,1,0.8341663234025033,1
1,0,0.09752778443896692,1
1,1,0.857845009486435,0
1,1,0.5894696075259231,1
0,1,0.6918248232717978,1
1,0,0.49301161273595107,1
1,1,0.6650027282391396,1
0,0,0.09752907234394911,1
0,0,0.2901182816346433,0
0,0,0.2102518090189085,0
1,1,0.8514782852437299,1
1,1,0.9913521688959417,1
1,1,0.8335030618341494,1
1,1,0.5543446451525283,1
1,0,0.048814586390754915,1
0,0,0.37860588063216455,1
1,0,0.46305971751092917,1
0,1,0.7445746728095729,0
