y_true,y_pred,y_prob,sensitive_features
0,0,0.4573498099291992,1
0,0,0.45098791735273236,0
1,1,0.6499335953258328,1
0,1,0.860020038867306,1
1,1,0.7978630298354247,0
0,1,0.5250744404446457,0
0,1,0.8814864417812529,1
0,0,0.37800363277232707,1
1,1,0.6143588291937997,1
0,1,0.7873577064973171,1
0,0,0.3587526049209816,0
1,1,0.551908900114693,1
1,1,0.6899348257631374,1
0,0,0.42319301027590706,1
1,1,0.5980277443187381,1
0,0,0.48590578933697837,1
0,1,0.6525134169791954,1
0,1,0.5397956763454101,1
1,1,0.6123731939271722,1
1,0,0.28292160663479277,1
0,0,0.2861866533238052,1
1,1,0.9624188757768283,1
1,1,0.653079248164315,1
1,1,0.8070797831896596,1
1,1,0.5611827349416616,1
0,1,0.8463029939707046,1
1,1,0.7164512518911126,1
1,1,0.7754760666806844,1
0,1,0.6580129203945668,1
1,0,0.33023052514696993,0
1,1,0.5148629285953497,0
1,1,0.635615619006361,1
0,0,0.15184071045196482,0
1,1,0.6388148461768475,0
1,1,0.5585314143536813,1
1,1,0.994397488540547,0
1,0,0.3285883479819902,1
1,0,0.3191839685134826,1
1,1,0.5296360984688437,1
0,1,0.5836668213187374,0
1,1,0.6646250145190641,1
1,1,0.5791833376463301,1
1,0,0.4855170343401797,1
1,0,0.28729057322971413,1
0,0,0.31308475885442166,1
0,0,0.3428680563768269,0
1,0,0.4278537380188247,1
