y_true,y_pred,y_prob,sensitive_features
1,1,0.8568944619955204,1
1,1,0.5277412223837854,1
0,0,0.4064915416905233,0
0,1,0.7807211474448658,1
1,0,0.35318344440404154,0
0,0,0.2058666387881052,0
1,1,0.7618184232014532,1
1,0,0.16911293383522177,0
0,0,0.2698230030405605,0
1,1,0.9000512648610492,1
1,1,0.9074024234601035,1
0,1,0.6078018425176649,1
1,1,0.8693593790462996,1
1,1,0.7408032957115646,1
1,1,0.6668718585688017,1
0,1,0.670428733860132,1
1,1,0.7099622187512886,0
0,1,0.718789805250668,1
0,0,0.44003903830539665,0
1,1,0.4896757761929372,1
0,0,0.17291729429989486,0
1,1,0.8747524276317941,1
1,1,0.6584058054080001,1
0,1,0.8998878965071783,1
1,1,0.6137642522417975,1
1,1,0.930602951257831,1
0,1,0.7687430649771518,1
1,1,0.8209220839904469,1
1,1,0.799981592831448,1
1,1,0.6833354874009501,1
0,1,0.8523917756238764,1
1,0,0.30097710162252045,1
0,1,0.7245472514046971,1
1,1,0.6848285223423923,0
0,0,0.3491449242956758,1
1,0,0.31597713245520753,1
0,1,0.8178577829973749,1
1,1,0.9377141024685023,1
1,1,0.7663935583790259,1
1,1,0.7629342158113699,1
1,1,0.5119015456325227,1
0,1,0.7331132009584594,1
0,1,0.8875339559888732,1
0,1,0.6573976632738084,0
1,0,0.3451986991719931,0
0,1,0.915655863573856,1
1,1,0.8086785615367045,1
