y_true,y_pred,y_prob,sensitive_features
0,0,0.4300217460970736,1
1,1,0.9468120480304106,1
0,0,0.11789982588776908,0
0,1,0.6612052300171062,1
1,1,0.913400053174716,0
1,1,0.5695937046550458,1
1,1,0.8537855592626722,1
0,1,0.525876957052519,1
1,1,0.9671035732357081,1
1,0,0.4981596528107678,1
1,1,0.9404062448201889,1
1,1,0.8838079873366717,1
1,1,0.9573703142148972,1
1,1,0.7647132914409356,1
1,1,0.7448345841066237,0
0,1,0.8828536463476819,1
0,1,0.7577819471536803,0
0,1,0.6484482053409997,1
1,1,0.9325963231998363,0
1,1,0.7003554894789711,0
1,1,0.6435670605336157,0
0,0,0.21305474187666315,0
1,1,0.8442248898373957,1
1,1,0.9333702047723406,1
1,1,0.9878881683565062,1
0,0,0.21355970919359285,1
0,0,0.06880771520213229,0
1,1,0.5781672428285786,1
1,1,0.7946131151501546,1
1,1,0.6145768085549587,1
1,0,0.3776768917204198,1
0,1,0.562443309157129,1
0,0,0.35564741178421905,0
0,0,0.49323129774533836,1
1,1,0.5208131309158027,1
0,1,0.8523842998834006,1
1,1,0.5206892894757936,1
1,1,0.7020909008350271,1
0,1,0.9603774414591066,1
1,1,0.7597244970623901,1
0,1,0.6826939118396761,1
1,1,0.9037106506439787,1
1,1,0.8162269139166939,1
0,0,0.44516367655255185,1
1,1,0.6480834599893384,1
0,1,0.5759384443862361,1
0,0,0.047940648742797,0
