y_true,y_pred,y_prob,sensitive_features
0.0,1.0,0.5593030337961248,1
1.0,1.0,0.8101965398494886,1
0.0,0.0,0.33953238821127113,0
0.0,0.0,0.38975693538970396,1
1.0,1.0,0.7085754571234395,0
1.0,1.0,0.6692740662332228,1
1.0,1.0,0.7148453481612752,1
0.0,1.0,0.723965443206263,1
1.0,1.0,0.7791571314296601,1
1.0,0.0,0.14405929291511274,1
1.0,1.0,0.8008548615151374,1
1.0,0.0,0.285625105876971,1
1.0,1.0,0.7341268273092525,1
1.0,1.0,0.7905278940404581,1
1.0,0.0,0.4332025613253444,0
0.0,0.0,0.25445279951953514,1
0.0,1.0,0.5010524124045197,0
0.0,1.0,0.5381595560054823,1
1.0,1.0,0.8782396599696642,0
1.0,0.0,0.026494382799456925,0
1.0,0.0,0.42810253868622666,0
0.0,0.0,0.21903165391511434,0
1.0,1.0,0.6597745382403271,1
1.0,0.0,0.33884884811878263,1
1.0,1.0,0.9837853666335507,1
0.0,0.0,0.13196118381555566,1
0.0,1.0,0.5832497332749267,0
1.0,0.0,0.2329735765792105,1
1.0,1.0,0.5186175843701047,1
1.0,0.0,0.27694113753351807,1
1.0,0.0,0.31957232932713975,1
0.0,0.0,0.4937075746427151,1
0.0,0.0,0.41757985616791704,0
0.0,1.0,0.6813672978497254,1
1.0,1.0,0.7128092583039103,1
0.0,1.0,0.9446457605850684,1
1.0,0.0,0.15271329057833077,1
1.0,1.0,0.5503992280186059,1
0.0,1.0,0.8905874546321838,1
1.0,1.0,0.6228568489000634,1
0.0,1.0,0.6410988501697047,1
1.0,1.0,0.8203056318457853,1
1.0,0.0,0.08903784003939944,1
0.0,1.0,0.5812269977812137,1
1.0,0.0,0.2501450802281191,1
0.0,1.0,0.5781856656513865,1
0.0,0.0,0.05358244540483032,0
