y_true,y_pred,y_prob,sensitive_features
0,1,0.6189256571965788,1
0,0,0.5657535832864101,0
1,1,0.5871217427114607,1
0,1,0.6478961434519258,1
1,1,0.5808724252094838,0
0,0,0.5532938045114686,0
0,1,0.6125082131847551,1
0,0,0.5597073105146289,1
1,1,0.6455512326141705,1
0,1,0.6464109063324271,1
0,1,0.5777649969283661,0
1,1,0.5730908258141771,1
1,1,0.6333007210571489,1
0,0,0.5543884529535671,1
1,1,0.62528604681471,1
0,1,0.5852686251662621,1
0,1,0.5773644769550674,1
0,1,0.6002585935533054,1
1,0,0.5579495471478868,1
1,1,0.6243139623972398,1
0,0,0.5273461883876845,1
1,1,0.6239495460303616,1
1,1,0.5868947213823058,1
1,1,0.5885546345065842,1
1,1,0.6150673490601514,1
0,1,0.6225460281873734,1
1,1,0.6155664598353032,1
1,1,0.6287784870704122,1
0,1,0.6099681819995653,1
1,1,0.5886471662362226,0
1,0,0.5534134544523844,0
1,1,0.6263943298607898,1
0,1,0.5818958938015744,0
1,1,0.6238487194736607,0
1,1,0.5738062643568043,1
1,1,0.6293632079300353,0
1,1,0.6067609507927707,1
1,0,0.5702752736825552,1
1,1,0.6134821437533642,1
0,1,0.5914867593484994,0
1,1,0.6324476069522221,1
1,1,0.58096566938846,1
1,0,0.5581860764741813,1
1,1,0.6054917064633575,1
0,0,0.5665686881767713,1
0,1,0.584544012920088,0
1,1,0.6024632386032588,1
