y_true,y_pred,y_prob,sensitive_features
0,1,0.6843624220756988,0
1,1,0.7865924185579071,1
0,1,0.5038488358520297,0
1,1,0.5632323301348903,1
1,0,0.46170054509058905,1
1,1,0.7777484137113642,1
1,1,0.726116644184437,1
1,1,0.9170243751556197,1
1,1,0.6176714335412197,1
0,1,0.5598254519759753,1
0,1,0.6923807926956602,1
0,1,0.7375159755752657,1
0,1,0.6242271629775409,0
1,1,0.5648190409239892,1
0,1,0.8009568476620343,1
1,1,0.804015301348844,0
0,0,0.3914146632486191,1
1,1,0.981909959812001,1
1,1,0.5435277769946939,0
1,1,0.747368299770458,1
0,1,0.7478082861983903,0
0,0,0.46990610787027604,0
0,1,0.9425879352689257,1
1,1,0.7395241290673198,1
1,1,0.8906850065806576,1
1,0,0.15812296386949332,0
0,0,0.2468459088215041,1
0,1,0.7702425233732241,1
1,1,0.8755181495906371,1
0,1,0.7871984684737784,1
1,1,0.9992227371489557,0
1,1,0.7680130861940618,1
1,1,0.727113630195876,1
1,1,0.9666326328759044,1
0,1,0.6947428797915649,0
0,1,0.6125915798657817,1
0,1,0.5402954584583186,1
1,1,0.7792067760382704,0
1,1,0.572666674870405,1
1,1,0.7276490356354771,1
1,1,0.6305850004274328,1
1,1,0.7399653685409799,1
1,0,0.2274306538305246,1
0,0,0.428335571073027,1
0,1,0.8607106856915411,1
1,1,0.8979563869571814,1
1,1,0.8693698746454379,1
