y_true,y_pred,y_prob,sensitive_features
0,0,0.3609431484721775,0
1,0,0.48561754471581886,1
1,1,0.9173685878657111,1
1,0,0.3354449453370477,1
0,1,0.5175914459259751,1
1,1,0.9877087225151693,1
0,1,0.7024136308757686,1
0,0,0.3792292827295149,1
1,0,0.3673263905151533,1
0,1,0.5872182867137543,0
0,0,0.37733807422214255,1
0,1,0.5303348681202132,1
1,1,0.7349658536624825,1
1,0,0.4587420313846419,1
1,1,0.6055195358303687,1
1,1,0.7518258086614262,1
0,1,0.5458911040924552,1
1,1,0.5582059516253444,1
0,0,0.21938426142972794,0
1,1,0.8224644028722811,1
0,0,0.3315200143193929,1
1,1,0.5104951182977595,0
0,0,0.48045710782127093,1
0,1,0.6489532011399353,1
1,0,0.4678820961553429,0
1,0,0.4909746091909775,1
0,1,0.7923572937985202,1
1,0,0.4028823037815125,1
1,1,0.6111843031790579,1
0,0,0.4037060480933142,0
0,0,0.4058137677232464,0
1,1,0.8277171351179113,1
1,1,0.7351545928165019,1
0,1,0.5549780400675549,1
0,0,0.47835241536723755,1
1,0,0.4680269983894966,1
0,0,0.4159260079973645,1
1,0,0.3562266538033968,1
1,1,0.5228767598793799,1
0,0,0.29263577885077774,0
1,1,0.5292711352549713,1
1,0,0.45525182958909205,0
1,0,0.4496866223749845,1
1,1,0.5586192708870978,1
1,1,0.9159674850608818,1
1,1,0.9712149715498758,0
1,1,0.5827371516699926,0
