y_true,y_pred,y_prob,sensitive_features
1.0,1.0,0.9112020276234234,1
1.0,1.0,0.981632809942754,0
1.0,1.0,0.9308025610287642,1
1.0,0.0,0.3259308669552083,1
1.0,1.0,0.7081300809254737,1
1.0,0.0,0.20277930494481178,1
1.0,1.0,0.637279319921,1
1.0,0.0,0.472474067818485,1
1.0,1.0,0.881722430388604,1
0.0,0.0,0.447190425737592,0
0.0,0.0,0.11398870648516585,0
0.0,1.0,0.5582705371019949,1
1.0,1.0,0.8985602269179394,1
1.0,1.0,0.9489593958793086,1
0.0,1.0,0.716460198239464,1
0.0,1.0,0.9090808857609743,1
1.0,1.0,0.8648410520544781,1
1.0,1.0,0.7748377271039819,1
0.0,0.0,0.10288135789689679,0
0.0,1.0,0.58602271745655,1
1.0,1.0,0.6162682649328071,1
0.0,1.0,0.9123112426870559,1
1.0,1.0,0.506922867248391,0
0.0,1.0,0.6441804181302296,1
1.0,1.0,0.8650584387417135,0
0.0,0.0,0.27013363458004014,1
0.0,0.0,0.46616291502171486,1
0.0,1.0,0.7432016359071119,1
0.0,0.0,0.2562522936689842,1
0.0,1.0,0.5209898743478195,0
0.0,1.0,0.8088426455982097,1
1.0,0.0,0.19824623045121442,1
0.0,0.0,0.17118086586797387,0
1.0,0.0,0.39889910830499176,1
1.0,1.0,0.6237693065970376,1
1.0,1.0,0.5291319729965226,0
1.0,0.0,0.18479522982582158,1
0.0,1.0,0.6143703129644129,1
0.0,1.0,0.9564645888585833,1
1.0,0.0,0.48876792336383434,0
0.0,0.0,0.1759252525882744,0
1.0,1.0,0.560526617004225,1
1.0,1.0,0.745977093577665,1
1.0,0.0,0.4609472958956198,1
1.0,1.0,0.6425975213163648,1
1.0,1.0,0.9019297609232948,1
1.0,1.0,0.9977928278752318,1
