y_true,y_pred,y_prob,sensitive_features
0,1,0.9890747320981852,1
1,1,0.9205175474571782,1
1,0,0.4881831354055388,1
1,1,0.6947183585278393,1
1,1,0.9090429297356635,1
0,0,0.1423631954452289,1
1,1,0.8952919330534805,0
1,1,0.9390351365709355,0
0,1,0.9771354258060875,1
0,0,0.17667151285506116,0
0,0,0.30682917784710295,0
1,1,0.8619729160824401,1
0,1,0.7695246928921344,1
0,0,0.46211619370345874,1
0,1,0.5937916599265997,1
1,1,0.9377429756779149,1
1,1,0.9561191356194565,1
0,1,0.5198785689702822,1
1,0,0.0748842687078654,1
1,1,0.5954340549800157,1
0,1,0.7446092718751407,1
0,1,0.6391282803729413,0
1,0,0.1290855876284624,1
1,1,0.7464990935332559,1
1,0,0.0950285521558071,1
0,1,0.969976518700043,1
0,0,0.47260756831146344,1
1,0,0.17737182739254684,1
1,1,0.9650982610502585,1
1,0,0.12939771072504755,1
1,1,0.8755349295306201,1
1,1,0.608734281394847,1
0,1,0.8299996242285888,0
1,1,0.5618490675396001,1
1,0,0.2422757232586335,1
0,0,0.14791672802507122,0
1,1,0.6034317702323508,1
1,0,0.44445348908813276,0
0,1,0.8076782100382438,1
0,0,0.28031488585852204,0
0,1,0.9591069397886668,1
1,0,0.48255672818005385,1
0,0,0.22790973709421974,1
1,1,0.7324774015677634,0
1,1,0.919980878642327,1
1,0,0.47561961166002714,1
1,1,0.672562579675494,0
