y_true,y_pred,y_prob,sensitive_features
1,1,0.8651115898925121,1
1,1,0.9955691648358744,0
0,1,0.8617113184486404,1
0,1,0.7616317497124092,1
0,0,0.03288213202963743,0
1,1,0.993808387982295,1
0,1,0.6580082815818349,1
0,1,0.7082837382765867,1
1,1,0.9477685055596647,1
1,0,0.05157574520676674,1
0,1,0.8887285319876126,1
1,1,0.9386650406302184,1
1,1,0.5900147411429082,1
1,1,0.8924569886047652,0
1,1,0.5991624823841958,0
0,0,0.39317575968315643,1
1,1,0.5899410687708931,1
0,0,0.41004218611300575,1
1,1,0.8255385406400731,1
1,0,0.19621764828623506,1
1,1,0.9962456626612569,1
0,0,0.3659944053367888,0
0,1,0.6766149166484158,1
1,0,0.15036779357030453,0
0,1,0.9080824796607803,1
0,1,0.7168254287003711,1
1,1,0.5816766773131151,1
0,0,0.2153189325533087,0
1,1,0.9205691809570448,1
1,1,0.9199975442302811,1
1,0,0.28492262003135505,1
1,1,0.6822098815576353,0
1,1,0.9047229530353066,1
0,1,0.9189029841178815,1
1,1,0.644166226294195,1
1,1,0.872183905313416,1
0,1,0.5665474518360749,1
0,0,0.4600270516734566,0
0,0,0.04263965448389628,0
1,1,0.9021013930847052,1
1,1,0.9963553294877513,1
1,1,0.5853659545906862,1
1,1,0.8362558366699764,1
1,0,0.013807858854232967,1
0,0,0.3350569814102977,1
1,1,0.820430420319158,1
0,1,0.8494466650408709,0
