y_true,y_pred,y_prob,sensitive_features
0,1,0.6210995683270574,0
1,1,0.5819501161186871,1
0,1,0.5844042043794911,0
1,0,0.493674788295927,1
1,0,0.3898595433394536,1
1,1,0.5877838462549289,1
1,1,0.5946364165850223,1
1,1,0.7741118215455154,1
1,1,0.6449685946177631,1
0,0,0.4949341335225837,1
0,1,0.6443732061338878,1
0,0,0.5,1
0,0,0.5154007252339345,0
1,0,0.48729984625509004,1
0,1,0.5638379452363397,1
1,1,0.6648763323644045,0
0,1,0.5686567438853988,1
1,1,0.6301939625943473,1
1,0,0.462064490890004,0
1,1,0.5366479904949379,1
0,0,0.5113133187928488,0
0,0,0.3994626063860892,0
0,1,0.6187182152980832,1
1,1,0.5899114006038407,1
1,1,0.5773485760542758,1
1,0,0.5170387896570918,0
0,0,0.39082343526613633,1
0,1,0.6320962691866376,1
1,1,0.6116184121993866,1
0,1,0.6477773972886012,1
1,1,0.6467149715391164,0
1,0,0.4755138588044888,1
1,1,0.6096019297001277,1
1,1,0.6619507384831762,1
0,1,0.6292431017165443,0
0,1,0.5625557816707415,1
0,1,0.6163345705454494,1
1,1,0.7018159926604824,0
1,0,0.3667582393959079,1
1,0,0.3925058415245402,1
1,0,0.44015699495729776,1
1,1,0.6414973712803238,1
1,0,0.35447747608347535,1
0,0,0.39108950560271966,1
0,1,0.704560316880286,1
1,1,0.522932937336485,1
1,1,0.6446179450204584,1
