y_true,y_pred,y_prob,sensitive_features
0,1,0.6099431789299188,0
1,1,0.6154199462724751,1
1,1,0.623174491375157,1
1,1,0.6063912675249498,1
0,1,0.6187346336814578,1
1,1,0.6251163118664488,1
0,1,0.6303243432251773,1
0,1,0.5954101262524597,1
1,1,0.6170160163265684,1
0,1,0.6270085325095277,0
0,1,0.6310284618628542,1
0,1,0.637425493534037,1
1,1,0.621360658504299,1
1,1,0.6110240617495968,1
1,1,0.6310019103061493,1
1,1,0.6136837491328446,1
0,1,0.614413044523802,1
1,1,0.6116690817182269,1
0,0,0.5925532777681289,0
1,1,0.636349364768668,1
0,1,0.6110332775676548,1
1,1,0.6345397388996795,0
0,1,0.6020968407573444,1
0,1,0.6260462035838834,1
1,1,0.6082471343608308,0
1,1,0.6038467684699016,1
0,1,0.6448166786639177,1
1,1,0.6072595898120183,1
1,1,0.6234515916187993,1
0,0,0.5782926852293966,0
0,1,0.6190299239769049,0
1,1,0.6380750620810559,1
1,1,0.6268031963610994,1
0,1,0.6057081880852878,1
0,1,0.6343631293630656,1
1,1,0.6083960260577066,1
0,1,0.6073409083743211,1
1,1,0.5975883567070011,1
1,1,0.5974187669541163,1
0,1,0.6205411715887814,0
1,1,0.6088277273167563,1
1,1,0.6226449231112213,0
1,1,0.6172618680839742,1
1,1,0.5982907623102983,1
1,1,0.6369086760420883,1
1,1,0.6373843920248204,0
1,1,0.625650556916214,0
