y_true,y_pred,y_prob,sensitive_features
1,1,0.500699505260101,1
1,1,0.5243092181949693,1
1,1,0.866180258648575,1
0,1,0.8647114096574711,1
1,0,0.46773024311885975,1
0,1,0.5754678964732738,1
0,1,0.6341305540535835,1
0,1,0.5006694343497581,0
0,0,0.34817849719678406,1
0,0,0.36761508178348545,0
1,0,0.4894051626984556,1
0,0,0.43695143843165,1
1,1,0.9345979251419494,1
1,0,0.34787060737781905,0
0,0,0.34031597340995234,1
1,1,0.7704342332251112,1
0,1,0.5657717985902361,1
1,0,0.27792432216069457,1
1,1,0.8928915680663042,1
1,1,0.8162413024462235,0
0,1,0.794539783521548,1
0,0,0.27498189702675907,1
1,1,0.745335611896816,1
1,1,0.7212400575681173,1
1,1,0.8352742246587559,1
1,1,0.7002020308869649,1
1,1,0.620034959000939,0
1,1,0.9183280336669181,0
1,0,0.48732978091890583,1
1,1,0.5501540207821851,1
0,1,0.548723456638033,1
1,1,0.8780430918465991,1
1,0,0.4498983262006982,1
0,0,0.27880269927319007,1
1,0,0.3785813336965048,1
1,1,0.8001017519357302,1
1,0,0.4731227342543142,1
0,1,0.7854956876060589,0
1,1,0.9996297838348263,0
0,0,0.337611433420589,0
0,0,0.4352165959945399,1
0,1,0.7922213809923053,0
0,1,0.7283260854378237,0
1,0,0.39229132650109755,1
1,1,0.5405297018651756,1
0,0,0.23690619463121476,1
1,0,0.37495192539860006,1
