y_true,y_pred,y_prob,sensitive_features
0,0,0.44258624672839364,0
1,0,0.33153450263186207,1
1,1,0.7956039941867417,1
1,0,0.46009712170126693,1
0,1,0.5719324297619929,1
1,1,0.943132868590895,1
0,1,0.8442978581998328,1
0,0,0.2865090696937985,1
1,0,0.2646793835739477,1
0,1,0.5868555085355043,0
0,0,0.35615848212932183,1
0,1,0.585736853351917,1
1,1,0.7881092029414449,1
1,1,0.6207352988777126,1
1,1,0.6413795304265438,1
1,1,0.8326654367879555,1
0,0,0.48737409722913516,1
1,1,0.5623273493882515,1
0,0,0.15502599772195144,0
1,1,0.9599774938239273,1
0,0,0.22573611917056824,1
1,1,0.6029556981472154,0
0,0,0.4440125239350822,1
0,1,0.5861383608766669,1
1,1,0.6787094450274925,0
1,1,0.5298059945884627,1
0,1,0.9460178767894903,1
1,0,0.14258687536334247,1
1,1,0.6397099174345123,1
0,0,0.2863683205971416,0
0,0,0.3784202695388754,0
1,1,0.9516031460734894,1
1,1,0.9143492404588145,1
0,0,0.43134554115146995,1
0,1,0.6080434865487635,1
1,0,0.24627366108576348,1
0,0,0.3545419485650849,1
1,0,0.35566679486559705,1
1,0,0.38686744684470703,1
0,0,0.37882123108417853,0
1,1,0.6990522565006017,1
1,0,0.46482449638166146,0
1,0,0.2683746137177493,1
1,0,0.32708259582505084,1
1,1,0.9805664117781738,1
1,1,0.9923797950638958,0
1,1,0.7779518925001704,0
