y_true,y_pred,y_prob,sensitive_features
0,1,0.6756691075516738,1
0,0,0.060222651230993726,0
1,0,0.0868508532258295,1
0,1,0.8845787844162173,1
1,1,0.9072000850987978,0
0,0,0.2017306161509469,0
0,1,0.8418857914125014,1
0,0,0.4984835354226128,1
1,1,0.9122617746845534,1
0,1,0.9675696228568906,1
0,0,0.045657074987880235,0
1,0,0.04844850210486517,1
1,1,0.9645299696407307,1
0,0,0.4932117662676241,1
1,1,0.7553999420546357,1
0,0,0.22868993586347744,1
0,1,0.756266998551072,1
0,0,0.1988029504837612,1
1,0,0.047661586456843284,1
1,1,0.8133273299489985,1
0,0,0.13645292991304966,1
1,1,0.7984404326757673,1
1,0,0.4731482491761298,1
1,1,0.8297157538221022,1
1,0,0.33532498859763454,1
0,1,0.6728612661817389,1
1,0,0.4421859212049006,1
1,1,0.7650030723009502,1
0,0,0.2389326913298306,1
1,1,0.5481681951116973,0
1,0,0.3743656438364598,0
1,1,0.9862636215748409,1
0,0,0.16718402771481852,0
1,1,0.9522202270862793,0
1,1,0.6014338795033304,1
1,1,0.9957809628255028,0
1,1,0.65722431614671,1
1,0,0.48839240578276505,1
1,1,0.5988378336978054,1
0,1,0.9387084279579186,0
1,1,0.7057276031365045,1
1,1,0.757933537211841,1
1,1,0.5323950772203124,1
1,0,0.3490092235690763,1
0,1,0.7040978738976522,1
0,0,0.1467940778015535,0
1,1,0.784585552853279,1
