y_true,y_pred,y_prob,sensitive_features
1,1,0.7794022537355877,1
1,1,0.6478790232234701,0
1,1,0.6998107612312542,1
1,1,0.5784799790174332,1
1,1,0.6729892012614644,1
1,0,0.5492257057701578,1
1,1,0.6855896059022278,1
1,1,0.5522476261877362,1
1,1,0.6855558334472389,1
0,1,0.6137584742963794,0
0,0,0.46832864376309924,0
0,1,0.6161885385869473,1
1,1,0.5928212905711582,1
1,1,0.6301127154753198,1
0,1,0.58660377515776,1
0,1,0.6806921997956756,1
1,1,0.6822385587725545,1
1,1,0.671432404917681,1
0,0,0.43724497336478374,0
0,1,0.6341783669972549,1
1,0,0.4548027863864029,1
0,1,0.6469033061710044,1
1,1,0.5950487704421015,0
0,1,0.6088059825954351,1
1,1,0.6596714419245546,0
0,0,0.47781948186897155,1
0,1,0.6254948518058498,1
0,1,0.6270838660858936,1
0,1,0.5766053819808495,1
0,1,0.6223519587864287,0
0,1,0.6223529340525936,1
1,0,0.44859115793765447,1
0,0,0.4669540352333891,0
1,1,0.6267513781485904,1
1,1,0.6036973269936806,1
1,0,0.551161657449362,0
1,0,0.5442418312989125,1
0,1,0.5936429082789176,1
0,1,0.7292488795482882,1
1,1,0.5677383997564858,0
0,0,0.46337508292473595,0
1,0,0.5287860880562771,1
1,1,0.608451265394789,1
1,1,0.6087418684932718,1
1,1,0.6715896821545119,1
1,1,0.5922327716161793,1
1,1,0.6754787313106677,1
