y_true,y_pred,y_prob,sensitive_features
0,1,0.9960371875728165,1
1,1,0.9846634742791955,1
1,1,0.786797156250355,1
1,1,0.8168344737866081,1
1,1,0.9868544839158273,1
0,1,0.6718988784689514,1
1,1,0.9629582601620259,0
1,1,0.9935036961051988,0
0,1,0.9907200816609897,1
0,0,0.1565333458435847,0
0,0,0.08455118011231895,0
1,1,0.9020776946274524,1
0,1,0.9914809171150859,1
0,1,0.8889463891419286,1
0,1,0.7643689901886198,1
1,1,0.993222113187873,1
1,1,0.9913619677586989,1
0,0,0.24382335490346413,1
1,0,0.11606222354231091,1
1,1,0.5602762844432846,1
0,1,0.9921867330465454,1
0,0,0.4657620134336296,0
1,0,0.2763946315884741,1
1,1,0.9610134252605994,1
1,0,0.3141563205436202,1
0,1,0.9845967427736853,1
0,1,0.8675637030433871,1
1,0,0.18669360253253672,1
1,1,0.9971022657376516,1
1,1,0.8387388152755519,1
1,1,0.513088771713923,1
1,1,0.972052479898516,1
0,1,0.8507497143287779,0
1,0,0.40317213480024183,1
1,0,0.0964577331417435,1
0,0,0.19263589695597447,0
1,1,0.8731272920771366,1
1,1,0.6224818883323505,0
0,1,0.9767608141770778,1
0,0,0.10789646606464622,0
0,1,0.9765890832696343,1
1,1,0.9471875381086899,1
0,0,0.2529585996891686,1
1,1,0.9478908780136716,0
1,1,0.9642782753723926,1
1,0,0.40307097589282964,1
1,1,0.9725048368703695,0
