y_true,y_pred,y_prob,sensitive_features
0,0,0.4184423943862311,0
1,1,0.5330146318575238,1
1,1,0.8099960152548592,1
1,1,0.8744653084357726,1
0,1,0.5084447904011355,1
1,1,0.8469958947323784,1
0,1,0.6165585328099069,1
0,0,0.43990828770679474,1
1,1,0.5101261941535249,1
0,0,0.41897308522569376,0
0,1,0.5344687903315402,1
0,1,0.6188356968385023,1
1,1,0.7474377030783723,1
1,0,0.48028080273973545,1
1,1,0.578541305617631,1
1,0,0.4881485766967556,1
0,0,0.4801380167471465,1
1,1,0.642913516087508,1
0,0,0.24513373670762495,0
1,1,0.6017593762935727,1
0,0,0.4140832071540933,1
1,0,0.4532461402262649,0
0,0,0.3724566796685057,1
0,0,0.34106754910701365,1
1,1,0.7412239662811386,0
1,1,0.5022403747024098,1
0,1,0.8018836127526017,1
1,1,0.67907768278319,1
1,0,0.46434157855216074,1
0,0,0.49181433403895586,0
0,0,0.45398915949049884,0
1,1,0.7950559592586988,1
1,1,0.7322593180405684,1
0,1,0.659341710462132,1
0,1,0.8058978906608791,1
1,0,0.36091010217174174,1
0,0,0.4042785015051919,1
1,1,0.5891271137258721,1
1,1,0.5474933142587994,1
0,1,0.5419204112117141,0
1,1,0.6493322374048215,1
1,0,0.22329455039449495,0
1,1,0.5014391203534592,1
1,1,0.607221447107796,1
1,1,0.8667617973251047,1
1,1,0.9257738606962905,0
1,0,0.42062907880648837,0
