y_true,y_pred,y_prob,sensitive_features
0,1,0.7481913666393594,1
1,1,0.6744376071792697,1
1,1,0.5832843150767074,1
1,1,0.623368517342033,1
1,1,0.7854092216794863,1
0,1,0.5515894489173117,1
1,1,0.7074730920745412,0
1,0,0.4763171725196068,0
0,1,0.7002004897252324,1
0,0,0.4277864335399379,0
0,0,0.4678551480477812,0
1,1,0.6551749437326436,1
0,1,0.7695038078833468,1
0,1,0.6777556860290808,1
0,1,0.6172431578325386,1
1,1,0.7504117761289762,1
1,1,0.8456690515414124,1
0,1,0.7034606931590504,1
1,0,0.4726642804353515,1
1,1,0.5549156792159022,1
0,1,0.7586793715254825,1
0,0,0.47396578788896593,0
1,0,0.37030064074373653,1
1,1,0.738171288352892,1
1,1,0.6199390464373429,1
0,1,0.7597624455063876,1
0,1,0.5891312254507289,1
1,0,0.42872946220776975,1
1,1,0.8252487117556248,1
1,1,0.6610220217386061,1
1,1,0.7244812624864855,1
1,1,0.6245530952288519,1
0,1,0.6869153554626866,0
1,1,0.6323891125861058,1
1,0,0.3950994030221181,1
0,0,0.2177334681163831,0
1,0,0.3582075337921054,1
1,0,0.46860962196338174,0
0,1,0.8055860524607631,1
0,0,0.34666920055306455,0
0,1,0.8001947224984199,1
1,1,0.7995412225947627,1
0,1,0.688838673055687,1
1,1,0.6028688310183526,0
1,1,0.6968861329653812,1
1,1,0.6607466015460755,1
1,1,0.7479707242595629,0
