y_true,y_pred,y_prob,sensitive_features
1,1,0.7545247120377071,1
0,1,0.7114416538610896,1
1,1,0.7720482043315937,1
0,0,0.290018599433494,0
1,0,0.24166676113465702,0
0,0,0.25752295343573095,0
1,1,0.5390746129156723,1
0,0,0.27605752008987644,1
0,1,0.8061350067638057,1
1,1,0.7272181427017608,1
1,1,0.92584747392097,1
1,1,0.5043181378139789,1
1,0,0.2850211366803699,1
1,1,0.6811924959498649,1
1,1,0.6895786641356152,1
1,1,0.6108610285236549,1
1,1,0.8492683867926488,1
0,1,0.7566962450061367,1
1,1,0.8784748650371589,1
1,0,0.3050656580838136,1
1,1,0.882937700700517,1
1,1,0.980348648094835,1
0,1,0.6429364692981998,1
0,1,0.819750256985174,1
0,0,0.4068921037613604,0
0,1,0.6468606611282675,1
1,0,0.15005440601281678,0
1,1,0.6475664330954348,1
0,1,0.7400436417062956,1
1,1,0.6741911858239257,0
1,1,0.8327110428005291,1
0,0,0.17016179743014404,0
0,0,0.11298187222169805,1
1,1,0.7935336557208429,1
0,0,0.23840969532277154,0
0,0,0.4071401109366782,1
1,1,0.8130102308648964,1
1,1,0.7821314719717335,1
0,1,0.8229926315167642,1
1,0,0.33732751252627385,0
1,1,0.7475927862630498,1
1,1,0.5195812980455933,0
1,0,0.3512212997776489,1
0,1,0.6895718477673421,1
1,1,0.568420220667048,1
0,1,0.5610443309488273,1
0,0,0.1102687249581962,0
