y_true,y_pred,y_prob,sensitive_features
0,0,0.3573801914041901,1
1,1,0.9781166022404141,1
0,0,0.2618253798523697,0
0,0,0.3346892416097008,1
1,1,0.9052000015237129,0
1,0,0.41343920115916466,1
1,1,0.8793153934249218,1
0,1,0.5033350113500424,1
1,1,0.9942150275649527,1
1,1,0.7100753091205958,1
1,1,0.9629234294771147,1
1,1,0.9801291205130774,1
1,1,0.8566543783242914,1
1,1,0.9177401936131452,1
1,1,0.8030524114663183,0
0,1,0.9100558774704357,1
0,1,0.8742961286672698,0
0,1,0.6865812181309239,1
1,1,0.7969782121685993,0
1,1,0.5075269161438688,0
1,0,0.2625929609783121,0
0,0,0.17004039588074008,0
1,1,0.753891757377652,1
1,1,0.9056088424214707,1
1,1,0.9911219852409974,1
0,0,0.2012346537019372,1
0,0,0.1382899560047715,0
1,1,0.6113678000091357,1
1,1,0.5918440081476614,1
1,1,0.8845798875922859,1
1,0,0.4937031267873663,1
0,0,0.45029815862178385,1
0,0,0.17175494910742292,0
0,1,0.6109152343564518,1
1,1,0.5565084914309302,1
0,1,0.8693364846282897,1
1,0,0.3796357092413824,1
1,0,0.15995149288164395,1
0,1,0.9379175911435332,1
1,1,0.8187331656584333,1
0,0,0.3811484837302197,1
1,1,0.8994797137482873,1
1,1,0.9454662918036056,1
0,0,0.4389312820926045,1
1,1,0.9165423413037634,1
0,1,0.7217351618922975,1
0,0,0.05600728994424131,0
