y_true,y_pred,y_prob,sensitive_features
1,1,0.6130595398669847,1
0,1,0.5218589987409409,1
1,1,0.6567721956833871,1
0,0,0.47321857183063604,0
1,1,0.5836469984825113,0
0,0,0.41897210356077674,0
1,1,0.6897906562481348,1
0,0,0.35719484393062156,1
0,1,0.5902645714086406,1
1,1,0.6194944847111433,1
1,1,0.7063508487326913,1
1,1,0.6218386148987826,1
1,1,0.7444684890504993,1
1,1,0.5594539752338095,1
1,1,0.5757363241890727,1
1,0,0.4722748205546598,1
1,1,0.6505071229523206,1
0,1,0.9514178211191433,1
1,1,0.9520233611137098,1
1,1,0.5193932084759327,1
1,1,0.7194687965697039,1
1,1,0.9350320294243579,1
0,0,0.41898872030495377,1
0,1,0.7292139502066782,1
0,1,0.5734171750744806,0
0,1,0.6825216371839593,1
1,1,0.5609017786684547,0
1,0,0.4572796609590055,1
0,1,0.8003368929163407,1
1,1,0.5525580142128422,0
1,1,0.6896813010419062,1
0,0,0.4921187069886611,0
0,0,0.3233702827329547,1
1,1,0.7615713838879777,1
0,0,0.2740359612349127,0
0,0,0.458586782794982,1
1,1,0.544915459263239,1
1,1,0.6142034766154982,1
0,1,0.6545136158012219,1
1,0,0.42380061554246756,0
1,1,0.7410687538098762,1
1,1,0.6991078213249722,0
1,0,0.49709743108207677,1
0,1,0.6568136196164717,1
1,0,0.25223491124107184,1
0,1,0.5720021074575481,1
0,0,0.28890179445852443,0
