y_true,y_pred,y_prob,sensitive_features
0,1,0.8976695928142537,0
1,1,0.883983729986517,1
0,0,0.15451059381173807,0
1,1,0.5170196330708833,1
1,1,0.7595680826073221,1
1,1,0.7981652358236077,1
1,1,0.8440827785529751,1
1,1,0.9867594040980538,1
1,1,0.9755757717186812,1
0,0,0.4161645063631068,1
0,1,0.8587695570624563,1
0,0,0.4248219858561672,1
0,1,0.891698727394198,0
1,1,0.5499946289384394,1
0,1,0.9656822259386688,1
1,1,0.9913499130750405,0
0,0,0.046588624999863305,1
1,1,0.9898745094699997,1
1,1,0.5088628021927076,0
1,1,0.5934142710528837,1
0,1,0.8065513388197352,0
0,0,0.1382077849349861,0
0,1,0.8197696590798871,1
1,0,0.34138123158031813,1
1,1,0.5717124627390167,1
1,1,0.8857219512891644,0
0,0,0.2572412624452737,1
0,1,0.7712137659783413,1
1,1,0.9927347244810396,1
0,1,0.7839028421463794,1
1,1,0.9933302319482161,0
1,0,0.2200522334779047,1
1,1,0.9546317120074065,1
1,1,0.9692675578558104,1
0,1,0.6723102643368493,0
0,0,0.3117160383610265,1
0,1,0.9156009486614421,1
1,1,0.9024751486048767,0
1,0,0.438860660014375,1
1,0,0.4719580324803131,1
1,0,0.06455961079110988,1
1,1,0.9367800675052963,1
1,0,0.012984635739497891,1
0,1,0.7306607058285156,1
0,1,0.9779595226222811,1
1,0,0.30633465292898115,1
1,1,0.9946899063393497,1
