y_true,y_pred,y_prob,sensitive_features
1,1,0.9332558232812687,1
1,1,0.712512277716971,1
0,1,0.6332316895723948,0
0,1,0.6301534484353317,1
1,1,0.8651064911714273,0
0,0,0.12924047017158372,0
1,1,0.9007590636230022,1
1,0,0.14901714341434366,0
0,1,0.6180171494010502,0
1,1,0.8381518823290519,1
1,0,0.18141230031944083,1
0,0,0.20189766508916174,1
1,1,0.9661283097760526,1
1,1,0.8101622001963935,1
1,1,0.9386265524891629,1
0,0,0.4669162185125588,1
1,0,0.33078089000515487,0
0,0,0.05629409859424923,1
0,0,0.23301189813430584,0
1,0,0.3676967970648583,1
0,0,0.37518727204839214,0
1,1,0.9391175939845372,1
1,1,0.935033512576196,1
0,1,0.9671575618583846,1
1,0,0.07652376056761043,1
1,1,0.8541225449027757,1
0,0,0.4647434887218917,1
1,1,0.5091155785352383,1
1,1,0.9393329851429291,1
1,0,0.3484886075547295,1
0,1,0.8139751421210343,1
1,0,0.4758858364192567,1
0,1,0.7910376793254612,1
1,1,0.9333799981934633,0
0,1,0.8325735040375939,1
1,0,0.099044233082327,1
0,1,0.7544523539060568,1
1,1,0.9966857360327889,1
1,1,0.5449792162319164,1
1,0,0.4679682514277604,1
1,0,0.010725072102047487,1
0,1,0.8302431319746724,1
0,1,0.8235176922110593,1
0,1,0.5975368596219862,0
1,1,0.7826826459164724,0
0,1,0.9853195553507602,1
1,1,0.8021264420065143,1
