y_true,y_pred,y_prob,sensitive_features
0,1,0.7282659041712235,1
1,1,0.552397240539613,1
1,1,0.5981388173221357,1
1,1,0.6812417728335546,1
1,1,0.6634349255359808,1
0,0,0.49976765944313056,1
1,1,0.634877227668966,0
1,1,0.7971370533946507,0
0,1,0.661120991787449,1
0,0,0.40015109577114083,0
0,1,0.5306877760310047,0
1,1,0.6574950961101452,1
0,1,0.5832371197543206,1
0,1,0.6088100835897163,1
0,0,0.41498707040891614,1
1,1,0.6961086185218929,1
1,1,0.8135505687572698,1
0,1,0.5215160817846378,1
1,1,0.504878320104867,1
1,1,0.5545205566332656,1
0,1,0.7383143656412927,1
0,1,0.5705639148796123,0
1,1,0.5262003630368174,1
1,1,0.578646189939741,1
1,0,0.49998979603807564,1
0,1,0.8423137060224712,1
0,1,0.5396221824457195,1
1,1,0.618343401486929,1
1,1,0.731921618058372,1
1,1,0.7156359664483743,1
1,1,0.6600720279293459,1
1,1,0.6334040876852998,1
0,1,0.5773935507335565,0
1,0,0.4511230659317763,1
1,1,0.5772713279379009,1
0,1,0.5235783822069575,0
1,1,0.5752717236598666,1
1,1,0.565411467844232,0
0,1,0.7616901150897792,1
0,1,0.631415248695689,0
0,0,0.4979666028494491,1
1,1,0.6539930789542848,1
0,1,0.609811845867669,1
1,1,0.678728652536569,0
1,0,0.48204729379775985,1
1,1,0.631221804082688,1
1,1,0.6750183635308972,0
