y_true,y_pred,y_prob,sensitive_features
0,1,0.5097443058489827,1
0,0,0.5502593281392034,0
1,1,0.5140354975237849,1
0,1,0.47047125851233224,1
1,1,0.5104308069118948,0
0,0,0.5283402703833625,0
0,0,0.5510144245475103,1
0,0,0.5373522905411863,1
1,1,0.4620830429622714,1
0,1,0.4753452485316246,1
0,1,0.5232939523583966,0
1,0,0.5892565095266434,1
1,1,0.51918815762808,1
0,0,0.5372052953575805,1
1,1,0.4499640865652936,1
0,1,0.470832784945458,1
0,1,0.5060479526382196,1
0,0,0.561822251152776,1
1,0,0.5372168000985872,1
1,1,0.5,1
0,0,0.5654059434724723,1
1,1,0.5244917411793274,1
1,0,0.554096204543689,1
1,1,0.5,1
1,1,0.47633254088234595,1
0,1,0.48107478743673604,1
1,1,0.487490642776585,1
1,1,0.5,1
0,1,0.47901366435645937,1
1,0,0.5324162816570299,0
1,0,0.5848145937176575,0
1,1,0.4823308527126114,1
0,1,0.5236794315134528,0
1,1,0.5236201862192009,0
1,0,0.5276185320781749,1
1,1,0.47990845749068156,0
1,0,0.5267067863316223,1
1,0,0.5416108032949765,1
1,1,0.4944120258068257,1
0,1,0.49269858074059,0
1,1,0.5121381447341465,1
1,1,0.5258642800796759,1
1,0,0.5852815900946973,1
1,1,0.5,1
0,0,0.5419984899746341,1
0,0,0.5274934443622143,0
1,1,0.5184497668400595,1
