y_true,y_pred,y_prob,sensitive_features
1,1,0.6748978669204301,1
0,1,0.5392245512929466,1
1,1,0.7776581978148406,1
0,0,0.10894150400252949,0
1,0,0.2193876932010756,0
0,0,0.19063325553575036,0
1,0,0.31185489568792457,1
0,0,0.18692935960620516,1
0,1,0.7173237277204267,1
1,1,0.5597104504914374,1
1,1,0.9785122328471195,1
1,1,0.5604509925012339,1
1,0,0.16161510520127742,1
1,1,0.6347661941560784,1
1,1,0.7251819732944228,1
1,1,0.6299458887625532,1
1,1,0.8515962472123677,1
0,1,0.9149446687507886,1
1,1,0.9587044692158277,1
1,0,0.34336451341876983,1
1,1,0.8793264536545693,1
1,1,0.9996517342916534,1
0,0,0.49689532471243664,1
0,1,0.8180720335249901,1
0,0,0.4344016112006608,0
0,1,0.726689252895933,1
1,0,0.13852611373804377,0
1,1,0.6919908781057982,1
0,1,0.9824411945140007,1
1,1,0.6039673278886012,0
1,1,0.8839661516820447,1
0,0,0.1611184867488183,0
0,0,0.4909697190338285,1
1,1,0.755871753323924,1
0,0,0.18382855455447825,0
0,1,0.5215492417115623,1
1,1,0.56953758454359,1
1,1,0.8123637231226104,1
0,1,0.9043351287159712,1
1,0,0.32573142211844935,0
1,1,0.8156248848140621,1
1,1,0.6914978162424841,0
1,0,0.2638214237939087,1
0,1,0.7842677371057305,1
1,1,0.5258865009286701,1
0,0,0.38359678431143407,1
0,0,0.039611869282793616,0
