y_true,y_pred,y_prob,sensitive_features
1,1,0.9801900945757855,1
1,1,0.9567755701090166,0
1,1,0.9652557846371452,1
1,1,0.8367243927275949,1
1,1,0.899400327571821,1
1,1,0.4355960343193042,1
1,1,0.9496697396107897,1
1,1,0.6436980522584722,1
1,1,0.8362890860441111,1
0,1,0.6006694901413586,0
0,0,0.15015306944914897,0
0,1,0.7642309025931006,1
1,1,0.850697129559142,1
1,1,0.8957035437115637,1
0,1,0.7191587635386664,1
0,1,0.7976829968882764,1
1,1,0.9298352353118902,1
1,1,0.9233826146118334,1
0,0,0.10020254036758369,0
0,1,0.824988674489309,1
1,1,0.6887948617683399,1
0,1,0.8320687369412353,1
1,0,0.17750333339847124,0
0,1,0.5844589769195158,1
1,1,0.4899117526796189,0
0,0,0.30900037776599254,1
0,1,0.7590306728582505,1
0,1,0.7902778588424062,1
0,1,0.6501059169916015,1
0,1,0.7599028061131645,0
0,1,0.8383537123704669,1
1,0,0.2716719328271447,1
0,0,0.12763987586623363,0
1,1,0.7706701690421592,1
1,1,0.7077396446558141,1
1,0,0.23450142496671417,0
1,0,0.34972729167821176,1
0,1,0.5573480480876963,1
0,1,0.9554936142102819,1
1,0,0.2727678007897837,0
0,0,0.05455018394842695,0
1,1,0.8032092022521742,1
1,1,0.8442308981241513,1
1,1,0.8505571428407206,1
1,1,0.9117010058645507,1
1,1,0.7545757123381498,1
1,1,0.9617755145202289,1
