y_true,y_pred,y_prob,sensitive_features
1,0,0.2969427530900499,1
1,0,0.160629619616429,1
1,1,0.9016604650038051,1
0,1,0.6570322556794822,1
1,1,0.7734625851186295,1
0,0,0.39049613363197305,1
0,1,0.7886522590848566,1
0,0,0.38183199435431936,0
0,1,0.701332923211641,1
0,0,0.19442073907944374,0
1,0,0.09443648879155786,1
0,1,0.7923963276902733,1
1,1,0.9490046538777344,1
1,0,0.29561050283881246,0
0,1,0.6218882120924429,1
1,1,0.5595998152115539,1
0,1,0.6274068722377509,1
1,1,0.8199848919949018,1
1,1,0.6154550262582097,1
1,1,0.9573282082879807,0
0,1,0.8254513288203742,1
0,0,0.3646711985763659,1
1,1,0.7728416916193374,1
1,1,0.7381857481300881,1
1,1,0.6489966438481235,1
1,1,0.8651776627554645,1
1,0,0.11263577324152177,0
1,1,0.9231325146046012,0
1,0,0.3008495768801776,1
1,1,0.5951399821384976,1
0,1,0.7364699580005902,1
1,0,0.18681828118624427,1
1,0,0.11024407333630529,1
0,0,0.14271976652757443,1
1,0,0.24455228969920037,1
1,1,0.589030751690163,1
1,0,0.3243823864891222,1
0,0,0.3233103330039669,0
1,1,0.9931704363311366,0
0,0,0.48410744868791633,0
0,0,0.3026850277681301,1
0,1,0.8639080954026885,0
0,1,0.9412684830163834,0
1,0,0.3696925381173925,1
1,1,0.9689795720775287,1
0,0,0.26088921836554824,1
1,1,0.6563713368705583,1
