y_true,y_pred,y_prob,sensitive_features
1,1,0.5205956095717813,1
0,1,0.570761487010493,1
1,1,0.7084586219474848,1
0,0,0.3718510606768783,0
1,1,0.5427484579100817,0
0,0,0.32983377750184395,0
1,1,0.5090644776840736,1
0,0,0.4717834502784215,1
0,0,0.4351385582885922,1
1,1,0.6063356918411485,1
1,1,0.831443467522062,1
1,0,0.4895597904297008,1
1,0,0.3344996302651527,1
1,1,0.7265239486719277,1
1,1,0.6765920310844112,1
1,1,0.6019727745758277,1
1,1,0.6557651267357153,1
0,1,0.8896756770563103,1
1,1,0.9163475975935124,1
1,0,0.26360036498098716,1
1,1,0.825606867839946,1
1,1,0.8532971821628045,1
0,1,0.6375421514330482,1
0,1,0.7426399907188816,1
0,1,0.6286789962593196,0
0,0,0.3565035780864509,1
1,0,0.44068851487040206,0
1,0,0.448482278327173,1
0,1,0.9078788483728061,1
1,1,0.7168967495831277,0
1,1,0.6301856514308459,1
0,0,0.4891425726955102,0
0,1,0.820995625480273,1
1,1,0.742671983101631,1
0,0,0.3714275456695386,0
0,1,0.7522108680678682,1
1,0,0.4496509795211195,1
1,1,0.6758575011399656,1
0,1,0.679486075754013,1
1,0,0.48022028063477823,0
1,1,0.5402183767148759,1
1,1,0.7935955467353226,0
1,0,0.47170999416536574,1
0,1,0.8456997047163072,1
1,0,0.47422493969121443,1
0,1,0.5034966312427213,1
0,0,0.3371525860956398,0
