y_true,y_pred,y_prob,sensitive_features
1,0,0.13188002924214007,1
1,1,0.5248979623056077,1
1,1,0.9776538704799551,1
0,1,0.7476675122506562,1
1,1,0.9161631746914757,1
0,1,0.8707552067968248,1
0,1,0.7907014989738934,1
0,0,0.45011787088560373,0
0,0,0.4656348207368383,1
0,0,0.43816879444413015,0
1,0,0.2700619481605829,1
0,1,0.8167306820081686,1
1,1,0.9806795662527572,1
1,0,0.35353395938453275,0
0,1,0.6691027710076977,1
1,1,0.9112632106422945,1
0,0,0.47061040073677635,1
1,1,0.9428244017879794,1
1,1,0.7689627037017716,1
1,1,0.6438617192180365,0
0,1,0.969931761234224,1
0,0,0.30397939097526633,1
1,1,0.8298578770094198,1
1,1,0.927976535040817,1
1,0,0.19493238408950983,1
1,1,0.6344187249808771,1
1,0,0.02008765882329507,0
1,1,0.7794777854285759,0
1,0,0.4651395097041997,1
1,1,0.8700850596907742,1
0,1,0.830656370619826,1
1,0,0.32656046840397734,1
1,0,0.10585853087463526,1
0,0,0.14719475455097145,1
1,0,0.49892198721854536,1
1,0,0.15216807560231344,1
1,1,0.6065803483680703,1
0,0,0.12141957081288471,0
1,1,0.9985884882768435,0
0,0,0.2708296311486137,0
0,0,0.40318818517396876,1
0,1,0.856028809186542,0
0,1,0.8778049237563489,0
1,1,0.7248787627516058,1
1,1,0.9878294052122312,1
0,1,0.5743465796019505,1
1,1,0.7680322098469853,1
