y_true,y_pred,y_prob,sensitive_features
1,1,0.7620996326552786,1
1,1,0.9954967282511572,0
0,0,0.48006555244244364,1
0,0,0.49061805437353684,1
0,0,0.019644513958051814,0
1,1,0.9903783130204699,1
0,1,0.679936761646892,1
0,1,0.9336211759454415,1
1,1,0.9766545395036125,1
1,0,0.12151222491551844,1
0,0,0.4957096562061497,1
1,1,0.9563467139792091,1
1,1,0.9438887699881777,1
1,1,0.9181596043978818,0
1,1,0.7462458492355697,0
0,0,0.45774333483883956,1
1,1,0.7937359580047573,1
0,1,0.541384211804797,1
1,0,0.17008661816624943,1
1,1,0.8552679239321962,1
1,1,0.9945933502527522,1
0,0,0.48503701255019294,0
0,0,0.3032036381705951,1
1,0,0.2516630481960621,0
0,1,0.7266596880769072,1
0,1,0.8056652092907678,1
1,1,0.7979834308505809,1
0,0,0.4780332025657713,0
1,1,0.7489287573937524,1
1,1,0.6030624752832767,1
1,0,0.40477952078044255,1
1,1,0.8077875905467924,0
1,1,0.6997547992500165,1
0,1,0.7920705208377626,1
1,1,0.7883733011111845,1
1,1,0.9437768935513238,1
0,0,0.18003483935507472,1
0,0,0.41407817452581436,0
0,0,0.1907180558377192,0
1,1,0.6567518386825913,1
1,1,0.9940758104205263,1
1,1,0.6002755428879284,1
1,1,0.5023018745256326,1
1,0,0.41735101479418063,1
0,1,0.5982305663904447,1
1,1,0.8951309833207827,1
0,1,0.8794156528218398,0
