y_true,y_pred,y_prob,sensitive_features
1,1,0.6680310029973473,1
1,1,0.7286450024048234,1
1,1,0.8143738629683426,1
0,1,0.7308388812933891,1
1,1,0.6681835695853997,1
0,1,0.7787995042135232,1
0,1,0.6801191849777104,1
0,1,0.6103300028110205,0
0,1,0.7040274408132728,1
0,0,0.3459676608455047,0
1,1,0.7245174085691961,1
0,0,0.5183028928864782,1
1,1,0.8859630505678208,1
1,0,0.4005462691546456,0
0,1,0.5630136646381229,1
1,1,0.6789993987976292,1
0,1,0.6620287500256979,1
1,0,0.5365100061062568,1
1,1,0.7316020574699361,1
1,1,0.761504625748507,0
0,1,0.7734287494973542,1
0,0,0.43195692957791115,1
1,1,0.7860357367055247,1
1,1,0.7076878185902975,1
1,1,0.6503504774402965,1
1,1,0.7280064374664984,1
1,0,0.4091371302082859,0
1,1,0.8048156290484402,0
1,0,0.3980427349743785,1
1,1,0.7119684710796307,1
0,1,0.5867279798588324,1
1,1,0.6213468394410047,1
1,0,0.4362056991893861,1
0,0,0.4618986060362168,1
1,1,0.5712359792250472,1
1,1,0.6621723442349231,1
1,0,0.34435550958019717,1
0,1,0.6898186767692668,0
1,1,0.7192875986923359,0
0,0,0.2723973255823465,0
0,1,0.6059737872299175,1
0,1,0.7033634774907557,0
0,1,0.7620427610384217,0
1,1,0.5839082608826661,1
1,1,0.7062485730935925,1
0,1,0.5995256116609801,1
1,1,0.643334307403616,1
