y_true,y_pred,y_prob,sensitive_features
1,1,0.7587223228334967,1
1,0,0.3854715309357765,1
0,0,0.3649605708897053,0
0,1,0.9381827905491277,1
1,0,0.267165642530659,0
0,0,0.11031147451804045,0
1,1,0.7434453260827671,1
1,0,0.13058258554923052,0
0,0,0.4531237009691545,0
1,1,0.8946313993639585,1
1,1,0.9372395922270942,1
0,0,0.4837572857123471,1
1,1,0.868008216683862,1
1,0,0.37434597183168233,1
1,1,0.7151923158451905,1
0,0,0.42033910783895495,1
1,1,0.9321550787291444,0
0,1,0.67309963500112,1
0,0,0.23712203207463087,0
1,0,0.2733124763300848,1
0,0,0.16358625218610562,0
1,1,0.8147247142878108,1
1,0,0.35379297409947935,1
0,1,0.8925958909272022,1
1,0,0.49719152853568166,1
1,1,0.943767195139593,1
0,0,0.4720410081094641,1
1,1,0.8489738793568012,1
1,1,0.6262852957557447,1
1,0,0.44799616316316065,1
0,1,0.6411702846343653,1
1,0,0.12388605326337067,1
0,1,0.5631386136148179,1
1,1,0.7392912503392935,0
0,0,0.33474960860068276,1
1,0,0.1483275794612573,1
0,1,0.6032848368452096,1
1,1,0.9725835493753069,1
1,0,0.4064224150293408,1
1,1,0.5245947528476104,1
1,0,0.418294709049827,1
0,1,0.5696119474253033,1
0,1,0.731350000273113,1
0,1,0.7100448627590371,0
1,0,0.3909074497309387,0
0,1,0.9839330067682922,1
1,1,0.8293628947055208,1
