y_true,y_pred,y_prob,sensitive_features
0,0,0.3989172777772477,0
1,0,0.4829027120074888,1
1,1,0.5896250781469327,1
1,0,0.5,1
0,1,0.5459065615521723,1
1,1,0.5772593754671504,1
0,1,0.6177500168015392,1
0,0,0.37749636904071465,1
1,0,0.3017435652228278,1
0,0,0.46599446015918383,0
0,0,0.3178937972697456,1
0,0,0.4647727104902869,1
1,1,0.5389707976378816,1
1,1,0.5506151829189747,1
1,1,0.5255830858287754,1
1,1,0.5681769561632632,1
0,0,0.4697522473042119,1
1,0,0.46445375623501983,1
0,0,0.3655006298890143,0
1,1,0.6857129817876596,1
0,0,0.3819228720845515,1
1,1,0.6319233239262178,0
0,0,0.4881972580531508,1
0,0,0.49023736683406705,1
1,1,0.5487141787995207,0
1,0,0.37455294854119425,1
0,1,0.6947311099517762,1
1,0,0.46091700780735345,1
1,0,0.4412294749000726,1
0,0,0.3758190172411153,0
0,0,0.4584269955132147,0
1,1,0.6672528179095251,1
1,1,0.5695974097882163,1
0,0,0.3073163462914274,1
0,0,0.40767141168534093,1
1,0,0.45324467758912357,1
0,0,0.36980433058134005,1
1,0,0.4469179338753816,1
1,0,0.349915719518795,1
0,0,0.44846814687003994,0
1,0,0.40721508703026404,1
1,1,0.7007186315179211,0
1,0,0.35868397897532045,1
1,0,0.4507870531544438,1
1,1,0.64255676683122,1
1,1,0.6950699277568425,0
1,1,0.6843872218506953,0
