y_true,y_pred,y_prob,sensitive_features
1,1,0.6049127338108087,1
1,1,0.9970343603599815,0
0,1,0.5847150814836387,1
0,1,0.6688426000511155,1
0,0,0.1799295453040218,0
1,0,0.4722919225195812,1
0,1,0.7466604939516065,1
0,1,0.5162087922316142,1
1,1,0.9714432427457667,1
1,0,0.16761607826447036,1
0,0,0.2118359119178137,1
1,0,0.4339984685554466,1
1,1,0.660828910238879,1
1,1,0.9683640336033987,0
1,0,0.4475477671260694,0
0,0,0.22738541179149244,1
1,1,0.8050230419238419,1
0,1,0.5842111518531871,1
1,1,0.7151764006069906,1
1,1,0.6523912055283504,1
1,1,0.9555332184664298,1
0,0,0.1771643633806689,0
0,0,0.49217060399442175,1
1,0,0.16990394355829705,0
0,1,0.8481675865129104,1
0,1,0.5459261592294583,1
1,1,0.6405507933391028,1
0,0,0.034832865338168525,0
1,0,0.4151382752277626,1
1,1,0.7458809595899503,1
1,0,0.21625368296867012,1
1,1,0.8096974427696457,0
1,0,0.4924164704164516,1
0,1,0.6610838078700024,1
1,1,0.5446171124415615,1
1,1,0.6625933108373108,1
0,0,0.11589111188091118,1
0,0,0.2651132234341907,0
0,0,0.1965868019584537,0
1,0,0.2900823863265706,1
1,1,0.8665005391074027,1
1,0,0.42895789376312987,1
1,1,0.6188557442874486,1
1,0,0.2589896033017195,1
0,0,0.41844256245849476,1
1,1,0.6516954607132739,1
0,1,0.6340112383111967,0
