y_true,y_pred,y_prob,sensitive_features
1,1,0.612517937525011,1
1,1,0.9996565505635149,0
0,1,0.534935150223196,1
0,1,0.5742448655110013,1
0,0,0.25035267853548476,0
1,1,0.6557366009276259,1
0,1,0.669449475658158,1
0,0,0.44902020273171855,1
1,1,0.9570330813267365,1
1,0,0.2077469839528671,1
0,1,0.6343825911610717,1
1,1,0.765882435135719,1
1,1,0.5841926870869126,1
1,1,0.9272058661565957,0
1,0,0.44405005929735547,0
0,0,0.22445420847187253,1
1,1,0.6386008149948018,1
0,1,0.6658746930678656,1
1,1,0.638673131424572,1
1,1,0.7073102280818683,1
1,1,0.9183641297144397,1
0,0,0.15960635692171715,0
0,0,0.42969575154281703,1
1,0,0.22716860281125698,0
0,1,0.8092227334598737,1
0,1,0.6637296259117994,1
1,1,0.591243903016559,1
0,0,0.1302745016518116,0
1,0,0.4371539058705465,1
1,1,0.6467609824410511,1
1,0,0.3075848164673692,1
1,1,0.7940272009543653,0
1,0,0.46766780760324345,1
0,1,0.6421019335267305,1
1,0,0.435773659311244,1
1,1,0.6415722501061067,1
0,0,0.2311369079965267,1
0,1,0.6133910186905467,0
0,0,0.20380724464157993,0
1,0,0.3349605441514021,1
1,1,0.942274180581122,1
1,1,0.5366962469240752,1
1,1,0.5146379352867028,1
1,0,0.3032868012196527,1
0,0,0.4499899974282131,1
1,1,0.9056623923872853,1
0,1,0.5588870111707948,0
