y_true,y_pred,y_prob,sensitive_features
0,1,0.8163335191116329,0
1,1,0.9412888573743002,1
0,1,0.5069340520257092,0
1,1,0.7401797841402988,1
1,1,0.7409638078652089,1
1,1,0.623070786383117,1
1,1,0.7493036959549005,1
1,1,0.9714686580672897,1
1,1,0.9542927305207543,1
0,1,0.6072345729286076,1
0,1,0.619805268557133,1
0,1,0.8726997074054808,1
0,1,0.9044096870447144,0
1,1,0.66758077325732,1
0,1,0.9335670635665951,1
1,1,0.9767862517033381,0
0,0,0.31078709736405513,1
1,1,0.995560116639332,1
1,1,0.5754632085419846,0
1,1,0.8019940744494046,1
0,0,0.36283502289026154,0
0,0,0.09454965840748708,0
0,1,0.5740422053998377,1
1,1,0.7446076266772552,1
1,1,0.7032751063645446,1
1,1,0.8075517667879892,0
0,0,0.3366891125811688,1
0,1,0.7884542695993279,1
1,1,0.9533789497609717,1
0,1,0.9632365402939626,1
1,1,0.9971563388414598,0
1,0,0.07716184799639522,1
1,1,0.886409861581266,1
1,1,0.9887848757282636,1
0,1,0.9315322399234562,0
0,0,0.4775693858521981,1
0,1,0.8611118923716369,1
1,1,0.9626100089569981,0
1,0,0.40465274800318646,1
1,1,0.7680141672381857,1
1,0,0.08231193515959365,1
1,1,0.9370241828787369,1
1,0,0.036672788401252314,1
0,1,0.7926066434542934,1
0,1,0.9865166665478777,1
1,1,0.9426282830469704,1
1,1,0.9897311119413218,1
