y_true,y_pred,y_prob,sensitive_features
0,1,0.6287734461681385,1
1,1,0.7778299469299165,1
0,0,0.47748440065452535,0
0,1,0.622255771693601,1
1,1,0.6504649959886345,0
1,1,0.6355133448678961,1
1,1,0.7511286463371417,1
0,1,0.7007296897632074,1
1,1,0.7085400718541395,1
1,1,0.6899208479109413,1
1,1,0.7265809861662763,1
1,1,0.7832394854017378,1
1,1,0.7899729961936258,1
1,1,0.6896429089515245,1
1,1,0.6116545927895197,0
0,1,0.6624630617505868,1
0,1,0.6049037014604449,0
0,1,0.687362117944977,1
1,1,0.6886552607919962,0
1,0,0.5336785082023943,0
1,1,0.5826577638087785,0
0,0,0.4527505347858527,0
1,1,0.69014842675493,1
1,1,0.646400064304045,1
1,1,0.7313673425156546,1
0,1,0.6465197960528173,1
0,1,0.6612699089268324,0
1,1,0.6579878113396284,1
1,1,0.6719301583719223,1
1,1,0.6862565245927196,1
1,1,0.6110977182543142,1
0,1,0.7229458067445886,1
0,0,0.5215092282933423,0
0,1,0.7370744529949823,1
1,1,0.6738186147463862,1
0,1,0.6970886640484184,1
1,1,0.6285938372161604,1
1,1,0.6507552337560394,1
0,1,0.7559491925230575,1
1,1,0.6738794076356842,1
0,1,0.6682571709185748,1
1,1,0.7729017247811388,1
1,1,0.6796711504168572,1
0,1,0.6852209519792318,1
1,1,0.649798874066102,1
0,1,0.6966366764974365,1
0,0,0.42971180935989334,0
