y_true,y_pred,y_prob,sensitive_features
0,1,0.6605438388081404,1
0,0,0.07764366239152021,0
1,0,0.23583572638662248,1
0,1,0.9788191695338181,1
1,1,0.8848542188486581,0
0,1,0.5226994502279998,0
0,1,0.6559793870842224,1
0,1,0.5097637631696,1
1,1,0.9199524878390809,1
0,1,0.9765480038286263,1
0,0,0.1685225121762423,0
1,0,0.016801396199388655,1
1,1,0.9257894211390636,1
0,1,0.5990032690344359,1
1,1,0.754132270953384,1
0,0,0.29834351274290566,1
0,0,0.30498314706239094,1
0,0,0.10184766296528548,1
1,0,0.019714812568098632,1
1,1,0.9518851779133192,1
0,0,0.34826401768590304,1
1,1,0.8892234274582744,1
1,0,0.25076367575230785,1
1,1,0.7504897602229962,1
1,1,0.5003609943119917,1
0,1,0.9592669310170537,1
1,1,0.6551840197636438,1
1,1,0.939853283368575,1
0,0,0.27561704044390517,1
1,1,0.8245519835249603,0
1,0,0.0870113057507076,0
1,1,0.9900733300210497,1
0,0,0.042531304763518234,0
1,1,0.9322075273825332,0
1,1,0.5897855612691348,1
1,1,0.992785970550322,0
1,1,0.8346891354618,1
1,1,0.9445816437201658,1
1,1,0.8170053649637926,1
0,1,0.8047590815890385,0
1,1,0.9049724494876924,1
1,1,0.7531102947434384,1
1,0,0.492638950192131,1
1,0,0.24759885032535361,1
0,1,0.5759273071566258,1
0,0,0.2110168388858486,0
1,1,0.9556669727437422,1
