y_true,y_pred,y_prob,sensitive_features
0,0,0.28834858107794376,0
1,1,0.8825992578354181,1
0,1,0.5996589226587541,0
1,1,0.5671030913501637,1
1,1,0.622698967988298,1
1,1,0.5396018361281238,1
1,1,0.6260558876020634,1
1,1,0.723259380879307,1
1,1,0.7528084627982025,1
0,0,0.24722716710072282,1
0,1,0.6860098211550217,1
0,1,0.5919303645313294,1
0,1,0.7356666412550211,0
1,0,0.4671840554574849,1
0,1,0.7439840067585838,1
1,1,0.9177726297355965,0
0,0,0.25414046253521144,1
1,1,0.9556531312107782,1
1,1,0.6256214678097152,0
1,1,0.7677725415563482,1
0,1,0.5014657199560155,0
0,0,0.36286930839250986,0
0,1,0.8051546653148497,1
1,1,0.5017290484250687,1
1,0,0.4167200708813774,1
1,0,0.19004739516461897,0
0,0,0.4484765308427121,1
0,1,0.7194481051208423,1
1,1,0.9402404772716088,1
0,1,0.5803457951042007,1
1,1,0.9965162380759424,0
1,0,0.35663266278377,1
1,1,0.6433629949387093,1
1,1,0.9748978686241867,1
0,1,0.5950810633150665,0
0,0,0.4620958120466652,1
0,1,0.6936797537584193,1
1,1,0.8789586863009226,0
1,0,0.46491150890083155,1
1,1,0.5149133090707092,1
1,0,0.4118569532651292,1
1,1,0.6832697725020861,1
1,0,0.14287025131009395,1
0,1,0.5692079879205576,1
0,1,0.7035112069137357,1
1,0,0.44836653829757417,1
1,1,0.9231211474585108,1
