y_true,y_pred,y_prob,sensitive_features
1,1,0.6042785095271979,1
0,1,0.5695359408629361,1
1,1,0.5864548512230878,1
0,0,0.5242408099228616,0
1,0,0.5662420789348045,0
0,0,0.5573423515657601,0
1,0,0.5568174220387948,1
0,0,0.5397875907392309,1
0,1,0.595212472897749,1
1,1,0.5837256261221844,1
1,1,0.6450316100129501,1
1,1,0.5869799435538755,1
1,0,0.5571571092760333,1
1,1,0.604279755899619,1
1,1,0.5777621813662556,1
1,0,0.5543537624746053,1
1,1,0.6101880637275129,1
0,1,0.5990135123082659,1
1,1,0.591148471199754,1
1,0,0.554423385330778,1
1,1,0.6208601932704052,1
1,1,0.6066491821542946,1
0,1,0.5693214552349469,1
0,1,0.5913405610406585,1
0,0,0.5603370522499611,0
0,1,0.596724249511793,1
1,0,0.5559343413769026,0
1,1,0.6024563324098902,1
0,1,0.601132152815817,1
1,0,0.5646853602925406,0
1,1,0.6147747556748048,1
0,0,0.561857608922565,0
0,1,0.5781508889591341,1
1,1,0.5801843345954986,1
0,0,0.5099452878565585,0
0,0,0.5608925318408441,1
1,1,0.5978331541266179,1
1,1,0.6044481924181673,1
0,1,0.5977311683223625,1
1,0,0.5475178028591857,0
1,1,0.5898429467507357,1
1,1,0.603278377588167,0
1,0,0.5336491531879807,1
0,1,0.6224166177076066,1
1,0,0.5583459431284827,1
0,1,0.581892393919158,1
0,0,0.5396078719394027,0
