y_true,y_pred,y_prob,sensitive_features
1,1,0.893563783226477,1
1,1,0.7708812001344738,1
1,1,0.8513233778707372,1
0,0,0.47413998870122137,1
1,1,0.723693637139343,1
0,1,0.6764481560922616,1
0,0,0.47249813160522375,1
0,1,0.6133600113249874,0
0,1,0.7212342924446188,1
0,0,0.2242354786104297,0
1,1,0.8187584345130395,1
0,0,0.40575583289043765,1
1,1,0.8287524500965473,1
1,0,0.4009667672981997,0
0,1,0.671608739307371,1
1,1,0.6463299980140144,1
0,1,0.5854373233999729,1
1,1,0.641880387768473,1
1,1,0.6500442437899393,1
1,1,0.7483374385353375,0
0,1,0.8433535994769932,1
0,0,0.45823719289210685,1
1,1,0.7924038862813684,1
1,1,0.7445005777378587,1
1,1,0.8100044197924472,1
1,1,0.8752411955953014,1
1,1,0.6439821233471197,0
1,1,0.9143043531333539,0
1,0,0.2098824340266775,1
1,1,0.6240706473130292,1
0,1,0.6372106114375976,1
1,1,0.8878417033714852,1
1,1,0.5885131556787419,1
0,0,0.4250672577373157,1
1,1,0.7520419110571446,1
1,1,0.7213774494396498,1
1,0,0.4495474386537076,1
0,1,0.7011127709931606,0
1,1,0.9975444553128358,0
0,0,0.3156344111831858,0
0,1,0.681177035424601,1
0,1,0.5216382236514427,0
0,1,0.6856124613607832,0
1,0,0.4018373210434608,1
1,1,0.7561685217384504,1
0,0,0.07769845101341931,1
1,0,0.49855729186062375,1
