y_true,y_pred,y_prob,sensitive_features
0,1,0.6436010491424939,1
1,1,0.8488730235991678,1
0,0,0.37189912451336765,0
0,0,0.4036258909737089,1
1,1,0.7917792553668548,0
1,0,0.49718503984828527,1
1,1,0.6709280770290434,1
0,1,0.5410110523051597,1
1,1,0.8601922212865979,1
1,1,0.5614468752993731,1
1,1,0.8631585714758905,1
1,1,0.6134347009230676,1
1,1,0.8108946553279324,1
1,1,0.7887469395883253,1
1,1,0.5606778156887738,0
0,1,0.6054455637440073,1
0,0,0.48300287953140464,0
0,1,0.5705017639337416,1
1,1,0.9065566066741683,0
1,0,0.3621710013643441,0
1,1,0.7379015523570686,0
0,0,0.35460757053819203,0
1,1,0.5668592070191479,1
1,1,0.7123704951451333,1
1,1,0.9045714861136999,1
0,0,0.3424973959454135,1
0,1,0.8185993347005895,0
1,1,0.7948681290256978,1
1,1,0.8608665247572787,1
1,1,0.5965435114473889,1
1,1,0.6137551991090877,1
0,0,0.4831965493250808,1
0,0,0.32746926648868246,0
0,1,0.6981804065526308,1
1,1,0.5538659501981896,1
0,1,0.8470457245815852,1
1,1,0.6448096363334898,1
1,1,0.6295963223852744,1
0,1,0.9416698282094593,1
1,1,0.9894622157128468,1
0,0,0.2937421572792758,1
1,1,0.8823673365669562,1
1,1,0.9976745746459921,1
0,1,0.6416629048482192,1
1,1,0.7078806596967403,1
0,0,0.42019322504154927,1
0,0,0.3326693323726492,0
