y_true,y_pred,y_prob,sensitive_features
0,1,0.5799220426934457,0
1,1,0.627041537637974,1
0,1,0.5385041689708684,0
1,1,0.5097531385945736,1
1,0,0.44299295910312203,1
1,1,0.6450137223000405,1
1,1,0.7355829050662857,1
1,1,0.9385712112034051,1
1,1,0.6319321227651556,1
0,0,0.4888531230207196,1
0,1,0.7419251376979759,1
0,1,0.569810223884426,1
0,1,0.6893790113082611,0
1,0,0.31259024475111413,1
0,1,0.8538742109617821,1
1,1,0.701480428198694,0
0,0,0.20543508003202382,1
1,1,0.9414843800674007,1
1,1,0.6874056809056523,0
1,1,0.7114417995032019,1
0,1,0.6123120608526448,0
0,0,0.2526997881991008,0
0,1,0.6513873658553222,1
1,1,0.6554180157222446,1
1,1,0.727032181833169,1
1,0,0.2667062359231884,0
0,0,0.15537745537504677,1
0,0,0.3603912590395915,1
1,1,0.9068977483529381,1
0,1,0.6260943993262238,1
1,1,0.9994656768746194,0
1,1,0.8554502532470966,1
1,1,0.7063478017560231,1
1,1,0.9681279952731928,1
0,1,0.5219632117746645,0
0,1,0.5113828635271149,1
0,1,0.5979167589246354,1
1,1,0.8756310095381402,0
1,1,0.5306288642919316,1
1,1,0.5610725233836803,1
1,0,0.3350663599305336,1
1,0,0.42103366372438755,1
1,0,0.1766457768645532,1
0,0,0.3524316989137589,1
0,1,0.6324969296804677,1
1,1,0.7120402894702664,1
1,1,0.9162677810414596,1
