y_true,y_pred,y_prob,sensitive_features
1,1,0.7105599983223679,1
1,1,0.5528960119029158,1
1,1,0.8874592593990848,1
0,1,0.521157461430295,1
1,1,0.6543121001059014,1
0,1,0.6336607411228967,1
0,1,0.5721166340675774,1
0,1,0.5163810545973975,0
0,1,0.650122722444648,1
0,0,0.21663493053023933,0
1,0,0.3846749377726863,1
0,0,0.39985061115255005,1
1,1,0.9370392242219757,1
1,0,0.3693417847757341,0
0,1,0.5043358474124976,1
1,1,0.5093852414189931,1
0,1,0.5854017871063265,1
1,0,0.4447981630270215,1
1,1,0.5753232838941493,1
1,1,0.8714840315268776,0
0,1,0.8384243892832884,1
0,0,0.27816515023796806,1
1,1,0.7157547967045902,1
1,1,0.7714709311043524,1
1,1,0.8547759265415803,1
1,1,0.8241154656259475,1
1,0,0.47230600192449956,0
1,1,0.9197611574529542,0
1,0,0.3825174255842003,1
1,1,0.6194548196861704,1
0,1,0.5393449982638264,1
1,1,0.9093557394359992,1
1,0,0.46102097627425515,1
0,0,0.2802209427831691,1
1,1,0.5290861068036417,1
1,1,0.6169128276967278,1
1,0,0.48336440589405116,1
0,1,0.6665642588436408,0
1,1,0.999949647004702,0
0,0,0.2120211766364028,0
0,0,0.47791301066869346,1
0,1,0.752178954950037,0
0,1,0.737377574549573,0
1,0,0.4301282843851138,1
1,1,0.643479018573778,1
0,0,0.07140227225455617,1
1,0,0.488125939400618,1
