y_true,y_pred,y_prob,sensitive_features
1,1,0.716552713494989,1
1,1,0.5685231170471802,1
1,1,0.8976517014738494,1
0,1,0.7781675816177769,1
1,1,0.6693076780897051,1
0,1,0.7273361531042803,1
0,1,0.6312001202350981,1
0,0,0.3761418379262579,0
0,0,0.43990287157160457,1
0,0,0.2785361965716429,0
1,0,0.4495615155271748,1
0,1,0.5019041617206899,1
1,1,0.9547922322383239,1
1,0,0.31662208146991316,0
0,0,0.4847390322092295,1
1,1,0.6856763877772469,1
0,1,0.6495444033308834,1
1,0,0.31376422923583397,1
1,1,0.8669724738107862,1
1,1,0.7115861563478518,0
0,1,0.8962595171750843,1
0,0,0.3874904448779632,1
1,1,0.8329945449947901,1
1,1,0.8381453006553652,1
1,1,0.902383301149702,1
1,1,0.7080334236113074,1
1,1,0.6682826896788778,0
1,1,0.8196797904532341,0
1,1,0.6139874328196243,1
1,1,0.630323617185568,1
0,1,0.6098018266805266,1
1,1,0.784016359504605,1
1,1,0.5731350626968115,1
0,0,0.2627283946025445,1
1,1,0.5586802704214284,1
1,1,0.8981557437137513,1
1,1,0.6189505497127271,1
0,1,0.7758376909405212,0
1,1,0.9874298888254148,0
0,0,0.23027113720450215,0
0,1,0.6194692004597181,1
0,1,0.5862702275034739,0
0,1,0.6200993127499244,0
1,0,0.3874488631539776,1
1,1,0.7588029157304166,1
0,0,0.42162198985303573,1
1,0,0.427516710407771,1
