y_true,y_pred,y_prob,sensitive_features
0,1,0.864688526041132,1
0,0,0.18386940925150058,0
1,1,0.5020077212108418,1
0,1,0.8469411826472825,1
1,1,0.7715135109721356,0
0,0,0.4821764926744286,0
0,1,0.9461676928528733,1
0,0,0.31105159424162937,1
1,1,0.887055053529059,1
0,1,0.9223265719486465,1
0,0,0.4963619742341549,0
1,0,0.18447521665676067,1
1,1,0.932902285029998,1
0,0,0.4185292838168688,1
1,1,0.5707203328281664,1
0,0,0.27742377237835214,1
0,1,0.6368811086962824,1
0,0,0.03412776470235332,1
1,0,0.10029073684772732,1
1,1,0.8874062985474834,1
0,0,0.14415550972314845,1
1,1,0.9850480031597787,1
1,0,0.20721770313003474,1
1,1,0.7775241049173014,1
1,0,0.4816573786197971,1
0,1,0.9349937397353915,1
1,1,0.6672306725643727,1
1,1,0.9054589007095228,1
0,0,0.30423320417031136,1
1,1,0.8719680500302247,0
1,1,0.6474721015920945,0
1,1,0.9956924544934719,1
0,0,0.2015577058475767,0
1,1,0.8980434974904763,0
1,1,0.6446754780221334,1
1,1,0.949953597508706,0
1,1,0.5815683323661387,1
1,1,0.8908656796399194,1
1,1,0.5660664035337367,1
0,1,0.8305941481440268,0
1,1,0.8477079515810313,1
1,1,0.9109063228521496,1
1,0,0.3440285305807287,1
1,0,0.19261730356479875,1
0,1,0.5550772798141002,1
0,0,0.23829883560344364,0
1,1,0.9082187353329864,1
