y_true,y_pred,y_prob,sensitive_features
1,1,0.6607288579016413,1
1,1,0.6646207949934556,0
0,1,0.6217416432935424,1
0,1,0.6621151009066392,1
0,1,0.6015517055930305,0
1,1,0.6506242390352605,1
0,1,0.6212238652554907,1
0,1,0.6659026969535349,1
1,1,0.7159848311173703,1
1,0,0.5471854924792474,1
0,1,0.642421833581034,1
1,1,0.6418068109404808,1
1,1,0.6513413487793612,1
1,1,0.7031493761450983,0
1,1,0.6150537909108792,0
0,1,0.5914723950527145,1
1,1,0.6454316946109194,1
0,1,0.6591800094810493,1
1,1,0.6874295758655824,1
1,1,0.6025920639368649,1
1,1,0.6566839616299279,1
0,1,0.580486348538792,0
0,0,0.5667011810157281,1
1,0,0.4806102651678181,0
0,1,0.7220622229691114,1
0,1,0.6331463069346115,1
1,0,0.5668173221329621,1
0,1,0.6072395071162502,0
1,1,0.6288449678162829,1
1,1,0.6628260098424952,1
1,1,0.6775215802263891,1
1,1,0.6285863874934569,0
1,1,0.6079005068405716,1
0,1,0.6692930897727518,1
1,1,0.5692652141748545,1
1,1,0.6527591801281551,1
0,0,0.5631786761283744,1
0,1,0.6305408690018085,0
0,0,0.4478026415931197,0
1,1,0.6187665719949969,1
1,1,0.6589541514622939,1
1,1,0.6667769368846709,1
1,1,0.6218298249778208,1
1,0,0.4824234440436773,1
0,1,0.6066236382082498,1
1,1,0.6256154639200078,1
0,1,0.6440643804220532,0
