y_true,y_pred,y_prob,sensitive_features
0,0,0.4429038380169622,1
0,0,0.11904108458612638,0
1,0,0.23645708147676991,1
0,1,0.9106656341015257,1
1,1,0.8572598669595507,0
0,1,0.6712848152772116,0
0,1,0.5116413120868071,1
0,0,0.35828992475289145,1
1,1,0.8986170618327313,1
0,1,0.9611851758517475,1
0,0,0.13087978577859533,0
1,0,0.013974056266654544,1
1,1,0.9946004932650289,1
0,1,0.578828534336375,1
1,1,0.7565354558366207,1
0,0,0.30132804690316195,1
0,1,0.5952601083731616,1
0,0,0.057501970264482206,1
1,0,0.03538642652181395,1
1,1,0.9197869250222013,1
0,0,0.204716717011903,1
1,1,0.9913954980572741,1
1,0,0.2451531091864685,1
1,1,0.5401259260734746,1
1,1,0.6154430938134687,1
0,1,0.9745691859913518,1
1,1,0.7844222108729895,1
1,1,0.9536517946746245,1
0,0,0.4564343123535662,1
1,1,0.7561753751200694,0
1,1,0.5712347657564861,0
1,1,0.9866092660021301,1
0,1,0.5134013358842979,0
1,1,0.9595423251082354,0
1,1,0.54690124139496,1
1,1,0.9914943839830389,0
1,1,0.7951047981658224,1
1,1,0.8478476989787771,1
1,0,0.33549467719149423,1
0,1,0.5965170715729561,0
1,1,0.9003017031817953,1
1,1,0.8807049138114532,1
1,0,0.27198969227685754,1
1,0,0.2461143263673707,1
0,1,0.6256655230056365,1
0,0,0.3383163163948204,0
1,1,0.9490675149371794,1
