y_true,y_pred,y_prob,sensitive_features
0,1,0.7170239501564841,1
0,1,0.6555865163600032,0
1,0,0.3048912755100368,1
0,1,0.7590015021743557,1
1,1,0.5886320208996952,0
0,0,0.47491297878971944,0
0,1,0.8032916294294675,1
0,1,0.5732821467196628,1
1,1,0.5254044423055051,1
0,1,0.656776219703306,1
0,0,0.3098636845358461,0
1,0,0.31301039549337545,1
1,1,0.7120288289189037,1
0,1,0.5565716900873549,1
1,0,0.480602270751184,1
0,0,0.496739757001294,1
0,0,0.4099187562950926,1
0,1,0.6182286724718553,1
1,0,0.27342449481491654,1
1,0,0.48837483149478517,1
0,1,0.615215906274848,1
1,1,0.7314289902683249,1
1,1,0.5207342913828454,1
1,1,0.6790191667238382,1
1,1,0.6387564401173998,1
0,1,0.6852185911744187,1
1,1,0.6878521185755592,1
1,1,0.6203269782122071,1
0,0,0.3795457231723311,1
1,1,0.6876520365304211,0
1,1,0.6757496047803533,0
1,1,0.7367293134571741,1
0,1,0.7003416463176052,0
1,1,0.7567230958387041,0
1,1,0.5209069719767195,1
1,1,0.9506795426782356,0
1,1,0.7427703316421984,1
1,1,0.6381923984772035,1
1,1,0.5460831939124398,1
0,1,0.6166485742059638,0
1,1,0.7994343450755174,1
1,1,0.6577577160041761,1
1,0,0.4628363115780611,1
1,1,0.5664692529786253,1
0,1,0.5104770460747038,1
0,1,0.7186385868351357,0
1,1,0.5921900408755141,1
