y_true,y_pred,y_prob,sensitive_features
1,1,0.5862884937385516,1
0,1,0.549319362513718,1
1,0,0.5266824761694185,1
0,0,0.4585949032395642,0
1,0,0.5147503978855488,0
0,0,0.5267961892189247,0
1,0,0.4540416149340316,1
0,0,0.43844359034129116,1
0,1,0.5430505804788371,1
1,1,0.5437351353369954,1
1,1,0.6459998693660834,1
1,0,0.514166755432555,1
1,0,0.5208104233902127,1
1,1,0.5662307208873655,1
1,1,0.5660779721411516,1
1,0,0.47893395183873466,1
1,0,0.5340856780290169,1
0,1,0.5803583683112805,1
1,1,0.5578389887613985,1
1,0,0.4641619284799898,1
1,1,0.6103040014635933,1
1,1,0.6108217223758118,1
0,0,0.5205382183820912,1
0,1,0.5566646661022554,1
0,0,0.5218811185032731,0
0,1,0.5696389852144522,1
1,1,0.5436759732814014,0
1,1,0.5711179109762055,1
0,1,0.6164030403119604,1
1,1,0.5515429044732507,0
1,1,0.5677831723499162,1
0,1,0.5566223218811024,0
0,1,0.5686576640272569,1
1,1,0.5494244018300116,1
0,0,0.4718287461439257,0
0,0,0.489311206515103,1
1,1,0.5731484477217241,1
1,1,0.5926581611129298,1
0,1,0.5652259112002397,1
1,0,0.47180595858535,0
1,1,0.5731109644154593,1
1,1,0.6139029018204147,0
1,0,0.45731177803937983,1
0,1,0.6172644273870381,1
1,0,0.49244160639471557,1
0,0,0.5100672788399127,1
0,0,0.49167986150216186,0
