y_true,y_pred,y_prob,sensitive_features
0,1,0.9936179271437199,1
1,1,0.979154191803247,1
1,1,0.7388709927805774,1
1,1,0.9058575123591932,1
1,1,0.9548791060207815,1
0,0,0.37500680422896027,1
1,1,0.9545683275634704,0
1,1,0.9975049478808441,0
0,1,0.9709171948978345,1
0,0,0.3394883857534325,0
0,0,0.18785025734697522,0
1,1,0.9829149509252422,1
0,1,0.9888224272438019,1
0,1,0.93677041374282,1
0,1,0.8278386700629433,1
1,1,0.9914524511236907,1
1,1,0.9987819665860468,1
0,0,0.34163245963322036,1
1,0,0.01820311429205094,1
1,1,0.7677829591114761,1
0,1,0.9831574622419067,1
0,1,0.663361491760206,0
1,0,0.0723938155114349,1
1,1,0.9349067007501954,1
1,0,0.12386704443434025,1
0,1,0.9904089285080947,1
0,1,0.8563770530772962,1
1,0,0.0404222803809043,1
1,1,0.9715529042150067,1
1,1,0.6625290629020427,1
1,1,0.849554947898778,1
1,1,0.9952080380465781,1
0,1,0.9087887364088396,0
1,1,0.5635623096434513,1
1,0,0.0645971031881056,1
0,0,0.3327939182454234,0
1,1,0.9029397032103957,1
1,1,0.8086522670099872,0
0,1,0.9925157918950291,1
0,0,0.2505643432018811,0
0,1,0.9788881761084038,1
1,1,0.9912873391479665,1
0,0,0.38810451485105946,1
1,1,0.9929024092697074,0
1,1,0.9553510317154688,1
1,1,0.8159709917213641,1
1,1,0.992626303332234,0
