y_true,y_pred,y_prob,sensitive_features
1,1,0.8905651924152244,1
1,1,0.5312174049367344,1
0,0,0.49562908011807877,0
0,1,0.9307344787012568,1
1,0,0.3513153381568028,0
0,0,0.4995885681076033,0
1,1,0.8565248395274729,1
1,0,0.015812118240541392,0
0,0,0.37401550803617534,0
1,1,0.8739222042133471,1
1,1,0.8313255736371504,1
0,0,0.27400861003017285,1
1,1,0.761865763446071,1
1,1,0.6862363016869761,1
1,1,0.7188987489474925,1
0,0,0.4828431191816481,1
1,1,0.6385627899617127,0
0,0,0.07970727144205303,1
0,0,0.31195214882791084,0
1,0,0.10529757960819662,1
0,0,0.4873476820184392,0
1,1,0.6553466323574852,1
1,0,0.25637288572103223,1
0,1,0.7712102465712796,1
1,1,0.5956022986338576,1
1,1,0.8538517515275994,1
0,1,0.8175708783476244,1
1,1,0.944324894098463,1
1,1,0.8053934512640565,1
1,0,0.27387920499003776,1
0,1,0.7089046785412518,1
1,0,0.15656644104623843,1
0,1,0.5446020256763213,1
1,1,0.8072311570747922,0
0,0,0.22732152989070495,1
1,0,0.051599521987392837,1
0,1,0.7457774846820686,1
1,1,0.9213290268242208,1
1,0,0.40172367737140807,1
1,1,0.7144452610125444,1
1,1,0.547953965976547,1
0,1,0.7580844209161307,1
0,1,0.6667145632543173,1
0,1,0.6475654281422052,0
1,0,0.19206248812510898,0
0,1,0.7419481248936268,1
1,1,0.593547656607658,1
