y_true,y_pred,y_prob,sensitive_features
0,0,0.4110980594289471,1
1,1,0.9227334417639829,1
0,0,0.21518527925597572,0
0,1,0.7738986451884844,1
1,1,0.8749120688990454,0
1,0,0.15064996389546562,1
1,1,0.9044316271882806,1
0,1,0.5044613117435562,1
1,1,0.9551216633350068,1
1,1,0.859096687016813,1
1,1,0.9236234738996792,1
1,1,0.8393384952582496,1
1,1,0.8591467330468905,1
1,1,0.8891235790103887,1
1,1,0.6263282489663838,0
0,0,0.4773290285360152,1
0,1,0.7431368895399546,0
0,1,0.8071131155441099,1
1,1,0.8838108099825452,0
1,0,0.4819099038721802,0
1,0,0.4468752173212557,0
0,1,0.9066563182696623,0
1,0,0.3519573136424163,1
1,1,0.7782508002597839,1
1,1,0.989691273678301,1
0,0,0.11959940710156489,1
0,1,0.535583048143331,0
1,1,0.6418931843481576,1
1,1,0.95327766815901,1
1,0,0.4492724098891055,1
1,0,0.3170018414734396,1
0,0,0.3968135978414913,1
0,0,0.32680605254666734,0
0,1,0.9454105813398351,1
1,1,0.6396429808353696,1
0,1,0.9248016366316887,1
1,1,0.5784552244970836,1
1,0,0.4590585864126688,1
0,1,0.9567643824808888,1
1,1,0.8999854152439815,1
0,0,0.2921346753172539,1
1,1,0.9516851223987264,1
1,1,0.9554490852252755,1
0,1,0.5579738689159993,1
1,1,0.697105602445606,1
0,1,0.6657435886401843,1
0,0,0.06795761966713713,0
