y_true,y_pred,y_prob,sensitive_features
0,1,0.6062022496910904,0
1,1,0.7939249593688338,1
0,0,0.3681942338387632,0
1,1,0.634065836072301,1
1,1,0.5017711634919859,1
1,0,0.476344447562803,1
1,1,0.5089985696338042,1
1,1,0.8044485282201889,1
1,1,0.8548552631565898,1
0,1,0.5309844273305836,1
0,1,0.7492830851228212,1
0,1,0.505624233478204,1
0,0,0.44091346251545155,0
1,1,0.6076482418738834,1
0,1,0.7228004551947118,1
1,1,0.6420081388481875,0
0,1,0.6991616535023601,1
1,1,0.9247103003667192,1
1,0,0.42957629949531423,0
1,1,0.7098658082459958,1
0,0,0.34781382165876873,0
0,0,0.4797543249671697,0
0,1,0.9071455664595026,1
1,1,0.7725636344274895,1
1,1,0.7071462290584617,1
1,0,0.3797612875538556,0
0,0,0.41418583382077745,1
0,1,0.7024822654455267,1
1,1,0.773401924150276,1
0,1,0.6513403878848375,1
1,1,0.9560115367613058,0
1,1,0.5323967215477394,1
1,1,0.7041881443995301,1
1,1,0.9169362868308344,1
0,1,0.5560211651900758,0
0,1,0.5815065604671283,1
0,1,0.6293337424631538,1
1,1,0.7460250062975244,0
1,1,0.5211450559644537,1
1,0,0.433050080508149,1
1,0,0.4734255267707756,1
1,1,0.6617234713204161,1
1,0,0.26672979859549106,1
0,0,0.4228213150246547,1
0,1,0.8157519636692583,1
1,1,0.6746643119586808,1
1,1,0.9428817688854524,1
