y_true,y_pred,y_prob,sensitive_features
1,1,0.9732036257875045,1
1,1,0.9849377056604864,0
1,1,0.8131740276699375,1
1,1,0.7962989330192293,1
1,1,0.7055801403463513,1
1,0,0.4438378124285693,1
1,1,0.8495948414048857,1
1,0,0.30682044803503006,1
1,1,0.9507635745859201,1
0,1,0.7021357967224781,0
0,0,0.09895303798900269,0
0,1,0.7346169416111099,1
1,1,0.6340753294494024,1
1,1,0.9847951029102577,1
0,1,0.7360108454099963,1
0,1,0.9768236419858104,1
1,1,0.7759199107953378,1
1,1,0.8299350659861319,1
0,0,0.1378833248734497,0
0,0,0.4198733024255374,1
1,1,0.7575288120202455,1
0,1,0.8998156344277491,1
1,1,0.8819400404755313,0
0,1,0.7733903512736717,1
1,1,0.7110951362783663,0
0,0,0.3740019906609766,1
0,1,0.64884533076992,1
0,0,0.2783486062287576,1
0,1,0.6052263731487371,1
0,1,0.7070215897884139,0
0,1,0.848605701597888,1
1,0,0.4064653855376521,1
0,0,0.16120559375136095,0
1,1,0.6381719441723452,1
1,1,0.8936488300732657,1
1,0,0.14568012065792194,0
1,1,0.8535893489531343,1
0,0,0.3456129522090392,1
0,1,0.9845622075708165,1
1,1,0.8317999301947693,0
0,0,0.14301601081199583,0
1,0,0.1380770731830436,1
1,1,0.6200370535510541,1
1,0,0.3545512098042167,1
1,1,0.8823935056701563,1
1,1,0.8154724278958703,1
1,1,0.9945142331125918,1
