y_true,y_pred,y_prob,sensitive_features
1,1,0.5771217799275792,1
1,0,0.5497771152440626,1
0,1,0.5734315479909885,0
0,1,0.5750886521994955,1
1,1,0.5594688024721369,0
0,0,0.5497846795098761,0
1,1,0.5624702794216618,1
1,0,0.5459953911652234,0
0,0,0.5517780357310361,0
1,1,0.5842935852651108,1
1,1,0.5838189665039287,1
0,1,0.5680967423226878,1
1,1,0.581067143836724,1
1,1,0.5654805479910373,1
1,1,0.5685343530939462,1
0,1,0.5618269987095603,1
1,1,0.5834821771173908,0
0,1,0.5623321030829241,1
0,0,0.546836486358733,0
1,0,0.5568301422861799,1
0,0,0.5426002743548838,0
1,1,0.579157103995381,1
1,1,0.5696060708268805,1
0,1,0.5838220511462057,1
1,1,0.5629865910387348,1
1,1,0.5914201237526967,1
0,1,0.5634899262979104,1
1,1,0.5728136769539011,1
1,1,0.5750196354578831,1
1,1,0.5648454174078933,1
0,1,0.5719756952905556,1
1,0,0.5389269101687193,1
0,1,0.5737874442713864,1
1,1,0.5742983628066416,0
0,0,0.5432895083636302,1
1,0,0.5377525472806778,1
0,1,0.5698659264932137,1
1,1,0.5862549796989793,1
1,1,0.5592088090325404,1
1,1,0.5661245515844717,1
1,0,0.5392165900573593,1
0,1,0.5652879964072705,1
0,1,0.5747315870446904,1
0,1,0.5811178285289115,0
1,1,0.5635098555059861,0
0,1,0.5862711221520683,1
1,1,0.574822302219272,1
