y_true,y_pred,y_prob,sensitive_features
1,1,0.9523600241004658,1
1,1,0.7804363320093399,0
1,1,0.7684603913580157,1
1,1,0.6428332137162082,1
1,1,0.8204185367037401,1
1,0,0.4680707322114913,1
1,1,0.8836841290281731,1
1,1,0.7420312984064152,1
1,1,0.9120112125179844,1
0,1,0.6739090806467861,0
0,0,0.28221861103036555,0
0,1,0.7041995282124083,1
1,1,0.7440093052075609,1
1,1,0.657758731603544,1
0,1,0.6549496128458512,1
0,1,0.8390677176982164,1
1,1,0.8641885130370764,1
1,1,0.8016986353828675,1
0,0,0.14997187417055155,0
0,1,0.7764174071182243,1
1,0,0.3902452046583468,1
0,1,0.884751670958291,1
1,1,0.7258217484451072,0
0,1,0.7188281570233599,1
1,1,0.8462233043329275,0
0,0,0.0831410583307191,1
0,1,0.828707185152494,1
0,1,0.7620016006646482,1
0,0,0.39215076097664414,1
0,1,0.7370316412727939,0
0,1,0.7721014615792758,1
1,0,0.11738531283710883,1
0,0,0.2758264555758278,0
1,0,0.5368364789630671,1
1,1,0.7172177822106209,1
1,1,0.5612369050604543,0
1,1,0.6183709632576322,1
0,1,0.7228904713113642,1
0,1,0.9254937751515694,1
1,1,0.6456194978650293,0
0,0,0.23960583963713974,0
1,0,0.5088361992772712,1
1,1,0.7753874991946977,1
1,1,0.8173240952727234,1
1,1,0.8961792248549395,1
1,1,0.7062039814959441,1
1,1,0.803668886355092,1
