y_true,y_pred,y_prob,sensitive_features
0,1,0.6141591559432976,1
0,0,0.17579874481155336,0
1,0,0.19578665375894552,1
0,1,0.9468631279824865,1
1,1,0.9261232738890455,0
0,0,0.46754684762126714,0
0,1,0.8857373712806569,1
0,0,0.29421218345410355,1
1,1,0.9193784462157517,1
0,1,0.9522852727289464,1
0,0,0.19127181631132653,0
1,0,0.004714834043225066,1
1,1,0.8876215811947754,1
0,1,0.7058395356093532,1
1,1,0.8820220991907347,1
0,0,0.3657136516409169,1
0,1,0.817379885997205,1
0,0,0.152173499919765,1
1,0,0.07623741968746207,1
1,1,0.9415159670195736,1
0,0,0.07561022500412533,1
1,1,0.9629362450781644,1
1,0,0.1826127406087196,1
1,0,0.2645970589161729,1
1,0,0.4306422991999919,1
0,1,0.9627418817754344,1
1,1,0.580645619067722,1
1,1,0.8846061464457633,1
0,1,0.5660316547524658,1
1,1,0.823124795344455,0
1,0,0.3072135341968892,0
1,1,0.9842205719004911,1
0,0,0.11160818141034304,0
1,1,0.9370146355933123,0
1,1,0.5592893629111546,1
1,1,0.981767423855591,0
1,1,0.6763545192815091,1
1,1,0.7944343367003569,1
1,0,0.3177701574478677,1
0,1,0.7900178545425559,0
1,1,0.5374023007548817,1
1,1,0.812195847838698,1
1,0,0.2363983459796591,1
1,0,0.20129625264641274,1
0,1,0.6349257457627898,1
0,0,0.1884576689782535,0
1,1,0.8826748252597658,1
