y_true,y_pred,y_prob,sensitive_features
1,1,0.7483961875412036,1
1,0,0.45629053240437173,1
0,0,0.20876344267533564,0
0,1,0.8980824626184631,1
1,0,0.3336928506473343,0
0,0,0.08822561983947491,0
1,1,0.6987223617858057,1
1,0,0.23784851384744637,0
0,0,0.4449680424009715,0
1,1,0.9348451513961464,1
1,1,0.9299186010110261,1
0,1,0.5371766227203861,1
1,1,0.8302644731381068,1
1,0,0.3425774689752316,1
1,1,0.6978107940364335,1
0,0,0.31739360642620296,1
1,1,0.9264839189564527,0
0,1,0.6297046672782727,1
0,0,0.38067774485464656,0
1,0,0.43901664272146806,1
0,0,0.1118516695205564,0
1,1,0.8090356738113321,1
1,1,0.6128032659604242,1
0,1,0.7459712274989788,1
1,1,0.5545927508200607,1
1,1,0.9294422156613704,1
0,0,0.30123424263567455,1
1,1,0.7618164421413244,1
1,1,0.6454924039783135,1
1,1,0.5819213221180579,1
0,0,0.40615421364325327,1
1,0,0.2002983264068136,1
0,1,0.5048438153284411,1
1,1,0.7822370328387496,0
0,0,0.45369112267043954,1
1,0,0.18686540104956437,1
0,0,0.423257283001192,1
1,1,0.9591991247896096,1
1,0,0.3372900602230948,1
1,0,0.4672613488324252,1
1,0,0.49073283111347776,1
0,0,0.4076290120453417,1
0,1,0.8507092937380307,1
0,1,0.734173679036476,0
1,1,0.6961049424908411,0
0,1,0.9672339828812759,1
1,1,0.9101582107994638,1
