y_true,y_pred,y_prob,sensitive_features
0,0,0.2081755916719196,0
1,1,0.6171780675300927,1
1,1,0.9753011581366787,1
1,1,0.6354053195955686,1
0,0,0.37438163009959247,1
1,1,0.9741770265951047,1
0,1,0.821786437681892,1
0,0,0.37881289685045044,1
1,1,0.723133523609212,1
0,1,0.7451090148285883,0
0,1,0.9242375874118968,1
0,1,0.5989709784850907,1
1,1,0.7641742593155285,1
1,1,0.6511996952464668,1
1,0,0.17754135568618093,1
1,1,0.6876939493560991,1
0,0,0.30047368384875,1
1,0,0.4728351173425933,1
0,0,0.12964866636494782,0
1,1,0.8671330933930235,1
0,0,0.2536710564169462,1
1,1,0.9187221271187149,0
0,0,0.19965792169421195,1
0,1,0.8279699366825838,1
1,0,0.3304043538234128,0
1,0,0.15784237940132434,1
0,1,0.884213191095164,1
1,1,0.7481871245296343,1
1,1,0.7713955665047982,1
0,0,0.2859025030169058,0
0,0,0.39749623101405007,0
1,1,0.7448474455901058,1
1,1,0.8021911013658579,1
0,0,0.35236285312292454,1
0,1,0.7344266456826359,1
1,1,0.6636989581633101,1
0,0,0.30735421827953685,1
1,1,0.8347811324165552,1
1,0,0.19428307845571874,1
0,1,0.6415515532414913,0
1,0,0.3520034328620367,1
1,1,0.7653850171420616,0
1,1,0.5987133253566609,1
1,0,0.4854695036201137,1
1,1,0.9455448591953728,1
1,1,0.9966207787387034,0
1,0,0.2670082587746539,0
