y_true,y_pred,y_prob,sensitive_features
0,1,0.6382289385219653,0
1,1,0.6347169484723756,1
1,1,0.6432509121896516,1
1,1,0.6332910954621984,1
0,1,0.6434618230972076,1
1,1,0.6465398201161673,1
0,1,0.6539917147744453,1
0,1,0.6284815244984235,1
1,1,0.6451904824464604,1
0,1,0.6427288562030599,0
0,1,0.6479072437976349,1
0,1,0.6500912171925889,1
1,1,0.6389767269017186,1
1,1,0.6367606867975084,1
1,1,0.6461151191162359,1
1,1,0.6465000783588297,1
0,1,0.6397390220291853,1
1,1,0.6412065675811909,1
0,1,0.6292399460948147,0
1,1,0.650744778351995,1
0,1,0.6351748706313305,1
1,1,0.6482948053013377,0
0,1,0.6395689685268239,1
0,1,0.6398882256584393,1
1,1,0.6345444567841404,0
1,1,0.6405021363820075,1
0,1,0.6558542587715744,1
1,1,0.6265853349153118,1
1,1,0.6439221992494218,1
0,0,0.6124446856887382,0
0,1,0.6423073568661937,0
1,1,0.6478715428039187,1
1,1,0.64493369454348,1
0,1,0.6432990053427968,1
0,1,0.6491936593807612,1
1,1,0.6420942419209054,1
0,1,0.6394289381640075,1
1,1,0.6296227216615095,1
1,1,0.6341829897354638,1
0,1,0.6379492440691723,0
1,1,0.6388687107696361,1
1,1,0.6487247061385599,0
1,1,0.6370559582336042,1
1,0,0.618898547613398,1
1,1,0.646610171243801,1
1,1,0.6505970175640793,0
1,1,0.6457674928100907,0
