y_true,y_pred,y_prob,sensitive_features
0,1,0.8142900126527913,1
1,1,0.8860986567928846,1
1,1,0.7172871537119598,1
1,1,0.9467565804070823,1
1,1,0.8936526674770168,1
0,1,0.6604796635718687,1
1,1,0.9225770038509831,0
1,0,0.3115462227045316,0
0,1,0.58786741527165,1
0,0,0.3170554603906985,0
0,0,0.31886858465299456,0
1,1,0.9811670264180853,1
0,1,0.8832615250858705,1
0,1,0.7099989856409563,1
0,0,0.28169749893098,1
1,1,0.9743725848750006,1
1,1,0.9899768313173243,1
0,1,0.5376577754315544,1
1,1,0.6235282441671086,1
1,1,0.8129552063995592,1
0,1,0.8374261958576441,1
0,0,0.14282615354640663,0
1,0,0.1509589720396778,1
1,1,0.694140225407807,1
1,1,0.7243099339833204,1
0,1,0.8497367440596382,1
0,1,0.5350408539425342,1
1,0,0.14170268532557817,1
1,1,0.9891600097364446,1
1,1,0.6177912660644963,1
1,1,0.962325805585414,1
1,0,0.41448924286259514,1
0,1,0.8036174957879676,0
1,1,0.7135428117264224,1
1,0,0.19794939127693187,1
0,0,0.04501026884063432,0
1,0,0.17438343462640565,1
1,1,0.5766284314616307,0
0,1,0.9104812062034907,1
0,0,0.035025147195462965,0
0,1,0.9160170437046411,1
1,1,0.9199211950187663,1
0,1,0.7960813076388846,1
1,1,0.8342633672149357,0
1,1,0.7425746323981243,1
1,1,0.9730093237117396,1
1,1,0.6311336300435747,0
