y_true,y_pred,y_prob,sensitive_features
0,0,0.09053962972189376,0
1,0,0.3687422700392497,1
1,1,0.9833398279312383,1
1,1,0.6125075472893287,1
0,0,0.26136832339875493,1
1,1,0.9806926580384987,1
0,1,0.5897817484192509,1
0,0,0.2098780855916839,1
1,0,0.095327006068332,1
0,1,0.6218745154578567,0
0,0,0.11036237961248552,1
0,1,0.802897476419394,1
1,1,0.8688396338162426,1
1,1,0.6554619306348335,1
1,0,0.19127632013184293,1
1,1,0.9270451636907822,1
0,0,0.42234543785516393,1
1,0,0.20601168204664844,1
0,0,0.3897284296385281,0
1,1,0.8390316872865408,1
0,0,0.19753417518025174,1
1,1,0.8779922268239982,0
0,0,0.42742563125670446,1
0,1,0.8249781572703138,1
1,0,0.1558611134666105,0
1,0,0.3701476041779964,1
0,1,0.9493716208823183,1
1,0,0.4057469903769504,1
1,1,0.8589215371917025,1
0,0,0.11734056594533451,0
0,0,0.3867129356400881,0
1,1,0.6377870366252284,1
1,1,0.7973069091031776,1
0,0,0.13540801856284618,1
0,0,0.249632151808519,1
1,1,0.7774437531458384,1
0,0,0.3236355981563619,1
1,0,0.4560684830246032,1
1,0,0.39718805487923786,1
0,0,0.36509135782743496,0
1,0,0.4186819663561935,1
1,1,0.9488521487536982,0
1,0,0.2180901634632466,1
1,1,0.780131389023486,1
1,1,0.9879520923671381,1
1,1,0.991090050131273,0
1,1,0.8675687091162632,0
