y_true,y_pred,y_prob,sensitive_features
0,1,0.8382509914157321,1
1,1,0.9118551157304651,1
1,0,0.24473334673550443,1
1,1,0.6942911647546995,1
1,1,0.8761883872879478,1
0,0,0.4426151717132816,1
1,1,0.8131768216761203,0
1,1,0.6718016003805751,0
0,1,0.7819612644695935,1
0,0,0.48001057951016535,0
0,1,0.6017557462102229,0
1,1,0.7249638311127674,1
0,1,0.8470736066801589,1
0,1,0.8439121198978115,1
0,0,0.45221092688864994,1
1,1,0.8397233135722475,1
1,1,0.9404794738577192,1
0,1,0.787680859031896,1
1,1,0.5948641148462223,1
1,1,0.7862420602409265,1
0,1,0.8390408176451931,1
0,1,0.6811019294235655,0
1,0,0.4542415817165754,1
1,1,0.720735621668954,1
1,1,0.7644298394186068,1
0,1,0.8456710710092191,1
0,0,0.2891410488453765,1
1,0,0.5,1
1,1,0.8612473532936666,1
1,1,0.780231290662049,1
1,1,0.7200995254437598,1
1,1,0.55985672047711,1
0,1,0.7716977740914054,0
1,1,0.8560734860754492,1
1,1,0.664215134603027,1
0,0,0.3379400675153335,0
1,0,0.38341197573230734,1
1,0,0.3740894668979965,0
0,1,0.88755291017246,1
0,1,0.592740559501441,0
0,1,0.8346779384312437,1
1,1,0.7999942355530388,1
0,1,0.81737158912193,1
1,1,0.7069954110725636,0
1,1,0.6032546434043119,1
1,1,0.7268275562609937,1
1,1,0.6553155374182511,0
