y_true,y_pred,y_prob,sensitive_features
0,0,0.5352082350269062,1
1,1,0.6784134144835543,1
0,0,0.5364307657090106,0
0,1,0.5774932725389459,1
1,1,0.605067246810471,0
1,0,0.5446170684918358,1
1,1,0.6117481191580787,1
0,1,0.6079155744677546,1
1,1,0.6290971288796388,1
1,1,0.6092922748572752,1
1,1,0.6278097173979326,1
1,1,0.6170541795963762,1
1,1,0.6743709979808172,1
1,1,0.6276179950646483,1
1,1,0.6040292658071059,0
0,0,0.5419941167974395,1
0,0,0.5463249832915448,0
0,1,0.5843371396293893,1
1,1,0.6422472620165118,0
1,0,0.5479636696178132,0
1,1,0.5837814113301677,0
0,0,0.4849726097765128,0
1,1,0.6025243932958676,1
1,0,0.5502461068577262,1
1,1,0.6479859760239043,1
0,0,0.5,1
0,1,0.5706983954670601,0
1,0,0.557787002886524,1
1,1,0.5975488206485314,1
1,1,0.5812760788599076,1
1,0,0.5130887993285292,1
0,1,0.6010259005746453,1
0,0,0.5,0
0,1,0.6260800678555508,1
1,0,0.5526006290560672,1
0,1,0.6375222904459145,1
1,0,0.507956904497168,1
1,1,0.5817426312727753,1
0,1,0.6437985778327817,1
1,1,0.5927324815569935,1
0,1,0.5879471090705694,1
1,1,0.6744602821398118,1
1,1,0.6020244660727858,1
0,1,0.6062255214659888,1
1,0,0.5060449244373952,1
0,1,0.5868036408117543,1
0,0,0.448438226995071,0
