y_true,y_pred,y_prob,sensitive_features
1,1,0.81255155676024,1
0,0,0.31230446494220093,1
1,1,0.6272974014815808,1
0,0,0.08097679334310087,0
1,1,0.8124356658725678,0
0,0,0.07332818343137944,0
1,0,0.19346120799625735,1
0,0,0.1357804271702467,1
0,0,0.24247037053511347,1
1,1,0.6267414569936826,1
1,1,0.9417264223283303,1
1,0,0.36828569438737124,1
1,0,0.41987169551362485,1
1,1,0.8867299760333934,1
1,1,0.6077095752057342,1
1,1,0.5900639115633053,1
1,1,0.7214207870481923,1
0,1,0.8100565073392095,1
1,1,0.9221539476543616,1
1,0,0.048944793491684284,1
1,1,0.9506785689933569,1
1,1,0.9768679083741346,1
0,0,0.3932945245377172,1
0,1,0.8666303215363201,1
0,1,0.8194003038917639,0
0,1,0.919948361703695,1
1,0,0.05031875312089641,0
1,1,0.8399260225663912,1
0,1,0.9464092425093278,1
1,0,0.31066411162632646,0
1,1,0.9090524219305048,1
0,0,0.1572654004852425,0
0,0,0.45861375173604463,1
1,1,0.6384254966331259,1
0,0,0.4655943233893296,0
0,1,0.9167720289544782,1
1,1,0.5947014295103775,1
1,1,0.9687385055169095,1
0,1,0.8838791889845631,1
1,0,0.012216839936774759,0
1,1,0.955532930312846,1
1,1,0.9617195115581822,0
1,1,0.6901578648175102,1
0,1,0.9034782234423291,1
1,1,0.6434076303396,1
0,1,0.5895524678832278,1
0,0,0.10062716365514256,0
