y_true,y_pred,y_prob,sensitive_features
1,1,0.7745433420156475,1
1,1,0.7350736747476657,1
1,1,0.8576362290133629,1
0,0,0.38300068392243825,1
1,1,0.5573694934924016,1
0,0,0.37678754175737206,1
0,1,0.6281571374304202,1
0,1,0.6314021121722092,0
0,1,0.6401005859540774,1
0,1,0.5660722477406426,0
1,0,0.15967494960292428,1
0,0,0.23475377672782555,1
1,1,0.7479524243137529,1
1,1,0.5648242602505932,0
0,0,0.3908191932506138,1
1,0,0.10275376089072716,1
0,1,0.6867499828701495,1
1,0,0.20436658161673874,1
1,0,0.48882140144659103,1
1,1,0.909483094104641,0
0,1,0.8203414893901402,1
0,0,0.3974819890100716,1
1,1,0.8881297972668611,1
1,1,0.6734767759899716,1
1,0,0.45564997925977213,1
1,1,0.6304835465537767,1
1,1,0.7175552072785458,0
1,1,0.9153312101742599,0
1,0,0.12973860838334905,1
1,1,0.5103760822750418,1
0,1,0.6395742362034097,1
1,1,0.7518004738129684,1
1,1,0.6999671720023604,1
0,0,0.3894626103074134,1
1,0,0.3808008945114981,1
1,1,0.8381091455396682,1
1,1,0.6996851666412249,1
0,1,0.7397661140027685,0
1,1,0.9920536026175836,0
0,0,0.4748741619827626,0
0,1,0.7791578106142243,1
0,1,0.7342888962768428,0
0,1,0.785936204552273,0
1,0,0.2532249891818831,1
1,0,0.4740009196318187,1
0,0,0.03235418231630729,1
1,0,0.22632089398202887,1
