y_true,y_pred,y_prob,sensitive_features
0,0,0.2849619945328515,1
1,1,0.9415907213536638,1
0,0,0.1277522147983681,0
0,1,0.973779394705061,1
1,1,0.9188845877673482,0
1,0,0.26639689594130805,1
1,1,0.9500333032678915,1
0,1,0.5831547789389778,1
1,1,0.9902967452429392,1
1,1,0.6626984694282076,1
1,1,0.9560963340556561,1
1,1,0.9029825603125244,1
1,1,0.8999165012842792,1
1,1,0.9417481696632237,1
1,0,0.4203921669564411,0
0,1,0.6830345424237692,1
0,1,0.7385384482694672,0
0,1,0.5141503580301726,1
1,1,0.8615490245691224,0
1,0,0.18468814078801696,0
1,0,0.406177341145068,0
0,1,0.7518469595089128,0
1,1,0.6436881210015987,1
1,1,0.8125878168780137,1
1,1,0.9970935351544964,1
0,0,0.41711952544380243,1
0,0,0.27944780081817844,0
1,1,0.9128744366281849,1
1,1,0.7324564310015006,1
1,0,0.44879518822389325,1
1,1,0.5197576649079491,1
0,1,0.8890728609855428,1
0,0,0.26093828995404367,0
0,1,0.5784906627394704,1
1,1,0.696090392561729,1
0,1,0.9555559484772129,1
1,1,0.5067701638516408,1
1,1,0.5993695965392061,1
0,1,0.9704364422898584,1
1,1,0.9594633569410352,1
0,1,0.5864038047735414,1
1,1,0.9416349132646171,1
1,1,0.9730363492741168,1
0,1,0.8274000832678852,1
1,1,0.8434173565680486,1
0,1,0.7696438477539044,1
0,0,0.04052873696606338,0
