y_true,y_pred,y_prob,sensitive_features
0,0,0.5751734728306858,0
1,1,0.587500385521003,1
1,1,0.6032066468682151,1
1,1,0.585425257842001,1
0,1,0.5946527819113381,1
1,1,0.6071249604205068,1
0,1,0.6215485052732732,1
0,0,0.5564698354379087,1
1,1,0.5852180245980207,1
0,1,0.5976335051338517,0
0,1,0.5921175987252402,1
0,1,0.6212775549628983,1
1,1,0.6034095631928831,1
1,1,0.5949324449869903,1
1,1,0.5961109754615539,1
1,1,0.609034952989323,1
0,1,0.601316160370859,1
1,1,0.5784842150160517,1
0,0,0.5417488333520888,0
1,1,0.6305831530119026,1
0,0,0.5676311537240258,1
1,1,0.6164167917509097,0
0,1,0.583105372247747,1
0,1,0.6127177081509408,1
1,1,0.5847742344072019,0
1,0,0.5774638444725271,1
0,1,0.6409055390858108,1
1,1,0.5844963037398992,1
1,1,0.6099946999812524,1
0,0,0.5446206519026713,0
0,1,0.5791751959214273,0
1,1,0.6284026231902361,1
1,1,0.6094151188667587,1
0,1,0.5968507196264912,1
0,1,0.6106950311623304,1
1,1,0.5780309556114129,1
0,1,0.5806017331757529,1
1,1,0.5826777283192084,1
1,0,0.5619355498942868,1
0,0,0.5776308374991787,0
1,0,0.5746912800110059,1
1,1,0.6085745324343285,0
1,1,0.5782969596033398,1
1,0,0.5770621741865919,1
1,1,0.628594692641085,1
1,1,0.6269491581911207,0
1,1,0.6139734867408863,0
