y_true,y_pred,y_prob,sensitive_features
0,1,0.8265993107104044,1
1,1,0.8542403081716137,1
1,1,0.6000981790584441,1
1,1,0.8743919534985544,1
1,1,0.8664121887730762,1
0,1,0.6201430912868637,1
1,1,0.9094308319892473,0
1,0,0.46620606671433085,0
0,1,0.7411013973041183,1
0,0,0.4102682231213342,0
0,0,0.23961585094010493,0
1,1,0.9297804024881102,1
0,1,0.8045584306855388,1
0,1,0.7767467570183095,1
0,0,0.2663013041508999,1
1,1,0.8905291711365236,1
1,1,0.943160864010067,1
0,0,0.37680977825680745,1
1,1,0.5503175761490241,1
1,1,0.5655363105909788,1
0,1,0.7773448496766197,1
0,0,0.2532920761346036,0
1,0,0.21131910071753926,1
1,1,0.7177661607739139,1
1,1,0.6879914158585413,1
0,1,0.8161631987436953,1
0,0,0.4776134665296462,1
1,0,0.1863874891231285,1
1,1,0.9694534337633196,1
1,1,0.8066041623106062,1
1,1,0.959568622654394,1
1,1,0.5614804015901735,1
0,1,0.7553945332676612,0
1,1,0.5520064034421934,1
1,0,0.3458407882375479,1
0,0,0.14748745450131528,0
1,0,0.2513027236033902,1
1,1,0.5197911871721529,0
0,1,0.7947170707875928,1
0,0,0.12920238725475466,0
0,1,0.8766444884578082,1
1,1,0.9241292275945028,1
0,1,0.7667340753065013,1
1,1,0.8071645923862883,0
1,1,0.6426842686881812,1
1,1,0.8863003569541803,1
1,1,0.6474699484675743,0
