y_true,y_pred,y_prob,sensitive_features
0,1,0.8426551176321186,1
0,1,0.502546738914591,0
1,0,0.44567901169334245,1
0,1,0.9366472896044651,1
1,1,0.5847225656999531,0
0,1,0.5526698450292445,0
0,1,0.7463855893031797,1
0,0,0.306239396361906,1
1,1,0.783281610561501,1
0,1,0.9446926980343271,1
0,0,0.30638466988732227,0
1,0,0.21184581328298122,1
1,1,0.9290615205050778,1
0,0,0.2936164878438975,1
1,1,0.5359085936770569,1
0,0,0.4707544630128281,1
0,1,0.6696698413551301,1
0,1,0.6929673075049697,1
1,1,0.5985975356617929,1
1,1,0.8670545011700247,1
0,0,0.18958177582778565,1
1,1,0.9206474955414429,1
1,0,0.2326744962588894,1
1,0,0.2931586240592039,1
1,1,0.5103454721519756,1
0,1,0.7575575349271845,1
1,1,0.7060878434037783,1
1,1,0.85916063772792,1
0,0,0.4052724731924406,1
1,1,0.6104011743244033,0
1,1,0.5248098073705565,0
1,1,0.6775830467378544,1
0,0,0.35412418282643565,0
1,1,0.770431622998734,0
1,1,0.6159496124714497,1
1,1,0.9999202703415251,0
1,1,0.7383323832106387,1
1,0,0.4282175601567593,1
1,1,0.7364901520794305,1
0,1,0.5515105044394616,0
1,1,0.7973603997619917,1
1,1,0.543693926015731,1
1,0,0.2818064147907333,1
1,0,0.42621176384499954,1
0,1,0.5352981083328361,1
0,0,0.22213707787364703,0
1,1,0.5676135651164576,1
