y_true,y_pred,y_prob,sensitive_features
0,1,0.6616248809201025,1
0,0,0.44455611703699044,0
1,0,0.5367995818575106,1
0,1,0.7267332668661906,1
1,0,0.533640654089136,0
0,0,0.5306804830704618,0
0,1,0.6222315437145157,1
0,0,0.48874204931154697,1
1,1,0.7418401979692951,1
0,1,0.7423825824170681,1
0,0,0.5381325365263788,0
1,0,0.4600311745526345,1
1,1,0.6666411476326348,1
0,0,0.5188199047662618,1
1,1,0.6481285091580844,1
0,1,0.6663020166551331,1
0,1,0.5810411742173867,1
0,1,0.6174057011019526,1
1,1,0.5458240953440245,1
1,1,0.652403570305779,1
0,0,0.4700827978900541,1
1,1,0.6701995390078418,1
1,0,0.5,1
1,1,0.5936365855171987,1
1,1,0.684463869058465,1
0,1,0.7605572548915636,1
1,1,0.6878221382063878,1
1,1,0.6632120431038202,1
0,1,0.57779815423835,1
1,1,0.5417655335603453,0
1,0,0.4502326014175802,0
1,1,0.6600114680966939,1
0,0,0.46561682383901465,0
1,1,0.6525241854774836,0
1,1,0.5732489418741066,1
1,1,0.693024029761306,0
1,1,0.6473825992745091,1
1,1,0.5741720927961906,1
1,1,0.6714246642044878,1
0,0,0.5,0
1,1,0.7086566132732094,1
1,0,0.5298372487200252,1
1,0,0.5090376586965464,1
1,1,0.672408617270491,1
0,0,0.5246874718136582,1
0,1,0.5998764302214064,0
1,1,0.6458336652508606,1
