y_true,y_pred,y_prob,sensitive_features
1.0,1.0,0.640171137037277,1
1.0,1.0,0.6138922355539947,1
1.0,1.0,0.8505003399927514,1
0.0,1.0,0.5516627702666318,1
1.0,1.0,0.7890353626806833,1
0.0,1.0,0.6525229653524246,1
0.0,1.0,0.7033292812117223,1
0.0,0.0,0.34319501205156344,0
0.0,1.0,0.6603206208941261,1
0.0,0.0,0.21778508385332304,0
1.0,1.0,0.6674633634458823,1
0.0,0.0,0.44789917295667775,1
1.0,1.0,0.8860113486463833,1
1.0,0.0,0.0900728899972453,0
0.0,1.0,0.6389826018937914,1
1.0,1.0,0.7998169991362004,1
0.0,1.0,0.6068119132273324,1
1.0,1.0,0.6549239510312541,1
1.0,1.0,0.6675979808153503,1
1.0,1.0,0.7037110896469435,0
0.0,1.0,0.7740327215195898,1
0.0,0.0,0.39133566653187474,1
1.0,1.0,0.7938353466908047,1
1.0,1.0,0.7120203188983433,1
1.0,1.0,0.9400194528815884,1
1.0,1.0,0.9509362327315316,1
1.0,1.0,0.5070269965145295,0
1.0,1.0,0.8024338104638543,0
1.0,1.0,0.7325712549756279,1
1.0,1.0,0.5125169139916039,1
0.0,1.0,0.5956256757066932,1
1.0,1.0,0.902895477710637,1
1.0,0.0,0.49619353169208896,1
0.0,0.0,0.3048629471743894,1
1.0,1.0,0.6868158701548802,1
1.0,1.0,0.6162233440263418,1
1.0,0.0,0.4402860146227255,1
0.0,1.0,0.6760259005666306,0
1.0,1.0,0.9842081977161525,0
0.0,0.0,0.1736060122340271,0
0.0,1.0,0.5404537740049875,1
0.0,1.0,0.615386112197925,0
0.0,1.0,0.5628194519843462,0
1.0,0.0,0.4194239315230283,1
1.0,0.0,0.4912043176040028,1
0.0,1.0,0.6833666475874849,1
1.0,1.0,0.7366097279504454,1
