y_true,y_pred,y_prob,sensitive_features
1,1,0.7480872539890278,1
1,1,0.5006601333511427,1
0,1,0.654199866213613,0
0,1,0.7257440780467685,1
1,1,0.5086744066448575,0
0,0,0.23489654314188133,0
1,1,0.64893410199039,1
1,0,0.40810305258392726,0
0,1,0.5004092695623702,0
1,1,0.7508174124547732,1
1,1,0.9076733034072066,1
0,1,0.6693333205130124,1
1,1,0.8235858064876066,1
1,1,0.5895928963567393,1
1,1,0.6579903434741262,1
0,0,0.47438976850275744,1
1,1,0.9135355722384702,0
0,1,0.6780741912445846,1
0,0,0.4056245459138731,0
1,0,0.47393758133310154,1
0,0,0.30358314508695555,0
1,1,0.8278482152679622,1
1,1,0.8529620112613637,1
0,1,0.8828753009314645,1
1,1,0.8024561425982374,1
1,1,0.9480859251107789,1
0,0,0.40606051458611586,1
1,1,0.7756696796048751,1
1,1,0.6205925312868743,1
1,0,0.3764682568004414,1
0,1,0.6748978683622396,1
1,0,0.3687034455406767,1
0,1,0.5079674798634044,1
1,1,0.7787439983194957,0
0,1,0.5938682856192271,1
1,0,0.35877427128362194,1
0,1,0.6818938081507224,1
1,1,0.9345661631977882,1
1,1,0.5549642256357252,1
1,1,0.6550354778044171,1
1,1,0.502608224712153,1
0,1,0.7329719362609944,1
0,1,0.8764995227658077,1
0,1,0.7203762665179079,0
1,1,0.6506035905946596,0
0,1,0.9661476091341431,1
1,1,0.9235584253924651,1
