y_true,y_pred,y_prob,sensitive_features
0,0,0.1073115690287968,0
1,1,0.8333325126422828,1
1,1,0.9782021866154073,1
1,0,0.2907730605709568,1
0,1,0.601770812693018,1
1,1,0.968972810609652,1
0,0,0.4217581163687033,1
0,0,0.41894819709483005,1
1,0,0.2645468261171609,1
0,1,0.59081697047087,0
0,1,0.7759468391063991,1
0,1,0.653903060039469,1
1,1,0.5977536543777412,1
1,0,0.18301687686060078,1
1,1,0.5485641207709022,1
1,1,0.968820105458819,1
0,1,0.703917637976093,1
1,0,0.26136302511153087,1
0,0,0.3580209796060167,0
1,1,0.9410749023070426,1
0,0,0.4330578077705414,1
1,1,0.5138782711975706,0
0,0,0.34281304988194106,1
0,1,0.7878694151539583,1
1,1,0.5814888838162805,0
1,0,0.21345681904685426,1
0,1,0.9199736891100379,1
1,0,0.39370956918796607,1
1,1,0.7943806126135193,1
0,0,0.3054479529493755,0
0,0,0.2225142285313137,0
1,1,0.6294664069095641,1
1,1,0.5872698588784102,1
0,0,0.2101506608344609,1
0,0,0.4086400836405261,1
1,1,0.7207776487781241,1
0,1,0.6000271344344129,1
1,0,0.4257039086569606,1
1,1,0.506614712533989,1
0,0,0.4306557730785995,0
1,1,0.7556603786370495,1
1,1,0.8330289479333965,0
1,1,0.7854718867374338,1
1,1,0.5266790392889721,1
1,1,0.9780915664161812,1
1,1,0.9842214584543152,0
1,1,0.6145119546407686,0
