y_true,y_pred,y_prob,sensitive_features
1,1,0.8896012935904075,1
1,1,0.9775201266721822,0
1,1,0.9351853412730181,1
1,0,0.415842451541858,1
1,0,0.37206400231954634,1
1,0,0.474133494565817,1
1,1,0.7953228112819613,1
1,0,0.2532946967154369,1
1,0,0.4824903796830254,1
0,1,0.6845741725423784,0
0,0,0.3523862487105551,0
0,0,0.49152561496726205,1
1,0,0.38300726369276566,1
1,1,0.8606868402031538,1
0,0,0.3832631036641854,1
0,1,0.8055636690674288,1
1,1,0.6774622636005999,1
1,1,0.6572223725073681,1
0,0,0.296423397873325,0
0,1,0.6547658591321903,1
1,0,0.3477475158751565,1
0,1,0.7294629556070621,1
1,0,0.2986135598535067,0
0,0,0.4210120189703511,1
1,0,0.40943550229321146,0
0,0,0.3934220247866678,1
0,1,0.7454187349400867,1
0,1,0.5243748305579401,1
0,1,0.6386298525266155,1
0,0,0.43834165485676213,0
0,1,0.8654782079368866,1
1,0,0.274125367298716,1
0,0,0.2066150468609933,0
1,1,0.6915491195605796,1
1,1,0.6310835584470963,1
1,0,0.3024382667134899,0
1,0,0.4508369495345368,1
0,0,0.36557501699068756,1
0,1,0.8098546269419817,1
1,0,0.475360801842659,0
0,0,0.2652692107522258,0
1,1,0.7341262925824333,1
1,1,0.7133245641504158,1
1,0,0.39170045898780165,1
1,1,0.6359524066765954,1
1,1,0.7070082462366448,1
1,1,0.9201200286307505,1
