y_true,y_pred,y_prob,sensitive_features
0,1,0.5513159075207237,1
1,1,0.8905184426878737,1
0,0,0.4439271009762136,0
0,1,0.6273528320247589,1
1,1,0.524496760519061,0
1,1,0.6773040289419955,1
1,1,0.6196932469042692,1
0,1,0.6526902804409976,1
1,1,0.8998249046926177,1
1,1,0.7436865295304432,1
1,1,0.7993171567829694,1
1,1,0.5853738498704761,1
1,1,0.8516840657915499,1
1,1,0.8638492579396692,1
1,0,0.4693930636133482,0
0,0,0.3800520071761144,1
0,0,0.3945075309058368,0
0,1,0.643165362289761,1
1,1,0.8660444217118982,0
1,0,0.30996003567463204,0
1,1,0.6106436767039877,0
0,0,0.2322893206241014,0
1,1,0.7476662279414181,1
1,0,0.35624296857737525,1
1,1,0.9616405321084576,1
0,0,0.317035180284089,1
0,0,0.4048209543563455,0
1,0,0.38351560848882177,1
1,1,0.7797052886300915,1
1,1,0.534284114423474,1
1,0,0.48738307426780436,1
0,1,0.6054818388469931,1
0,0,0.2655939718881269,0
0,1,0.7524173663114287,1
1,1,0.6535244287320963,1
0,1,0.9343475572174895,1
1,0,0.37855184307900147,1
1,1,0.5650910707514213,1
0,1,0.8053109331420238,1
1,1,0.788491983634557,1
0,1,0.7219004897757011,1
1,1,0.9101996262453805,1
1,1,0.9248464171080588,1
0,0,0.44773556310238505,1
1,0,0.33712633410528053,1
0,1,0.6745836404119702,1
0,0,0.19537591934510679,0
