y_true,y_pred,y_prob,sensitive_features
0,1,0.5840530507074869,1
1,1,0.8753294492162484,1
0,0,0.2559871812897109,0
0,1,0.584728378181836,1
1,1,0.5139045461730813,0
1,1,0.7133694449266414,1
1,1,0.7702370751220017,1
0,1,0.7788395558349617,1
1,1,0.6819837660673402,1
1,1,0.697550497981735,1
1,1,0.8106365373941241,1
1,1,0.7972918129650103,1
1,1,0.8503978529329244,1
1,1,0.7643967747405367,1
1,1,0.46805470641100044,0
0,1,0.5575453140415535,1
0,0,0.40765035459207866,0
0,1,0.7086629497205732,1
1,1,0.5809052996544763,0
1,0,0.25747434519961937,0
1,0,0.40620429334046226,0
0,0,0.1476081661432233,0
1,1,0.7197361976691254,1
1,1,0.6292683359584405,1
1,1,0.8646966818078301,1
0,1,0.5389690329087978,1
0,1,0.43754989731127786,0
1,1,0.4918576396255474,1
1,1,0.7494504287111822,1
1,1,0.7103831271417551,1
1,1,0.5,1
0,1,0.7292763987876005,1
0,0,0.19467048421086067,0
0,1,0.7635405724932379,1
1,1,0.7485562486758968,1
0,1,0.8017263058647832,1
1,1,0.5493379405961726,1
1,1,0.7382866254571951,1
0,1,0.778887008932563,1
1,1,0.6864457681700072,1
0,1,0.5985564999480525,1
1,1,0.818514750426872,1
1,1,0.6752909587349981,1
0,1,0.6259919504306782,1
1,1,0.5395096063477187,1
0,1,0.712186651942511,1
0,0,0.08733956824918339,0
