y_true,y_pred,y_prob,sensitive_features
1,1,0.908100083659838,1
1,1,0.9740271644112437,0
0,1,0.5422189026989538,1
0,1,0.7233734466627013,1
0,0,0.08406416129258883,0
1,1,0.8879697858667391,1
0,0,0.46383577552560973,1
0,1,0.6594031110252713,1
1,1,0.9570879135808043,1
1,0,0.10856662532423608,1
0,0,0.3534481180222026,1
1,1,0.9606884613309761,1
1,1,0.6551071349667851,1
1,1,0.9107860515624845,0
1,1,0.7142929764477575,0
0,0,0.09060946217528743,1
1,1,0.608953463310977,1
0,0,0.39365801913274023,1
1,1,0.7602623857194896,1
1,1,0.5456767373200647,1
1,1,0.9957074868881599,1
0,0,0.44366610707210913,0
0,1,0.5749546014501855,1
1,0,0.14450706489002965,0
0,1,0.8738900137243629,1
0,1,0.711077390297703,1
1,1,0.7260320261779695,1
0,0,0.28061089026245345,0
1,1,0.8526723066564497,1
1,1,0.6756782742016746,1
1,0,0.22662624215006705,1
1,1,0.9337992158090119,0
1,0,0.47880399037110016,1
0,1,0.9048603345763492,1
1,0,0.4826058074021144,1
1,1,0.9018057323761571,1
0,0,0.3898390676258381,1
0,0,0.30403274824649007,0
0,0,0.06087478697548462,0
1,1,0.7992402386399469,1
1,1,0.9891675837359402,1
1,1,0.9016968568156278,1
1,1,0.8314558724691739,1
1,0,0.10086750433821388,1
0,1,0.7403970005571685,1
1,1,0.9480255677748263,1
0,1,0.7400998582462964,0
