y_true,y_pred,y_prob,sensitive_features
1.0,1.0,0.6268393587222328,1
0.0,1.0,0.6522540293605155,1
1.0,1.0,0.636194965308366,1
0.0,1.0,0.5763639017147415,0
1.0,1.0,0.5932272205394147,0
0.0,0.0,0.5542560478146109,0
1.0,0.0,0.5541885508726283,1
0.0,1.0,0.6140162464919341,1
0.0,1.0,0.6449114076784921,1
1.0,1.0,0.5695116450433171,1
1.0,1.0,0.6487900618234781,1
1.0,1.0,0.6070262280024061,1
1.0,1.0,0.5899374005585832,1
1.0,1.0,0.6773170298598995,1
1.0,1.0,0.6362936025716105,1
1.0,1.0,0.6139476632378371,1
1.0,1.0,0.6328458344951596,1
0.0,1.0,0.5684350090431273,1
1.0,1.0,0.6501648620561763,1
1.0,1.0,0.6330792824498348,1
1.0,1.0,0.6483224086392049,1
1.0,1.0,0.6603520021417099,1
0.0,1.0,0.6449919279025734,1
0.0,1.0,0.6485416742041668,1
0.0,1.0,0.6285100282176038,0
0.0,1.0,0.6048541680192641,1
1.0,1.0,0.5628620601593269,0
1.0,1.0,0.6294589244785218,1
0.0,1.0,0.6748530450029168,1
1.0,1.0,0.6117555666771425,0
1.0,1.0,0.6525924724422768,1
0.0,1.0,0.5790811175871169,0
0.0,1.0,0.6038344980940658,1
1.0,1.0,0.6247564374182335,1
0.0,0.0,0.5559829067800858,0
0.0,1.0,0.5804610754655115,1
1.0,1.0,0.6349738927105936,1
1.0,1.0,0.6201930914691225,1
0.0,1.0,0.6535619160520063,1
1.0,1.0,0.5817150568540193,0
1.0,1.0,0.6344521909186982,1
1.0,1.0,0.6303981590326485,0
1.0,0.0,0.5528018742672681,1
0.0,1.0,0.5946379711808286,1
1.0,1.0,0.626270314128689,1
0.0,1.0,0.605840498458953,1
0.0,0.0,0.5399903953028993,0
