y_true,y_pred,y_prob,sensitive_features
1,1,0.8408253846050712,1
1,1,0.46300485074309633,1
0,0,0.3312503015467886,0
0,1,0.7443598450725669,1
1,0,0.2890735994298826,0
0,0,0.150485892240555,0
1,1,0.7039927622711157,1
1,0,0.15756272394037227,0
0,0,0.23352651033732771,0
1,1,0.9205583706403168,1
1,1,0.9235023516848517,1
0,1,0.5058259127839967,1
1,1,0.8281445123139466,1
1,1,0.7230828021351621,1
1,1,0.57369363980629,1
0,1,0.6567870558347485,1
1,1,0.7774399321159016,0
0,1,0.8046306878068418,1
0,0,0.43867548286135855,0
1,1,0.45989472914435536,1
0,0,0.12001259134667328,0
1,1,0.8714064094035774,1
1,1,0.5528812335857187,1
0,1,0.9188793613537047,1
1,1,0.5208328531943436,1
1,1,0.9333812825847669,1
0,1,0.7295362705411403,1
1,1,0.797907139398135,1
1,1,0.8005345649661613,1
1,1,0.6465596861853812,1
0,1,0.8580304780579464,1
1,0,0.20681203479997273,1
0,1,0.6670474281361487,1
1,1,0.665286492620381,0
0,0,0.23568765713181697,1
1,0,0.2525190769628759,1
0,1,0.7897895538385948,1
1,1,0.9457438498712895,1
1,1,0.7807649048049489,1
1,1,0.6979586291506752,1
1,0,0.4520249516040024,1
0,1,0.6492237858866515,1
0,1,0.8831765413797426,1
0,1,0.7181304878717757,0
1,0,0.2805734574932696,0
0,1,0.9169583970050941,1
1,1,0.8104547730506011,1
