y_true,y_pred,y_prob,sensitive_features
0,1,0.8949145088809363,1
1,1,0.944875628294787,1
0,0,0.03361507504268997,0
0,1,0.9517724460076917,1
1,1,0.9691189741702331,0
1,0,0.26666759162755366,1
1,1,0.9746238307540229,1
0,0,0.42332330115720457,1
1,1,0.9968099410747022,1
1,1,0.8585776395821931,1
1,1,0.9260166897864326,1
1,1,0.9451283770686293,1
1,1,0.9332128596850151,1
1,1,0.7324505101904216,1
1,1,0.8144307087521592,0
0,1,0.8730951215599854,1
0,1,0.7113140006357673,0
0,1,0.7028372107386207,1
1,1,0.7156375858442205,0
1,1,0.58341743827992,0
1,1,0.6166405830133351,0
0,1,0.9349901434494503,0
1,1,0.8594417824352728,1
1,1,0.8262192769349836,1
1,1,0.9955399911833072,1
0,0,0.14703128707366633,1
0,0,0.41991934012367904,0
1,1,0.584347388616962,1
1,1,0.7220059875869054,1
1,1,0.7732975447101128,1
1,1,0.5266032586725307,1
0,1,0.9348167755788693,1
0,0,0.28884164155424086,0
0,1,0.9601421156284624,1
1,1,0.8787079537285518,1
0,1,0.9663359172860683,1
1,1,0.5915803595234999,1
1,0,0.49678606992092,1
0,1,0.9497585106886437,1
1,1,0.8927225126005692,1
0,0,0.37041375558589007,1
1,1,0.9108452735144629,1
1,1,0.9714067283954856,1
0,1,0.6452402785557181,1
1,1,0.9538859520264921,1
0,1,0.6264593104674352,1
0,0,0.047530341883501886,0
