y_true,y_pred,y_prob,sensitive_features
1,1,0.8450905616554222,1
1,0,0.44673467643963694,1
0,0,0.2836822616774929,0
0,1,0.9155151930890786,1
1,0,0.3531283456330684,0
0,0,0.14068612053420607,0
1,1,0.7945390041785337,1
1,0,0.12959587995531738,0
0,0,0.34399783976884296,0
1,1,0.8823436732403077,1
1,1,0.946520401080524,1
0,1,0.6606868018834541,1
1,1,0.9033604914966252,1
1,1,0.5387034333193894,1
1,1,0.7740155456903157,1
0,0,0.49117236564102257,1
1,1,0.8967925160086634,0
0,1,0.6921097110568393,1
0,0,0.19166136381915552,0
1,0,0.32161352778131685,1
0,0,0.18066354034809923,0
1,1,0.8333443650327508,1
1,1,0.6732443710684578,1
0,1,0.9043065378658258,1
1,1,0.8284521223424519,1
1,1,0.9597148761720374,1
0,1,0.561943394416737,1
1,1,0.8243250214841633,1
1,1,0.7077367235658725,1
1,1,0.5295832922642713,1
0,1,0.6838674017334084,1
1,0,0.18685152265892815,1
0,1,0.5642062400905731,1
1,1,0.6768615481123346,0
0,0,0.4108191603570219,1
1,0,0.18634958298777865,1
0,1,0.6312750928083095,1
1,1,0.9480831932565454,1
1,1,0.5539394796238156,1
1,1,0.680702486392398,1
1,0,0.4221433495787426,1
0,1,0.5998426902936017,1
0,1,0.8151934545222036,1
0,1,0.5934669616312556,0
1,0,0.35377863218172056,0
0,1,0.9713793596810151,1
1,1,0.9025647563115051,1
