y_true,y_pred,y_prob,sensitive_features
0,1,0.677815025047026,1
0,1,0.6258848321586937,0
1,1,0.5772420587446362,1
0,1,0.622788318579155,1
1,1,0.6456793873688254,0
0,1,0.5828051452925195,0
0,1,0.5603884843771304,1
0,1,0.6126474790881663,1
1,1,0.6282192756898923,1
0,1,0.6656983720874255,1
0,1,0.6397519667715204,0
1,0,0.46932840909026924,1
1,1,0.6479530925625433,1
0,1,0.6081613284325328,1
1,1,0.5791517378402692,1
0,1,0.581336882101845,1
0,0,0.5355991855642643,1
0,1,0.5839315833464275,1
1,0,0.47291497434606644,1
1,1,0.5753292390229219,1
0,1,0.6355798873517965,1
1,1,0.6617133264452565,1
1,1,0.6447504161420112,1
1,0,0.5097126897994706,1
1,1,0.6346859578446142,1
0,1,0.6837509269608318,1
1,1,0.6685995615574316,1
1,1,0.6410260235957048,1
0,0,0.4771855577318278,1
1,1,0.6605246725647793,0
1,1,0.6495990182161052,0
1,1,0.6348093424574467,1
0,1,0.6719148844275525,0
1,1,0.6606784161325971,0
1,0,0.5271823073192557,1
1,1,0.6283237670158452,0
1,1,0.6593649771617075,1
1,1,0.6410251042177885,1
1,1,0.6075651758723841,1
0,1,0.619114963865056,0
1,1,0.6738122328848402,1
1,1,0.6617785817495314,1
1,1,0.6059020436860958,1
1,1,0.5697238166999375,1
0,0,0.5233479677586252,1
0,1,0.6616694596090206,0
1,1,0.6377764287894746,1
