y_true,y_pred,y_prob,sensitive_features
0,0,0.27474426907219307,1
0,0,0.11890038263371334,0
1,0,0.13710246360106426,1
0,1,0.819284354988769,1
1,1,0.7052885608181825,0
0,0,0.3059163684388904,0
0,0,0.3910890482204299,1
0,0,0.2989139794231593,1
1,1,0.7790426083974736,1
0,1,0.9646181820795542,1
0,0,0.302700977070662,0
1,0,0.01951841062762275,1
1,1,0.9855970842208612,1
0,0,0.39678350403388235,1
1,1,0.643394761972604,1
0,0,0.14995952503876556,1
0,0,0.4276245079992702,1
0,0,0.30458374514955516,1
1,0,0.17958335413742255,1
1,1,0.7527472667673876,1
0,0,0.2038639007589526,1
1,1,0.9247405169277303,1
1,0,0.029206558630933202,1
1,1,0.9202584580594482,1
1,0,0.10423250533524607,1
0,1,0.851342372109617,1
1,1,0.7221150932212955,1
1,1,0.9751929592219368,1
0,0,0.1729416894827671,1
1,1,0.8035589238226429,0
1,0,0.21803918752852702,0
1,1,0.7414883177524763,1
0,0,0.4279635254024617,0
1,1,0.9078565825961417,0
1,1,0.5190515415558697,1
1,1,0.9928926246177051,0
1,0,0.2740103218509273,1
1,1,0.7144463092551754,1
1,1,0.5117667313547382,1
0,1,0.6958235123917047,0
1,1,0.9305742661878125,1
1,1,0.8573374987708472,1
1,0,0.2592714677905364,1
1,0,0.10837357754032746,1
0,0,0.4570527449956051,1
0,0,0.18127422710701366,0
1,1,0.7191294833147154,1
