y_true,y_pred,y_prob,sensitive_features
0,1,0.66535308621101,0
1,1,0.6089924978885183,1
0,1,0.6480415934630531,0
1,1,0.6314128283673902,1
1,1,0.5844226130992369,1
1,1,0.5955796628788215,1
1,1,0.6883009101014061,1
1,1,0.7178295609963518,1
1,1,0.647423238148239,1
0,1,0.620493127870242,1
0,1,0.6588760129522672,1
0,0,0.5481599681849628,1
0,1,0.6322517276602361,0
1,1,0.6108069618005464,1
0,1,0.6813597462192884,1
1,1,0.6440841789170297,0
0,1,0.6118468262790422,1
1,1,0.6418372832665458,1
1,1,0.6045634815976381,0
1,1,0.6397512288314656,1
0,1,0.6333049090051527,0
0,1,0.6296259196182006,0
0,1,0.6304757064976411,1
1,1,0.6128271318714662,1
1,1,0.5996595868277215,1
1,1,0.6276971348370027,0
0,0,0.5362309403605591,1
0,1,0.6618609810245835,1
1,1,0.6296312078219136,1
0,1,0.6891560499595287,1
1,1,0.6435380217067038,0
1,1,0.6470674463714124,1
1,1,0.6568630363037036,1
1,1,0.6720541652018897,1
0,1,0.6465142929756512,0
0,1,0.6274368138812034,1
0,1,0.6801124436829012,1
1,1,0.6791315047070674,0
1,0,0.5461032105262719,1
1,1,0.5923174371442992,1
1,1,0.6007091234434037,1
1,1,0.6452059959329096,1
1,0,0.4754126565262355,1
0,0,0.48933312161624837,1
0,1,0.6623139922457325,1
1,1,0.6050172364349511,1
1,1,0.6357989507494608,1
