y_true,y_pred,y_prob,sensitive_features
1,1,0.5069043038611404,1
1,1,0.5089620202421602,0
1,1,0.5106930886698353,1
1,0,0.5,1
1,1,0.5058250610512621,1
1,0,0.4936435594006372,1
1,1,0.5,1
1,0,0.49345039098596943,1
1,1,0.5060072788321814,1
0,0,0.5,0
0,0,0.49379482914471257,0
0,0,0.4924157336069321,1
1,1,0.5,1
1,1,0.5,1
0,1,0.5,1
0,1,0.5091824179933497,1
1,0,0.5,1
1,1,0.5065085939107409,1
0,0,0.4908258238138283,0
0,0,0.49451986882472304,1
1,0,0.4925161114831741,1
0,1,0.5,1
1,1,0.5,0
0,0,0.5,1
1,1,0.505884467895209,0
0,0,0.49015547080106725,1
0,0,0.5,1
0,1,0.5068895847603122,1
0,0,0.49167530700272044,1
0,0,0.5,0
0,1,0.5056638840992134,1
1,0,0.49067577151966196,1
0,0,0.5,0
1,0,0.5,1
1,1,0.5,1
1,0,0.4935045793228844,0
1,0,0.5,1
0,0,0.5,1
0,1,0.5111788426742445,1
1,1,0.5,0
0,0,0.5,0
1,0,0.5,1
1,1,0.5,1
1,0,0.494342100131157,1
1,1,0.5,1
1,1,0.5,1
1,1,0.5114438567703979,1
