y_true,y_pred,y_prob,sensitive_features
0,1,0.5251959007299307,1
1,1,0.7768575256783484,1
0,0,0.49241846767543146,0
0,0,0.5066998091617866,1
1,1,0.6459214361172408,0
1,0,0.51607915059967,1
1,1,0.7127160326532722,1
0,1,0.6757649199592155,1
1,1,0.6918826803132023,1
1,1,0.6124489892896456,1
1,1,0.7237684981076232,1
1,1,0.735686037745259,1
1,1,0.7827247334870588,1
1,1,0.6492047593601662,1
1,1,0.5437972493210966,0
0,1,0.6290466449376174,1
0,1,0.5238243887378593,0
0,1,0.6396531909114596,1
1,1,0.6645754047810228,0
1,0,0.48947309828005936,0
1,1,0.5573896153302237,0
0,0,0.31093936183025567,0
1,1,0.5721341924287858,1
1,1,0.6033965299305912,1
1,1,0.7325664443983531,1
0,0,0.4935833504422135,1
0,1,0.6671845754029967,0
1,1,0.6021740269777206,1
1,1,0.6870211363733826,1
1,1,0.6657168708678018,1
1,0,0.5,1
0,1,0.6019053107331114,1
0,0,0.38069957101116975,0
0,1,0.6782490415376813,1
1,1,0.5890467886537462,1
0,1,0.6986337226611923,1
1,1,0.5942550453189949,1
1,1,0.6082292076380776,1
0,1,0.7693023657750542,1
1,1,0.6507565641355297,1
0,1,0.5762996529141317,1
1,1,0.7677031784129147,1
1,1,0.6518173142940198,1
0,1,0.6334203714378206,1
1,1,0.5707239353338774,1
0,1,0.5716956838090421,1
0,0,0.36399127829618666,0
