y_true,y_pred,y_prob,sensitive_features
0,1,0.5469678218268739,0
1,0,0.4327428926999466,1
1,1,0.8426254103676905,1
1,1,0.7274295573281964,1
0,1,0.6828812667252253,1
1,1,0.7581418824300628,1
0,1,0.511889596531501,1
0,0,0.43321994370211436,1
1,0,0.45644589756363024,1
0,1,0.5644899796954669,0
0,0,0.46071448270718013,1
0,1,0.5565181780895874,1
1,1,0.591540292818061,1
1,1,0.5429125325266312,1
1,0,0.48002973378393726,1
1,1,0.7146459878316406,1
0,1,0.7421824969862129,1
1,0,0.49912534590606683,1
0,0,0.3086782872644605,0
1,1,0.6258647108321833,1
0,0,0.4384194549703411,1
1,1,0.6525910011891828,0
0,0,0.46526228475106524,1
0,1,0.6303319123182506,1
1,1,0.7748976652238952,0
1,0,0.43351003669118876,1
0,1,0.7224874217678026,1
1,1,0.6697127200313433,1
1,1,0.5755173599975356,1
0,1,0.5997906435137466,0
0,1,0.5075794975718442,0
1,1,0.7587563682985935,1
1,1,0.6614987634875811,1
0,1,0.5603620789600647,1
0,1,0.6345245745220331,1
1,1,0.522469670155884,1
0,0,0.4981422708220199,1
1,1,0.5900489127882301,1
1,1,0.7740542136435798,1
0,1,0.5897397679055452,0
1,1,0.5136255722220213,1
1,1,0.6712671700393017,0
1,0,0.4020871344786415,1
1,1,0.5648502290683892,1
1,1,0.9102619994861539,1
1,1,0.8610375329771763,0
1,1,0.688115642549072,0
