y_true,y_pred,y_prob,sensitive_features
1,1,0.9654881691509668,1
0,1,0.5152037896535675,1
1,1,0.9642586964888136,1
0,0,0.06761447318446362,0
1,1,0.6889031834564018,0
0,0,0.14907585053697964,0
1,0,0.36647242802147506,1
0,0,0.060753830448524046,1
0,0,0.42868358088816216,1
1,1,0.8270197708079915,1
1,1,0.9864046851501347,1
1,0,0.30021879791553946,1
1,1,0.6680124619602692,1
1,1,0.9284937075989701,1
1,1,0.9575072687841009,1
1,1,0.8400247133144928,1
1,1,0.9865279789498619,1
0,1,0.9607658182191953,1
1,1,0.8855440563000884,1
1,1,0.5711303656388893,1
1,1,0.8225765038272673,1
1,1,0.9934504335074815,1
0,1,0.8515591510297748,1
0,1,0.6597666618804433,1
0,1,0.8346276983492809,0
0,1,0.9140341253115181,1
1,0,0.04555340454519113,0
1,1,0.931150844680443,1
0,1,0.7821795462115075,1
1,1,0.8176813277327272,0
1,1,0.9652690642038826,1
0,0,0.2302541596348139,0
0,1,0.6612841774802934,1
1,1,0.9607597292637562,1
0,0,0.08116365678755415,0
0,1,0.7721413554812866,1
1,1,0.8428313510513993,1
1,1,0.8255533801441841,1
0,1,0.877285503587047,1
1,0,0.4973185425086639,0
1,1,0.9622297552307545,1
1,1,0.9380856863687259,0
1,1,0.727826826969394,1
0,1,0.8449217971163022,1
1,1,0.7501807193711653,1
0,0,0.4672763167170794,1
0,0,0.02080192233918445,0
