y_true,y_pred,y_prob,sensitive_features
0,1,0.7162509903393237,1
0,1,0.5445834372660512,0
1,1,0.6508266332044528,1
0,1,0.8651161002021102,1
1,1,0.6699901154389643,0
0,1,0.6077830839937907,0
0,1,0.7123455702570834,1
0,0,0.30421217528501315,1
1,1,0.8411710918141613,1
0,1,0.8807627107772906,1
0,1,0.581109710710773,0
1,0,0.27947558430749764,1
1,1,0.8233576042670273,1
0,0,0.37896070646643754,1
1,1,0.8285582981409486,1
0,1,0.715809272398902,1
0,0,0.5,1
0,1,0.780506326833381,1
1,0,0.48398128678819147,1
1,1,0.7283626180668903,1
0,0,0.2933383200297293,1
1,1,0.7310952966330837,1
1,1,0.5425068685548354,1
1,1,0.646642572694741,1
1,1,0.7580835226562407,1
0,1,0.8223265367560584,1
1,1,0.722758418951411,1
1,1,0.8352064959059462,1
0,1,0.6900668337240489,1
1,1,0.6266987833644139,0
1,0,0.48162047929375673,0
1,1,0.7338255880885972,1
0,1,0.5704368125446279,0
1,1,0.8319830761895993,0
1,0,0.44368049228360695,1
1,1,0.7550125471990223,0
1,1,0.6751023229106545,1
1,0,0.5141622857652766,1
1,1,0.8483337723144612,1
0,1,0.6827489983794967,0
1,1,0.7247969584047718,1
1,0,0.520276158936681,1
1,0,0.3775836718117381,1
1,1,0.7656724474235028,1
0,0,0.34697209627600556,1
0,1,0.5949868616001239,0
1,1,0.6849032531865956,1
