y_true,y_pred,y_prob,sensitive_features
1,1,0.5804660560297188,1
1,1,0.9978509683854445,0
0,1,0.5489134469847525,1
0,1,0.614350584790089,1
0,0,0.18957753139801445,0
1,1,0.8123804064545627,1
0,1,0.65871610771175,1
0,0,0.48664642723590207,1
1,1,0.9519252520864588,1
1,0,0.24359240558264195,1
0,1,0.7204413417014064,1
1,1,0.8390914036856356,1
1,1,0.5848822956548837,1
1,1,0.9058073368026883,0
1,0,0.38543284135074396,0
0,0,0.29191276206241423,1
1,1,0.7232428370154765,1
0,1,0.6227530845094801,1
1,1,0.5283266332073712,1
1,1,0.7082391805093139,1
1,1,0.6666412392400628,1
0,0,0.26261434198613265,0
0,0,0.49641945697519196,1
1,0,0.40841697538703087,0
0,1,0.7965157562690426,1
0,1,0.7470509629743151,1
1,1,0.5335959310564579,1
0,0,0.4285829179828619,0
1,1,0.5651722908255106,1
1,1,0.6170165621365037,1
1,0,0.3024604582253679,1
1,1,0.7878569946370958,0
1,1,0.609789406274363,1
0,1,0.6441985269280721,1
1,0,0.4101960924732435,1
1,1,0.5210710673434974,1
0,0,0.4246097303269409,1
0,1,0.6943174990017605,0
0,0,0.2440900723884959,0
1,0,0.4306983627959367,1
1,1,0.9358721688125454,1
1,1,0.5820566942068063,1
1,1,0.5532799568404541,1
1,0,0.33389826736802647,1
0,1,0.5407011973662287,1
1,1,0.8181746242406972,1
0,1,0.5803221643382142,0
