y_true,y_pred,y_prob,sensitive_features
1,1,0.5363749414736623,1
1,1,0.5854554033874179,0
0,0,0.44147997498927455,1
0,0,0.5,1
0,0,0.5,0
1,1,0.5237778949291202,1
0,1,0.5111914940077968,1
0,0,0.4512091584550333,1
1,1,0.6452130058754405,1
1,0,0.3652590251663332,1
0,0,0.45859563131542036,1
1,0,0.4925454296143762,1
1,1,0.5102153562476117,1
1,1,0.6989299287905939,0
1,0,0.5,0
0,0,0.35378492965758424,1
1,1,0.5371487713061237,1
0,0,0.5,1
1,1,0.5899370267288412,1
1,0,0.48412938215772683,1
1,1,0.5503651904120717,1
0,0,0.42681423092256626,0
0,1,0.5078108874940255,1
1,0,0.3864775554819163,0
0,1,0.6311156449356952,1
0,1,0.5071922025518775,1
1,0,0.4801456266662837,1
0,0,0.4925138441229475,0
1,1,0.5105177908218251,1
1,1,0.5239301863055981,1
1,1,0.5285074628059566,1
1,1,0.5480958759291193,0
1,0,0.4384032237706918,1
0,1,0.5068426342945427,1
1,0,0.43803911997143397,1
1,1,0.5232044526856318,1
0,0,0.425551896772152,1
0,0,0.3978052492341916,0
0,0,0.35402247360626105,0
1,0,0.46326607424135924,1
1,1,0.5626586397131529,1
1,1,0.5696560443357132,1
1,0,0.5,1
1,0,0.37108590494841415,1
0,0,0.48675472452867663,1
1,1,0.526478024725014,1
0,1,0.5421049336275572,0
