y_true,y_pred,y_prob,sensitive_features
0,1,0.5877341599900315,0
1,1,0.8673787872698495,1
0,1,0.5588756087373268,0
1,1,0.6543346117571238,1
1,1,0.5410857845141559,1
1,1,0.728452763917774,1
1,1,0.6731307911204198,1
1,1,0.746098942824088,1
1,1,0.8022633103067496,1
0,0,0.49438984458730134,1
0,1,0.729541855654591,1
0,1,0.6286180003742899,1
0,1,0.5436356962923852,0
1,1,0.616715752132445,1
0,1,0.7398256444873434,1
1,1,0.7094732834691847,0
0,1,0.8161596816653818,1
1,1,0.9120791888812955,1
1,1,0.5243177209561468,0
1,1,0.6816873513625358,1
0,0,0.44188954773481887,0
0,1,0.6013576149140527,0
0,1,0.8920664631477907,1
1,1,0.8989199890540152,1
1,1,0.7680237172195111,1
1,0,0.4627875616545127,0
0,0,0.4570953149939151,1
0,1,0.7238887872241125,1
1,1,0.7065447979621612,1
0,1,0.6957646276372255,1
1,1,0.9308796346164985,0
1,1,0.6259851749014363,1
1,1,0.5844510747403854,1
1,1,0.8412436830792586,1
0,1,0.829917491029798,0
0,1,0.6818334491342818,1
0,1,0.7350395410946696,1
1,1,0.7516511674115163,0
1,1,0.5324771081527354,1
1,1,0.5395696903783554,1
1,1,0.6365723572461971,1
1,1,0.8092241876370388,1
1,0,0.3742819806155602,1
0,1,0.5604749439121754,1
0,1,0.7749159091284589,1
1,1,0.7656282785966834,1
1,1,0.8918607073545584,1
