y_true,y_pred,y_prob,sensitive_features
1,1,0.6071303005879745,1
1,1,0.5255148013532358,1
0,1,0.812044461011669,0
0,1,0.8990203718222706,1
1,1,0.5654830115759271,0
0,0,0.40390911017551534,0
1,1,0.5996077371850441,1
1,1,0.5591308428595686,0
0,1,0.6102034435622166,0
1,1,0.7585893659623444,1
1,1,0.7955161019042248,1
0,0,0.3226842117974562,1
1,0,0.4820324539546429,1
1,0,0.4532429741967725,1
1,1,0.6252476846355373,1
0,1,0.5146534178417306,1
1,1,0.8109426678917239,0
0,1,0.8065166215416317,1
0,1,0.7264140521942396,0
1,1,0.5592410547219384,1
0,0,0.3917854520775469,0
1,1,0.5448487251850108,1
1,1,0.7006878986319671,1
0,1,0.8125714421031957,1
1,1,0.513103129853759,1
1,1,0.7271186956305608,1
0,1,0.6947807639212367,1
1,1,0.5179156396217048,1
1,1,0.5736649594846494,1
1,1,0.6917298175468084,1
0,1,0.558482255843242,1
1,0,0.34154842856684564,1
0,1,0.7657895334793009,1
1,1,0.7816241899707023,0
0,0,0.4567955949506027,1
1,0,0.4509944828329994,1
0,1,0.6316491879681563,1
1,1,0.7322297746278505,1
1,1,0.6483640374647782,1
1,1,0.6833822623086282,1
1,1,0.5955974696607,1
0,0,0.4922174010883715,1
0,1,0.5286719982047534,1
0,1,0.7200328536565666,0
1,1,0.5559254675149136,0
0,1,0.7928242747731603,1
1,1,0.6646141603593906,1
