y_true,y_pred,y_prob,sensitive_features
1,1,0.7672977794770764,1
1,1,0.588501590827976,1
0,0,0.302481749110882,0
0,1,0.6130218913362332,1
1,0,0.2934038240451237,0
0,0,0.12224142739846632,0
1,1,0.6105582347747963,1
1,0,0.227557443457054,0
0,0,0.34490195067457174,0
1,1,0.9094587555013417,1
1,1,0.935261428524865,1
0,0,0.36793901996711653,1
1,1,0.5611917751716826,1
1,1,0.5547908867447979,1
1,1,0.6278091156034574,1
0,1,0.6343134352717313,1
1,1,0.8414969534652601,0
0,1,0.8763615419424065,1
0,1,0.5515348902378187,0
1,0,0.4474332210984761,1
0,0,0.15012083286337746,0
1,1,0.8548327345313846,1
1,1,0.5481755908220737,1
0,1,0.8844655445791113,1
1,1,0.7754456991881821,1
1,1,0.9234561567651712,1
0,0,0.4967510681861693,1
1,1,0.6944109921104815,1
1,1,0.7646690706067371,1
1,1,0.6113365732416873,1
0,1,0.6176709009700757,1
1,0,0.21765232565294954,1
0,1,0.5173275238870351,1
1,1,0.6272966200303325,0
0,0,0.3509078329439662,1
1,0,0.3439927022117241,1
0,1,0.5760984974563979,1
1,1,0.8607569930545078,1
1,1,0.7718259217435383,1
1,1,0.5342641804515122,1
1,1,0.6599790225030324,1
0,1,0.6335958371309318,1
0,1,0.8270411119299628,1
0,1,0.6832403982566455,0
1,0,0.21804618478501384,0
0,1,0.9248607506176174,1
1,1,0.8315678534497751,1
