y_true,y_pred,y_prob,sensitive_features
0,0,0.3664631311240438,1
1,1,0.9651903853336249,1
0,0,0.16654373199331282,0
0,1,0.7763531375473189,1
1,1,0.9397949879153426,0
1,0,0.22835679910623016,1
1,1,0.9644571249975941,1
0,0,0.30606596794520674,1
1,1,0.9879399241806415,1
1,1,0.8739234007560999,1
1,1,0.9833768991548378,1
1,1,0.9598903663534145,1
1,1,0.9203551517955257,1
1,1,0.7974411304583262,1
1,1,0.6644118596434669,0
0,1,0.645260000569234,1
0,1,0.7468049900277713,0
0,1,0.7976130636309449,1
1,1,0.9316044866796597,0
1,1,0.6866633723387521,0
1,0,0.41942078374441705,0
0,1,0.8037042302884245,0
1,1,0.7063697737075022,1
1,1,0.8433924718852559,1
1,1,0.9986225487022676,1
0,0,0.09959661350953265,1
0,0,0.37250126492664815,0
1,1,0.6240630211779112,1
1,1,0.9000477703128116,1
1,1,0.6713712516828162,1
1,0,0.3519172379974701,1
0,0,0.33178101884983374,1
0,0,0.18180489095459787,0
0,1,0.7969089090515498,1
1,1,0.6093294442174373,1
0,1,0.9905317162307095,1
1,0,0.46194158913401695,1
1,0,0.472438376556072,1
0,1,0.9734009598223591,1
1,1,0.9641909801888244,1
0,0,0.30874023763334535,1
1,1,0.9402972274029864,1
1,1,0.9821017337210747,1
0,0,0.12355413402870241,1
1,1,0.8399235524980732,1
0,1,0.8547632381662473,1
0,0,0.10797183250114044,0
