y_true,y_pred,y_prob,sensitive_features
0,1,0.6435447723870179,1
1,1,0.7078879170680363,1
1,1,0.5649460345171223,1
1,1,0.8885048734110977,1
1,1,0.7621156453651995,1
0,1,0.6747542854846843,1
1,1,0.9248447161313154,0
1,0,0.43730483296441214,0
0,1,0.670305496169229,1
0,1,0.7870878919682935,0
0,0,0.32794682347418685,0
1,1,0.7992559407185418,1
0,1,0.8270090915889892,1
0,1,0.6072045554518927,1
0,0,0.2071551748991066,1
1,1,0.6370518073217443,1
1,1,0.8522389683762626,1
0,0,0.3284400583373197,1
1,1,0.5970521805274667,1
1,0,0.4148988930688626,1
0,1,0.6557524516865754,1
0,0,0.23143741115752425,0
1,0,0.12234075792692285,1
1,1,0.7580403243300811,1
1,1,0.8112242544308322,1
0,1,0.7341263307966442,1
0,0,0.4632093443241566,1
1,0,0.0793298094519693,1
1,1,0.925050129954666,1
1,1,0.8338941961889537,1
1,1,0.9395861882331605,1
1,0,0.44193372032027556,1
0,1,0.8536328093068086,0
1,1,0.6380117972682033,1
1,0,0.22607478381811721,1
0,0,0.28948770046406613,0
1,0,0.21230961111047972,1
1,1,0.6602634538520666,0
0,1,0.8319728185661003,1
0,0,0.11777423297332716,0
0,1,0.8045945688687632,1
1,1,0.854172445636108,1
0,0,0.47108931276021715,1
1,1,0.7941854274292955,0
1,1,0.6337752480758644,1
1,1,0.7846859326101394,1
1,1,0.7508175987707975,0
