y_true,y_pred,y_prob,sensitive_features
1,1,0.8625718931015334,1
1,1,0.6360801486091328,1
0,0,0.36488397026609903,0
0,1,0.7551042876143715,1
1,1,0.8217313497193666,0
0,0,0.12604576883213575,0
1,1,0.8163619484592428,1
1,0,0.1883370182424813,0
0,1,0.5897252579275707,0
1,1,0.7660188843778305,1
1,0,0.17655569744518587,1
0,0,0.33052440013957196,1
1,1,0.9361517318271387,1
1,0,0.4571878714098909,1
1,1,0.927603835691466,1
0,0,0.2578693202327655,1
1,1,0.7618063073444565,0
0,0,0.2169854495335988,1
0,0,0.3331863544329473,0
1,1,0.8430757162473229,1
0,0,0.29980246207398903,0
1,1,0.9604906522705086,1
1,1,0.7502568047651068,1
0,1,0.7898283638984827,1
1,0,0.3388401774997983,1
1,1,0.9450888543260364,1
0,0,0.34762079150441716,1
1,1,0.7851264093122255,1
1,1,0.6816314785923109,1
1,1,0.6900298016849338,1
0,0,0.4351756637842049,1
1,1,0.7615762882258322,1
0,1,0.8051539399112777,1
1,1,0.9084527107635226,0
0,1,0.654396992402994,1
1,0,0.24837193214041736,1
0,0,0.45251567384075236,1
1,1,0.9171126993217616,1
1,0,0.3963708580855799,1
1,0,0.31092351823910935,1
1,0,0.014892575308157543,1
0,1,0.8725394296957314,1
0,1,0.8312158638688133,1
0,1,0.7248385120786771,0
1,1,0.804928542575512,0
0,1,0.9745421507895207,1
1,1,0.7913165880621866,1
