y_true,y_pred,y_prob,sensitive_features
1,1,0.5100620533119876,1
1,1,0.995755997375246,0
0,0,0.3286160374519572,1
0,1,0.5258918524441281,1
0,0,0.28604529513674387,0
1,1,0.7622586267779164,1
0,1,0.6874450604477718,1
0,1,0.9338870090382403,1
1,0,0.19703071143754625,1
1,0,0.28534338687308075,1
0,1,0.7649299635009938,1
1,1,0.9809479928993817,1
1,0,0.4957762856216432,1
1,1,0.6454238238674841,0
1,1,0.6364574758377248,0
0,0,0.0691335928564973,1
1,1,0.6756408898436601,1
0,0,0.47600380104831885,1
1,1,0.8915767466079073,1
1,0,0.4819400209411032,1
1,1,0.8455894665699936,1
0,0,0.1353113519269345,0
0,1,0.567442601386153,1
1,0,0.43355228406874163,0
0,1,0.8398785088550604,1
0,1,0.5490714694221981,1
1,1,0.6768200197355402,1
0,1,0.775441627427094,0
1,1,0.6446278853938954,1
1,1,0.6109520423674007,1
1,0,0.45423299188155103,1
1,1,0.6213968114506732,0
1,1,0.6605954232883765,1
0,1,0.7253303088580272,1
1,1,0.5384739784873986,1
1,1,0.6082326005725628,1
0,0,0.3952997384523602,1
0,0,0.45098577107189536,0
0,0,0.1747702460326072,0
1,0,0.4657702743888661,1
1,1,0.7820615914705702,1
1,1,0.8157554242777741,1
1,0,0.1235704553053477,1
1,0,0.05783856751343418,1
0,0,0.44753438153416425,1
1,1,0.6451044133583066,1
0,1,0.8488740884825969,0
