y_true,y_pred,y_prob,sensitive_features
1,1,0.6394427974674481,1
1,0,0.44700983163628305,1
0,1,0.6560663531007696,0
0,1,0.7061646764162307,1
1,1,0.5330623477586968,0
0,0,0.4403437516148683,0
1,1,0.6920787976415158,1
1,1,0.7259807477302713,0
0,1,0.7277446162305863,0
1,1,0.7129583852166285,1
1,1,0.7275804797689712,1
0,1,0.618868012336509,1
1,1,0.708442915477605,1
1,0,0.4417031837826413,1
1,1,0.7081881624720047,1
0,0,0.4517375478442529,1
1,1,0.7283361407815651,0
0,1,0.7247770396714337,1
0,0,0.4575018706658173,0
1,1,0.5430479350089596,1
0,0,0.4424049843054734,0
1,1,0.7283341889863632,1
1,1,0.6952591714058851,1
0,1,0.7277305909344537,1
1,1,0.5152713993560446,1
1,1,0.7283409477853522,1
0,0,0.4433185168090395,1
1,1,0.6019679467861416,1
1,0,0.4654640599594064,1
1,1,0.6352367337069651,1
0,1,0.5558160814802461,1
1,0,0.4516896873485763,1
0,1,0.6698319272359647,1
1,1,0.6602665851068497,0
0,1,0.7082917778361192,1
1,1,0.6898212433580754,1
0,1,0.6908910290391321,1
1,1,0.7283443254638946,1
1,1,0.7178588633281779,1
1,0,0.47641612646652187,1
1,0,0.4800281807112214,1
0,1,0.7283095078398173,1
0,1,0.7282884872075797,1
0,1,0.6223925629821482,0
1,1,0.728216716758092,0
0,0,0.46533925552128863,1
1,1,0.7283162334916488,1
