y_true,y_pred,y_prob,sensitive_features
0,1,0.7337171428019814,1
1,1,0.771470336377799,1
1,1,0.5180347285321327,1
1,0,0.3876362913057317,1
1,1,0.7916094427929293,1
0,1,0.559533567813046,1
1,1,0.8613258039149013,0
1,1,0.5099047625166233,0
0,1,0.7977262631061162,1
0,0,0.46076527522158056,0
0,0,0.39088398636315197,0
1,1,0.5541997939926661,1
0,0,0.43459715911051755,1
0,1,0.6659282411624468,1
0,0,0.3946994632686712,1
1,1,0.8049922425569596,1
1,1,0.8336645067480603,1
0,0,0.43538095051062997,1
1,1,0.5110782880735535,1
1,1,0.6673535282673887,1
0,1,0.7746368641703992,1
0,1,0.7178744939862437,0
1,0,0.25725875467583426,1
1,1,0.5733629251515158,1
1,1,0.5990605008405158,1
0,1,0.6668789911537729,1
0,1,0.5020901756010188,1
1,0,0.35278291569888004,1
1,1,0.8981282728894956,1
1,1,0.5911298816802912,1
1,1,0.8203329815190338,1
1,0,0.46588337788746415,1
0,1,0.5105003444040634,0
1,1,0.5650664247428916,1
1,0,0.47705950792967594,1
0,0,0.43010431166278207,0
1,0,0.3420185658234858,1
1,0,0.4680116820308509,0
0,1,0.6990153476869235,1
0,0,0.40591102071145924,0
0,1,0.7384404059776332,1
1,1,0.818085757222364,1
0,1,0.7060164620294963,1
1,1,0.7167857909029044,0
1,1,0.6447198036754619,1
1,1,0.7527844960030409,1
1,1,0.5360934875751336,0
