y_true,y_pred,y_prob,sensitive_features
1,1,0.5860582789619887,1
1,0,0.5455304747632667,1
1,1,0.6541186156950991,1
0,1,0.6455533345287007,1
1,1,0.555009373204798,1
0,1,0.6604472256298604,1
0,1,0.601769595041493,1
0,1,0.6038689780877982,0
0,1,0.5777311830203463,1
0,0,0.5248491879302962,0
1,1,0.6154659414614724,1
0,1,0.5785491839983805,1
1,1,0.7025849616485776,1
1,0,0.45658731476837966,0
0,0,0.5370924705495191,1
1,1,0.6048470655239194,1
0,1,0.5974400396044336,1
1,0,0.5252518417337632,1
1,1,0.6343712567462505,1
1,1,0.644988768129899,0
0,1,0.6361758315277499,1
0,0,0.5,1
1,1,0.5849301574823846,1
1,1,0.5973839187448372,1
1,1,0.5930639307067079,1
1,1,0.6295376047185296,1
1,0,0.4801107132048424,0
1,1,0.6649159722326432,0
1,0,0.47413711277310905,1
1,1,0.620567718198446,1
0,1,0.5627789241749677,1
1,1,0.6008401832243303,1
1,0,0.4893458407615837,1
0,0,0.5194512133581329,1
1,0,0.5307591084883316,1
1,1,0.5644857356599948,1
1,0,0.5124231266442668,1
0,1,0.6013407852298907,0
1,1,0.6266437597484004,0
0,0,0.44141881882849304,0
0,0,0.5265497811254191,1
0,1,0.6624588875125383,0
0,1,0.640919291609208,0
1,1,0.638548653135152,1
1,1,0.6006146553739037,1
0,1,0.5530018138030764,1
1,1,0.5834908436244518,1
