y_true,y_pred,y_prob,sensitive_features
1,1,0.8050947047561039,1
0,0,0.3496457321570368,1
1,1,0.7159353752931695,1
0,0,0.03858610540309312,0
1,1,0.7017375788208176,0
0,0,0.3256635356799296,0
1,1,0.5048048595372853,1
0,0,0.0655667092868031,1
0,1,0.7330252651195112,1
1,1,0.6192897066833197,1
1,1,0.6730965242298304,1
1,0,0.27102733245814353,1
1,0,0.3756334188734476,1
1,1,0.6865940640480004,1
1,0,0.44801118006551177,1
1,0,0.2205268994638728,1
1,1,0.9064938130700219,1
0,1,0.8653502871434388,1
1,1,0.878984009114858,1
1,0,0.10497902082219038,1
1,1,0.703883999760514,1
1,1,0.9777223031204153,1
0,1,0.5295331853203424,1
0,1,0.8896474298244574,1
0,1,0.7389527883427921,0
0,1,0.820577469212997,1
1,1,0.5516792317058575,0
1,0,0.2683889774158535,1
0,1,0.9592968522697563,1
1,1,0.6534189715734405,0
1,1,0.8829526510327967,1
0,0,0.3605582794971555,0
0,0,0.4526285695473775,1
1,1,0.8734545889799604,1
0,0,0.42393723616007933,0
0,1,0.9169635525619463,1
1,1,0.7822626179517765,1
1,1,0.9330522963094795,1
0,1,0.7700981926449343,1
1,0,0.16752852328889903,0
1,1,0.8709106997499195,1
1,1,0.8491316209923174,0
1,0,0.28938604857091393,1
0,1,0.967751429268932,1
1,1,0.8592719358591705,1
0,0,0.32856192872207907,1
0,0,0.12951848025464743,0
