y_true,y_pred,y_prob,sensitive_features
1,1,0.8681216043299463,1
0,1,0.5213570129003122,1
1,0,0.29638974814222724,1
0,0,0.12477749693261532,0
1,0,0.4369212835249298,0
0,0,0.13970256875029058,0
1,0,0.30758017400409826,1
0,0,0.11008600953137954,1
0,0,0.3883979538555138,1
1,1,0.8816366079837589,1
1,1,0.860027176619492,1
1,0,0.3806671305795719,1
1,0,0.4885159889392639,1
1,1,0.7278767396831286,1
1,1,0.5443007363682959,1
1,0,0.3859444530302309,1
1,1,0.6260783181799211,1
0,1,0.962796450638652,1
1,1,0.7343245352978892,1
1,0,0.0962051514472773,1
1,1,0.5990799452877756,1
1,1,0.8996559180705144,1
0,1,0.6945196530633232,1
0,1,0.9064015417354988,1
0,1,0.650920056391899,0
0,1,0.8670682717173648,1
1,0,0.2598352764447486,0
1,1,0.6921423174799257,1
0,1,0.8988427770681953,1
1,1,0.7366306305633629,0
1,1,0.5877643903731494,1
0,0,0.23900336499563524,0
0,0,0.1696288764792476,1
1,1,0.9029887550527222,1
0,0,0.2992617457433687,0
0,1,0.9377424937947226,1
1,1,0.8693776527955819,1
1,1,0.8837187320098557,1
0,1,0.8553156341599986,1
1,0,0.1632202870137141,0
1,1,0.8767448109850944,1
1,1,0.6900997538192379,0
1,0,0.4922231966620368,1
0,1,0.9638125420715273,1
1,1,0.6469704911151496,1
0,0,0.3838518968670507,1
0,0,0.21498137310675633,0
