y_true,y_pred,y_prob,sensitive_features
1,1,0.6496341976814736,1
1,1,0.6024482172650752,0
1,1,0.6178371044976103,1
1,1,0.5738108960738502,1
1,1,0.610260992300401,1
1,1,0.5848250746138672,1
1,1,0.6192485944297209,1
1,1,0.5752665939783733,1
1,1,0.6232485768568882,1
0,1,0.5806610925420752,0
0,1,0.570597879446809,0
0,1,0.6035934248434661,1
1,1,0.5856024822767303,1
1,1,0.5898634761641635,1
0,1,0.5755974682905116,1
0,1,0.6106255847603967,1
1,1,0.623252012245128,1
1,1,0.5960884425210504,1
0,0,0.5651320174778535,0
0,1,0.5979551482995069,1
1,0,0.5379921882726096,1
0,1,0.6033055202116782,1
1,1,0.5683119223354147,0
0,1,0.5892176873787841,1
1,1,0.6001648241078833,0
0,0,0.5465165472542005,1
0,1,0.5972280736373952,1
0,1,0.5976874800754743,1
0,1,0.5813877564071579,1
0,1,0.586048221694034,0
0,1,0.5936717254141872,1
1,0,0.5256610909741242,1
0,1,0.5722461177316193,0
1,1,0.5968306041405393,1
1,0,0.5586393441734685,1
1,1,0.5802421746017379,0
1,0,0.5643272146326329,1
0,1,0.5778578409292792,1
0,1,0.6325773911553245,1
1,1,0.5835323424790049,0
0,0,0.5545256496024961,0
1,0,0.5649988255687055,1
1,1,0.5968815038791822,1
1,1,0.596464605637033,1
1,1,0.6271381337821649,1
1,1,0.5830368708673318,1
1,1,0.6140309308561125,1
