y_true,y_pred,y_prob,sensitive_features
1,1,0.5909751648838144,1
1,1,0.5714598615713475,1
1,1,0.7729140264459801,1
0,1,0.7754357478894975,1
1,0,0.32892295125403403,1
0,1,0.6778899570524966,1
0,1,0.6502693637327448,1
0,1,0.5811123861285228,0
0,0,0.48339917973955066,1
0,0,0.32550550931777533,0
1,1,0.6028823188331739,1
0,1,0.5704754055724388,1
1,1,0.9030071099262489,1
1,0,0.3582282773033582,0
0,0,0.3588159191022155,1
1,1,0.7663466951967985,1
0,1,0.5373957616048155,1
1,0,0.3463212476439702,1
1,1,0.8878896903568136,1
1,1,0.7458941619513786,0
0,1,0.614758396789416,1
0,0,0.2916048208652628,1
1,1,0.6721236774085029,1
1,1,0.522798748458339,1
1,1,0.6895907267899248,1
1,1,0.8071436562320026,1
1,1,0.564691420593877,0
1,1,0.8651773028497887,0
1,0,0.44246806551209805,1
1,1,0.6667798498603986,1
0,1,0.6418813618126474,1
1,1,0.8969116165256397,1
1,0,0.4485931797560209,1
0,0,0.4271829616641885,1
1,0,0.3965184701889277,1
1,0,0.4166361843330892,1
1,0,0.3807940687517742,1
0,1,0.7539908659326198,0
1,1,0.9774219514945175,0
0,0,0.3421446064788628,0
0,1,0.5376815973846193,1
0,1,0.7514065080002309,0
0,1,0.6860582687140935,0
1,1,0.5375350451300596,1
1,1,0.5036571103657854,1
0,0,0.24391613589416197,1
1,1,0.5874383960178851,1
