y_true,y_pred,y_prob,sensitive_features
1,0,0.5102861087435825,1
0,1,0.5,1
1,0,0.5088799627238572,1
0,0,0.5178350346598408,0
1,0,0.5162734843834359,0
0,0,0.5,0
1,0,0.5127196259711978,1
0,0,0.5189466078227392,1
0,1,0.48393310405863493,1
1,0,0.5173103805854893,1
1,1,0.47424850821490366,1
1,0,0.5051761767476738,1
1,0,0.5201167900674547,1
1,1,0.5,1
1,0,0.5,1
1,0,0.5201286723873845,1
1,1,0.484314684842639,1
0,1,0.4947824500314238,1
1,0,0.5,1
1,0,0.5236605424113467,1
1,0,0.5068073056105588,1
1,1,0.5,1
0,0,0.5107684515167084,1
0,1,0.4917970974443077,1
0,0,0.5,0
0,0,0.5071170339387213,1
1,0,0.5095335115449476,0
1,0,0.508594228509585,1
0,1,0.5,1
1,0,0.5099406136573247,0
1,0,0.5,1
0,0,0.5125272278158615,0
0,0,0.5,1
1,1,0.5,1
0,0,0.5233886587048595,0
0,0,0.5274266543354952,1
1,0,0.5,1
1,1,0.486396065438397,1
0,1,0.488814629369932,1
1,0,0.5108753318796604,0
1,0,0.51073406327583,1
1,1,0.49256397329710644,0
1,0,0.5248091581002073,1
0,1,0.49411437199394387,1
1,0,0.5,1
0,1,0.4916726332243843,1
0,0,0.5138334053665948,0
