y_true,y_pred,y_prob,sensitive_features
0,1,0.5877629348090784,1
1,1,0.5725797598993121,1
0,1,0.5951264226367122,0
0,1,0.6078780491295442,1
1,1,0.5752010027016311,0
1,1,0.5738688023447477,1
1,1,0.5932979809260072,1
0,1,0.5338965516407503,1
1,1,0.5781056814758694,1
1,1,0.5677083246608593,1
1,1,0.5358311720426951,1
1,1,0.5869478454704765,1
1,1,0.5776963826100264,1
1,1,0.5843861085570491,1
1,1,0.6095767485059698,0
0,1,0.592464844347638,1
0,1,0.6119111190713818,0
0,1,0.5742837911106069,1
1,1,0.6046532580593084,0
1,1,0.6225660354634704,0
1,1,0.5621232768217477,0
0,1,0.5680130303700676,0
1,1,0.5737910413788957,1
1,1,0.5926794841355676,1
1,1,0.5810402345134918,1
0,1,0.5795944604816583,1
0,1,0.5700616862828064,0
1,1,0.5774173508726783,1
1,1,0.6170487455832041,1
1,1,0.5891330924122864,1
1,1,0.6336736482001432,1
0,1,0.5900216138256621,1
0,1,0.5561566180001906,0
0,1,0.5999847612770534,1
1,1,0.6099934679752432,1
0,1,0.5880014414838242,1
1,1,0.629727701350957,1
1,1,0.5985475228297165,1
0,1,0.5732000871907631,1
1,1,0.5558361810409904,1
0,1,0.6051529274082799,1
1,1,0.6313063841602783,1
1,1,0.5817623551677209,1
0,1,0.6408781586136753,1
1,1,0.5830427373260927,1
0,1,0.5785795364939099,1
0,1,0.5903147638398843,0
