y_true,y_pred,y_prob,sensitive_features
1,1,0.7122644351359543,1
1,1,0.6931406891840045,1
1,1,0.717261535898498,1
0,1,0.634025428650666,1
1,1,0.6853776532710734,1
0,1,0.7170270068315128,1
0,1,0.6272295580438415,1
0,1,0.6526957152485072,0
0,1,0.6627934051289512,1
0,0,0.5087378147430015,0
1,1,0.6724055108955076,1
0,1,0.646160944617748,1
1,1,0.7480251621718542,1
1,1,0.5815315599148878,0
0,1,0.641668014065048,1
1,1,0.6645106700097744,1
0,1,0.6511305806629835,1
1,1,0.6109006453265453,1
1,1,0.6577319200709639,1
1,1,0.7121080204859805,0
0,1,0.7293207491038811,1
0,1,0.6425492214091432,1
1,1,0.6495679347004704,1
1,1,0.6818710140924157,1
1,1,0.6104242709252983,1
1,1,0.6715695421921267,1
1,0,0.5,0
1,1,0.7162648764146595,0
1,0,0.4151389344857256,1
1,1,0.6671861721658671,1
0,1,0.6496974026651736,1
1,1,0.6482165289167398,1
1,1,0.6267238670638233,1
0,1,0.5952916224237715,1
1,1,0.7116255501845583,1
1,1,0.6564125750198503,1
1,1,0.5942035943227646,1
0,1,0.6313358885834658,0
1,1,0.6730675247637671,0
0,0,0.409609594686076,0
0,1,0.6655796141620585,1
0,1,0.6443628723825792,0
0,1,0.6970541891012458,0
1,1,0.6578993448328099,1
1,1,0.6659241983629174,1
0,0,0.5272591183524133,1
1,1,0.5894215182311154,1
