y_true,y_pred,y_prob,sensitive_features
1,1,0.6786816053779348,1
1,0,0.22056513273294875,1
1,1,0.971411874428095,1
0,1,0.9688642469761345,1
1,0,0.39810262810994257,1
0,0,0.13833797333480174,1
0,1,0.9252487102919196,1
0,0,0.3618841679239569,0
0,1,0.8705117706626452,1
0,0,0.35823278816950976,0
1,1,0.5993066988816168,1
0,0,0.177433893826581,1
1,1,0.9780809504799347,1
1,0,0.4630881636275197,0
0,1,0.8684843443660438,1
1,1,0.9474908545035239,1
0,0,0.01008250547721292,1
1,1,0.7713071334079143,1
1,0,0.3577943015767445,1
1,1,0.9966515698819198,0
0,1,0.9905983633232263,1
0,0,0.28927912126408983,1
1,1,0.9807146656354508,1
1,1,0.6172441038074742,1
1,1,0.9562669846888198,1
1,1,0.682251199692477,1
1,1,0.6433910633408397,0
1,1,0.9919064822963768,0
1,1,0.8667159214974531,1
1,0,0.26732863983297855,1
0,0,0.2851525585308263,1
1,1,0.9214199974571124,1
1,1,0.5938415749279866,1
0,0,0.008763241342537146,1
1,0,0.15837407587244867,1
1,1,0.8201114526349335,1
1,1,0.9013350105800297,1
0,0,0.17479162807604898,0
1,1,0.99749104136139,0
0,0,0.3130591539587896,0
0,0,0.15582574986900033,1
0,1,0.7180881134473076,0
0,1,0.9019364781066961,0
1,1,0.9618643173062309,1
1,0,0.22779563775188588,1
0,0,0.33512144929950055,1
1,1,0.8597590925996673,1
