y_true,y_pred,y_prob,sensitive_features
1,1,0.6111920858093189,1
0,1,0.6215219099690714,1
1,1,0.6170981793817992,1
0,0,0.48826412490024995,0
1,1,0.6226386022896413,0
0,1,0.6070627345386439,0
1,1,0.6289430034918976,1
0,0,0.5051463993955776,1
0,1,0.628946605619478,1
1,1,0.6207791980859627,1
1,1,0.6088916934338344,1
1,1,0.5789026443320282,1
1,1,0.5747882147528005,1
1,1,0.6254868042417412,1
1,1,0.6255445442863515,1
1,1,0.6187310517971039,1
1,1,0.6211314624929526,1
0,1,0.6288601763147733,1
1,1,0.5877930532676456,1
1,0,0.5060825295305854,1
1,1,0.6109866620968428,1
1,1,0.6108265356209316,1
0,1,0.596143794273104,1
0,1,0.6096591149451528,1
0,1,0.6292994331574495,0
0,1,0.6145083375843114,1
1,1,0.5980207215818073,0
1,1,0.595736764013887,1
0,1,0.6268338366070302,1
1,1,0.616657470521022,0
1,1,0.6118075197019058,1
0,1,0.6116378323107654,0
0,0,0.48533761585129,1
1,1,0.6175348489690854,1
0,0,0.4686622053547333,0
0,1,0.6349881596888717,1
1,1,0.6298395370188151,1
1,1,0.6152443544642743,1
0,1,0.6200828400932239,1
1,1,0.5965432724700861,0
1,1,0.6072163289976489,1
1,1,0.6197136136437095,0
1,1,0.6296480103565644,1
0,1,0.619605282703832,1
1,1,0.6307053111996764,1
0,1,0.6140344974903118,1
0,1,0.6231408002646441,0
