y_true,y_pred,y_prob,sensitive_features
0,0,0.43660196923525546,1
1,1,0.799795293234231,1
0,1,0.591240585034534,0
0,1,0.9083547361636914,1
1,1,0.9051876200267318,0
1,0,0.3048553366507212,1
1,1,0.8752698877040225,1
0,1,0.5073073946608646,1
1,1,0.8969398077212418,1
1,1,0.833242111679051,1
1,1,0.9139076217248108,1
1,1,0.5431010703830558,1
1,1,0.7891783481359956,1
1,1,0.8380578219866087,1
1,1,0.5540351641124494,0
0,1,0.6072418045953449,1
0,1,0.5832889172757847,0
0,1,0.82953220213374,1
1,1,0.8467739366356634,0
1,0,0.4643925023335223,0
1,0,0.3504212944611864,0
0,0,0.22653991033703194,0
1,1,0.6282337705206618,1
1,0,0.34829710665683156,1
1,1,0.9878868454600223,1
0,0,0.22192443946471077,1
0,0,0.33197899880324405,0
1,0,0.4031973943126964,1
1,1,0.7019662446570106,1
1,0,0.4794865221841087,1
1,0,0.3088829808218405,1
0,1,0.5484595874605047,1
0,0,0.3474361898534108,0
0,1,0.8210271206678552,1
1,1,0.738269427011833,1
0,1,0.9965325374149591,1
1,0,0.2651153876683032,1
1,1,0.6829883397701243,1
0,1,0.8978848904090168,1
1,1,0.9135981653414942,1
0,1,0.6299387072616833,1
1,1,0.8443727749712605,1
1,1,0.9480095838288277,1
0,1,0.9495263515294451,1
1,1,0.7802970424601469,1
0,1,0.6211383658776416,1
0,0,0.31032564641956883,0
