y_true,y_pred,y_prob,sensitive_features
1,1,0.6557635125885929,1
1,1,0.9795607251008385,0
1,1,0.8245267860502518,1
1,0,0.28765520076870404,1
1,1,0.6634140169447372,1
1,0,0.22757973435816814,1
1,0,0.45484606279946954,1
1,0,0.4102546503403908,1
1,1,0.6721041825784876,1
0,0,0.45823447313202764,0
0,0,0.3315701513301862,0
0,0,0.40520503646556216,1
1,1,0.6580519159850936,1
1,1,0.7022079473535766,1
0,0,0.45654661494244586,1
0,1,0.6482289593609023,1
1,1,0.5924135131444014,1
1,1,0.6680586837819873,1
0,0,0.29131117760746644,0
0,0,0.4192628424933845,1
1,0,0.36235574936315845,1
0,0,0.41492372101219455,1
1,1,0.5189614344890228,0
0,0,0.3813977664988216,1
1,1,0.6713719303458492,0
0,0,0.2877031462399817,1
0,0,0.4836332514360769,1
0,1,0.7460006987756317,1
0,0,0.31115848529494106,1
0,0,0.4893659711752375,0
0,0,0.4955124491741857,1
1,0,0.31847364175577086,1
0,0,0.2661603901781742,0
1,0,0.4203917756905144,1
1,0,0.48478963711658524,1
1,0,0.4967150546206937,0
1,0,0.39518195671570205,1
0,0,0.4991313672173037,1
0,1,0.6702359065797726,1
1,1,0.5148229226821327,0
0,0,0.28067598067935123,0
1,0,0.3819297474008182,1
1,0,0.47436279817198274,1
1,0,0.3927545703354757,1
1,1,0.5167513103129124,1
1,0,0.4966999322664261,1
1,1,0.8848484505750267,1
