y_true,y_pred,y_prob,sensitive_features
1,1,0.5401604962032075,1
1,1,0.9833430851009598,0
0,1,0.5533441598398005,1
0,1,0.5319638654224806,1
0,0,0.24461936317422098,0
1,1,0.89982743458151,1
0,1,0.5475217300347294,1
0,0,0.4720873633471788,1
1,1,0.9194367239330601,1
1,0,0.2281737274866284,1
0,1,0.685131223921153,1
1,1,0.8678277826279764,1
1,1,0.6406851722511703,1
1,1,0.8126102016791242,0
1,0,0.4842346381827547,0
0,0,0.3413187707789018,1
1,1,0.7743469467472843,1
0,1,0.5737753724461914,1
1,1,0.5746923428769153,1
1,1,0.7049656709277036,1
1,1,0.6859226348452551,1
0,0,0.2583292943440868,0
0,0,0.42361441826613316,1
1,0,0.46935105378204633,0
0,1,0.7278831986216464,1
0,1,0.6995338176969391,1
1,1,0.5222142573556068,1
0,0,0.4546338917952822,0
1,1,0.5478502950590338,1
1,1,0.5942490487448153,1
1,0,0.3553576041262995,1
1,1,0.7425990491996078,0
1,1,0.6506315954857826,1
0,1,0.6622342944251748,1
1,0,0.47264651165110394,1
1,1,0.5531221564940664,1
0,0,0.4822868681357841,1
0,1,0.6922777869153137,0
0,0,0.2618178390995066,0
1,0,0.3635063360409397,1
1,1,0.9281084234355216,1
1,1,0.6086402907623508,1
1,1,0.5201582111200495,1
1,0,0.325178127718003,1
0,0,0.48313540619587375,1
1,1,0.791226593979755,1
0,1,0.5856580101618026,0
