y_true,y_pred,y_prob,sensitive_features
1,1,0.5842615730796896,1
1,0,0.45139899687588786,1
0,1,0.5415058021188486,0
0,1,0.7720901952870446,1
1,0,0.49316206122498213,0
0,0,0.3994142451223904,0
1,0,0.3187345446007123,1
1,0,0.430974414445059,0
0,0,0.4918743872916622,0
1,0,0.4991431498009874,1
1,1,0.5287540451395658,1
0,0,0.3058503715506606,1
1,0,0.36996646814812933,1
1,0,0.3892835558963999,1
1,1,0.6300150754937106,1
0,1,0.5498074718317438,1
1,1,0.5224999270597956,0
0,1,0.7136063164002509,1
0,1,0.6127686040601303,0
1,0,0.4118130112728545,1
0,0,0.3796126750213702,0
1,1,0.5266386683834173,1
1,1,0.5640484924375098,1
0,1,0.8224814980730389,1
1,1,0.622693900231558,1
1,1,0.7370758382073548,1
0,0,0.4333196404874861,1
1,0,0.369336703570663,1
1,0,0.4915513376464537,1
1,0,0.3734349286425475,1
0,0,0.49419353160535334,1
1,0,0.3165518562481212,1
0,0,0.42871866680285964,1
1,1,0.8198166530196269,0
0,0,0.29520764809111977,1
1,0,0.41825288975194563,1
0,1,0.5216025225773808,1
1,1,0.5304830179306217,1
1,1,0.6437197873648841,1
1,1,0.58183534488152,1
1,0,0.44651476724246997,1
0,0,0.4120873306545132,1
0,0,0.38423022901757403,1
0,1,0.5827015073465445,0
1,0,0.380050513096311,0
0,1,0.8180474546879358,1
1,0,0.34536240256967743,1
