y_true,y_pred,y_prob,sensitive_features
1,1,0.6483262315079635,1
1,1,0.5844636395302697,0
1,1,0.6009741321114286,1
1,0,0.5279002846812446,1
1,1,0.5839198026793839,1
1,0,0.48052383179946434,1
1,1,0.5681604763049347,1
1,0,0.5097388423015294,1
1,1,0.5948391694774751,1
0,0,0.5311025263885463,0
0,0,0.46334515824278516,0
0,0,0.5214027780774592,1
1,1,0.5464448050985122,1
1,1,0.5650017072835857,1
0,1,0.5736697939360244,1
0,1,0.6110372962948613,1
1,1,0.5637245320772211,1
1,1,0.5766013189804378,1
0,0,0.46440048263893574,0
0,0,0.5283702143054229,1
1,0,0.47208852505205723,1
0,1,0.560289181539855,1
1,1,0.5702535172443748,0
0,0,0.5298214249752932,1
1,1,0.6107717610469187,0
0,0,0.4511425962268239,1
0,0,0.5270132141303646,1
0,1,0.5634538654282043,1
0,0,0.5,1
0,1,0.5626953119537499,0
0,1,0.5689927731401794,1
1,0,0.4825135749605336,1
0,0,0.5,0
1,0,0.5159732008845644,1
1,1,0.5614060249354909,1
1,0,0.5272920471881969,0
1,0,0.5092252080779713,1
0,1,0.5568085068514643,1
0,1,0.6345527960004446,1
1,1,0.5494896966796198,0
0,0,0.5,0
1,0,0.5081115843158801,1
1,0,0.528379272991259,1
1,0,0.5222923369424691,1
1,1,0.5518638202350891,1
1,1,0.5425392497400341,1
1,1,0.6053968962857926,1
