y_true,y_pred,y_prob,sensitive_features
1,0,0.1358524915504926,1
0,1,0.5279501989733103,1
1,1,0.6976646212914126,1
0,1,0.5822772640256958,0
1,0,0.3435561100322862,0
0,1,0.6826841450697919,0
1,0,0.18211142898922772,1
0,0,0.45258688904712596,1
0,1,0.6100072684188947,1
1,0,0.09463112646876375,1
1,1,0.9347544986737046,1
1,1,0.7724347254169468,1
1,0,0.3061825601695012,1
1,0,0.43076775318411603,1
1,1,0.8148104036683513,1
1,0,0.4764562153335245,1
1,1,0.737524571494717,1
0,1,0.9273424948940329,1
1,0,0.42564525915938034,1
1,0,0.3729065423961924,1
1,1,0.755729841808526,1
1,1,0.8572246319928525,1
0,0,0.41775474935204276,1
0,0,0.4670485697876804,1
0,1,0.7432069400752295,0
0,0,0.10653243345574617,1
1,1,0.8120124241182107,0
1,0,0.42280745598585207,1
0,1,0.7987238975053501,1
1,1,0.7178654947547918,0
1,1,0.6901208140368844,1
0,1,0.6384374902924337,0
0,0,0.16526618784303088,1
1,1,0.7276285744127508,1
0,0,0.34922566189217596,0
0,1,0.6869557980834821,1
1,0,0.36750461958110664,1
1,1,0.5911595576003775,1
0,1,0.8146731024836162,1
1,0,0.4633375189254332,0
1,0,0.32250176781018436,1
1,1,0.6612073387805589,0
1,0,0.34626404830134405,1
0,1,0.7319008944505099,1
1,0,0.33986421859839144,1
0,1,0.5708642145023662,1
0,0,0.3739632132574887,0
