y_true,y_pred,y_prob,sensitive_features
0,1,0.8790131093918893,0
1,1,0.9462406554193799,1
0,1,0.6324013136849479,0
1,0,0.2109223678267372,1
1,1,0.5667323443854643,1
1,1,0.824625464204203,1
1,1,0.6975169197552079,1
1,1,0.9900568749524309,1
1,1,0.9714792502641415,1
0,0,0.33779095654257957,1
0,1,0.9108478005083739,1
0,1,0.9478162212512641,1
0,1,0.9168865630126116,0
1,1,0.7318903002916339,1
0,1,0.8481431270953281,1
1,1,0.9878553583319615,0
0,0,0.02929298821901557,1
1,1,0.9679803804933771,1
1,0,0.4148487821829772,0
1,0,0.37698103153402074,1
0,1,0.8846544019342575,0
0,0,0.048296507513156645,0
0,1,0.6687927602311489,1
1,1,0.6062183121882315,1
1,1,0.7489575588996823,1
1,1,0.8170228872941857,0
0,0,0.35293113765707407,1
0,1,0.847065084786406,1
1,0,0.38978266930258304,1
0,1,0.8955647432272869,1
1,1,0.9811827374035997,0
1,0,0.15189983330885587,1
1,1,0.8875254971667988,1
1,1,0.9828954965772826,1
0,1,0.5509839684931954,0
0,0,0.46813362656821506,1
0,1,0.5370547780796605,1
1,1,0.582017364585807,0
1,0,0.21952865758443837,1
1,0,0.3198405576900201,1
1,0,0.13958410163858084,1
1,1,0.7713982681348295,1
1,0,0.014730412018528753,1
0,1,0.8327769099098595,1
0,1,0.9712087505827496,1
1,1,0.702808390023089,1
1,1,0.9874771762515981,1
