y_true,y_pred,y_prob,sensitive_features
0,1,0.6202230559597679,1
0,0,0.4481314448219409,0
1,1,0.604792983608857,1
0,1,0.6887597775750361,1
1,0,0.535782619923148,0
0,0,0.523967410366044,0
0,1,0.6483096148809826,1
0,0,0.5,1
1,1,0.6874656882112263,1
0,1,0.6872133469318195,1
0,1,0.5706943729845029,0
1,0,0.5305261194592225,1
1,1,0.6527435121350598,1
0,0,0.5334958624082996,1
1,1,0.6394968951573694,1
0,1,0.5727043146976625,1
0,1,0.56648641765597,1
0,1,0.5901762042760428,1
1,1,0.5476108242473986,1
1,1,0.5929101724203943,1
0,0,0.5065747399757045,1
1,1,0.6145348674521521,1
1,1,0.620867993824469,1
1,1,0.5868458063357036,1
1,1,0.6169119114250073,1
0,1,0.6592649098447457,1
1,1,0.643940986902109,1
1,1,0.6515218545564313,1
0,1,0.5702395781715301,1
1,0,0.5,0
1,1,0.5577876582488378,0
1,1,0.6632235462904302,1
0,0,0.5,0
1,1,0.6257184510892908,0
1,1,0.5867071038751629,1
1,1,0.6538451008704881,0
1,1,0.5710576218706629,1
1,1,0.5470098134836578,1
1,1,0.5982651267765237,1
0,1,0.5529078119851604,0
1,1,0.6897107680320509,1
1,1,0.6064992137437024,1
1,0,0.5412380640190885,1
1,1,0.5954508247515604,1
0,0,0.5107065762860952,1
0,1,0.6063648999450219,0
1,1,0.5872713431316355,1
