y_true,y_pred,y_prob,sensitive_features
0,1,0.8550071295600927,1
0,0,0.1628328912103103,0
1,0,0.33348132071728387,1
0,1,0.9437903936328945,1
1,1,0.8277078048038908,0
0,1,0.7387597511981431,0
0,1,0.735638760158464,1
0,0,0.18129322764679015,1
1,1,0.9074012467044333,1
0,1,0.9556794200745306,1
0,1,0.5688871460385481,0
1,0,0.11388634913969996,1
1,1,0.9360336667269417,1
0,0,0.2917450519180158,1
1,1,0.7112402429480756,1
0,0,0.4133574328527293,1
0,1,0.8079367080438761,1
0,0,0.0712394254058188,1
1,0,0.1802686466673576,1
1,1,0.8131849611408524,1
0,0,0.07947832925168438,1
1,1,0.9584806633728944,1
1,0,0.11253641480929492,1
1,1,0.5681937690281522,1
1,0,0.2067205891722088,1
0,1,0.9746556680731092,1
1,1,0.6577726119942371,1
1,1,0.9863905901448735,1
0,0,0.4733042146251307,1
1,1,0.8886669437915017,0
1,0,0.4808742390460874,0
1,1,0.9902252827976126,1
0,0,0.25199521762142485,0
1,1,0.8950042582375659,0
1,1,0.7009693129402236,1
1,1,0.9910297588444597,0
1,1,0.9448480407229217,1
1,1,0.9589820397187938,1
1,1,0.7629519135989666,1
0,1,0.8308064281912353,0
1,1,0.8978808866863904,1
1,1,0.9668426034736869,1
1,0,0.3422641978903793,1
1,1,0.5878953975103469,1
0,0,0.47283572008073327,1
0,0,0.13304941710397386,0
1,1,0.8780912623824905,1
