y_true,y_pred,y_prob,sensitive_features
1,1,0.8815966105928857,1
1,1,0.9889180440007773,0
0,1,0.9146089522208464,1
0,1,0.5790732713874266,1
0,0,0.32545063803710866,0
1,1,0.9754035549631277,1
0,0,0.3151430121540257,1
0,1,0.8039962363268934,1
1,1,0.9229112714079988,1
1,0,0.16655258373361906,1
0,1,0.8828994766204478,1
1,1,0.9730712442172637,1
1,1,0.8213003507709015,1
1,1,0.974506135146476,0
1,1,0.6594240275891221,0
0,0,0.03877248753738463,1
1,1,0.8462224621515937,1
0,1,0.8308423480257934,1
1,1,0.7095260097772875,1
1,0,0.06547296766396925,1
1,1,0.987329645495312,1
0,0,0.046129869854918605,0
0,0,0.4096905536577431,1
1,0,0.22340994808694367,0
0,1,0.9879880080767969,1
0,0,0.24329716707585877,1
1,1,0.8335691639481806,1
0,0,0.12814111477587864,0
1,1,0.6534906840542989,1
1,1,0.9764348399863243,1
1,0,0.4064662654231201,1
1,1,0.9156432731820076,0
1,1,0.726584775545067,1
0,1,0.8194467831057322,1
1,0,0.3667065696352438,1
1,1,0.9460004472600732,1
0,1,0.5997277687886668,1
0,1,0.5808509031714172,0
0,0,0.020820487401123418,0
1,1,0.8360005778314761,1
1,1,0.9955043002505487,1
1,1,0.7477707317925485,1
1,1,0.7445951859117245,1
1,0,0.014037370701406876,1
0,0,0.28558321796074404,1
1,1,0.7078653926572542,1
0,1,0.9319490152839341,0
