y_true,y_pred,y_prob,sensitive_features
1,1,0.9675796108653073,1
1,1,0.7788139427471485,0
1,1,0.8750005873938931,1
1,1,0.8668839313056338,1
1,1,0.7247682850502414,1
1,0,0.3610451433493064,1
1,1,0.8485630333080284,1
1,1,0.6243129251508993,1
1,1,0.9030847408265762,1
0,1,0.8188528386563922,0
0,0,0.33724823507867674,0
0,1,0.7421803663681508,1
1,1,0.4896510166733097,1
1,1,0.7462766138535355,1
0,0,0.426540249437027,1
0,1,0.8916872784990505,1
1,1,0.9287668460130124,1
1,1,0.8218463001665541,1
0,0,0.2402185846293439,0
0,1,0.8313208085942305,1
1,0,0.15515745611591444,1
0,1,0.6036767608624075,1
1,1,0.5251531433174028,0
0,1,0.816518960489109,1
1,1,0.7953091354741582,0
0,0,0.19986405177137265,1
0,1,0.699877124568399,1
0,1,0.4468495453670674,1
0,1,0.6366983425995495,1
0,1,0.8159712349811544,0
0,1,0.5931325456769452,1
1,0,0.16537330550308407,1
0,0,0.27006973592850175,0
1,1,0.8063916898598145,1
1,1,0.5074974526484698,1
1,1,0.5737814843958825,0
1,0,0.2681901598349189,1
0,1,0.696587761163566,1
0,1,0.9493697124819254,1
1,1,0.5256708698939755,0
0,0,0.26646594151614306,0
1,0,0.16945791418596076,1
1,1,0.4849235315735447,1
1,1,0.7904814271658541,1
1,1,0.8515921782374025,1
1,1,0.5464232557527164,1
1,1,0.8626972034985677,1
