y_true,y_pred,y_prob,sensitive_features
1,1,0.4852163695459956,1
1,1,0.4862017905913111,0
0,0,0.5,1
0,1,0.48900683230422914,1
0,1,0.4892032402897361,0
1,1,0.4942198177065578,1
0,1,0.5,1
0,0,0.51004777771364,1
1,1,0.4796302370063382,1
1,0,0.5194416501428794,1
0,1,0.5,1
1,1,0.5,1
1,1,0.49431098761442305,1
1,1,0.47681985778458513,0
1,1,0.48656039736023254,0
0,0,0.5206071175661859,1
1,1,0.5,1
0,1,0.5,1
1,1,0.48217269468773166,1
1,1,0.4948274664566756,1
1,1,0.5,1
0,0,0.5,0
0,0,0.5140511394710391,1
1,0,0.5200627434574637,0
0,1,0.46724841816799373,1
0,1,0.4899760808396436,1
1,0,0.5117400387414842,1
0,0,0.5,0
1,0,0.5,1
1,1,0.4924214436736046,1
1,1,0.5,1
1,1,0.486832583888824,0
1,0,0.5088881314186985,1
0,1,0.5,1
1,0,0.5105545723518711,1
1,1,0.5,1
0,0,0.5163641380910943,1
0,1,0.4920799566574835,0
0,0,0.517253018752089,0
1,0,0.5111268647357667,1
1,1,0.4914800200778087,1
1,1,0.48791738450461386,1
1,0,0.5113045499246308,1
1,0,0.5236102393350075,1
0,1,0.5,1
1,1,0.5,1
0,1,0.48657955436471995,0
