y_true,y_pred,y_prob,sensitive_features
1,1,0.7335383794457544,1
1,1,0.7695211004133937,0
0,1,0.8079529935590292,1
0,1,0.7811235596047335,1
0,1,0.663786132771929,0
1,1,0.7532544858101232,1
0,1,0.6828709098037554,1
0,0,0.5,1
1,1,0.9150565955852044,1
1,0,0.3850296213378995,1
0,1,0.7436631698448157,1
1,1,0.74020546751076,1
1,1,0.7541533690983915,1
1,1,0.848884356290083,0
1,1,0.6957879881241211,0
0,0,0.2550218820546221,1
1,1,0.7290683707114896,1
0,1,0.7941546935897478,1
1,1,0.8019642918715374,1
1,1,0.6517648025591566,1
1,1,0.7501211092731113,1
0,1,0.6237583887684033,0
0,0,0.3776543632015059,1
1,0,0.26850302639935403,0
0,1,0.8777419024920855,1
0,1,0.7111815291447849,1
1,0,0.3879816342332548,1
0,1,0.7091182558047822,0
1,1,0.7010219474608914,1
1,1,0.8736665939118103,1
1,1,0.7939129479892112,1
1,1,0.7313989621075531,0
1,1,0.5992651629315859,1
0,1,0.7965161562993793,1
1,1,0.6040363759390001,1
1,1,0.6853946336323782,1
0,0,0.5419616702979709,1
0,1,0.6904882683117126,0
0,0,0.14406467104629625,0
1,0,0.5386546588714297,1
1,1,0.7580667219558036,1
1,1,0.7791628029450547,1
1,1,0.5907152516573375,1
1,0,0.22673193240306208,1
0,1,0.5803077635959157,1
1,1,0.7224947217110096,1
0,1,0.6944069489821495,0
