y_true,y_pred,y_prob,sensitive_features
0,0,0.3733739466690065,1
1,1,0.9129448889821292,1
0,0,0.450716308614215,0
0,1,0.5231129032263525,1
1,0,0.4542074429071101,0
1,0,0.17343938406248935,1
1,1,0.8903611596308101,1
0,1,0.7451755294589193,1
1,1,0.9649271984361018,1
1,1,0.8033831202690628,1
1,1,0.584287115030543,1
1,1,0.7784955775150396,1
1,1,0.8082981869322845,1
1,1,0.6165823947446774,1
1,1,0.6141606767273063,0
0,0,0.3543078688098306,1
0,0,0.31329588291007165,0
0,1,0.6517085285256942,1
1,1,0.7643347292954867,0
1,1,0.565850451109554,0
1,0,0.4883211851369947,0
0,0,0.37248311259869493,0
1,1,0.619624257253474,1
1,0,0.303169462445106,1
1,1,0.9956188044645364,1
0,0,0.31330424001591656,1
0,0,0.3416410115061924,0
1,0,0.3659455063180079,1
1,1,0.9777598559983366,1
1,0,0.24413715711592537,1
1,0,0.25736740785151935,1
0,0,0.29739337334506055,1
0,0,0.04300841784238607,0
0,1,0.9565784921799003,1
1,1,0.6726530645954311,1
0,1,0.9784125107996605,1
1,0,0.1609384291683907,1
1,1,0.8662367153679832,1
0,1,0.8746214558546311,1
1,1,0.9271754605698187,1
0,0,0.4574943234773072,1
1,1,0.8982593944497748,1
1,1,0.6616367491722819,1
0,0,0.40231137353211105,1
1,0,0.23735428917935178,1
0,1,0.8561195495171972,1
0,0,0.1789418066190607,0
