y_true,y_pred,y_prob,sensitive_features
1,1,0.6563719502684152,1
1,1,0.9441722037345445,0
0,1,0.6355287691057483,1
0,1,0.6501198391881828,1
0,0,0.34350514903661594,0
1,1,0.9083646521513371,1
0,1,0.5785656757182189,1
0,0,0.448984926104473,1
1,1,0.9217094422278794,1
1,0,0.3638375043977333,1
0,1,0.5375809271498647,1
1,1,0.7991071902577475,1
1,1,0.6942022795154396,1
1,1,0.8016478263135401,0
1,1,0.5077427389594317,0
0,0,0.2749087596095108,1
1,1,0.7254437262100653,1
0,1,0.6380216392600309,1
1,1,0.5719392351337023,1
1,1,0.6432292911059695,1
1,1,0.9553803867087701,1
0,0,0.48121603564835497,0
0,1,0.5054715755682888,1
1,0,0.3769322112953334,0
0,1,0.7037438901697699,1
0,1,0.8313310027872207,1
1,1,0.6668280749780033,1
0,1,0.6256911014912396,0
1,1,0.5066654587080346,1
1,1,0.6845019619292779,1
1,0,0.4525493429187828,1
1,1,0.7661254036380095,0
1,1,0.5758371250324082,1
0,1,0.7371680775503592,1
1,0,0.446972649399795,1
1,1,0.8255334214725436,1
0,0,0.3618062561158354,1
0,0,0.4529400017425685,0
0,0,0.2786020922769485,0
1,0,0.39799405232509677,1
1,1,0.9667864484540464,1
1,1,0.5748536540403101,1
1,1,0.756681432857789,1
1,0,0.39712599686615185,1
0,1,0.5254258182041708,1
1,1,0.982388854707826,1
0,1,0.5804481449862458,0
