y_true,y_pred,y_prob,sensitive_features
0,1,0.7307478698241594,0
1,1,0.8584199868685748,1
0,0,0.46283345365078027,0
1,1,0.6215094543290108,1
1,1,0.5785239470111386,1
1,1,0.5173842518755956,1
1,1,0.8132279523241986,1
1,1,0.8739825768227915,1
1,1,0.7522586936694657,1
0,1,0.6349201466042248,1
0,1,0.6496486338978386,1
0,1,0.5245249970728477,1
0,1,0.6069799410469628,0
1,1,0.5789729984510703,1
0,1,0.8487470650961166,1
1,1,0.7877104946414419,0
0,1,0.591868714693177,1
1,1,0.8666031545496949,1
1,1,0.6838080123348071,0
1,1,0.699201263292907,1
0,1,0.6722034593653149,0
0,1,0.5540695120825642,0
0,1,0.9728824787595993,1
1,1,0.8766773288097519,1
1,1,0.7679228176453866,1
1,0,0.3625652464296363,0
0,0,0.3066186532404361,1
0,1,0.7513174822484083,1
1,1,0.6625233529816082,1
0,1,0.7706225677042268,1
1,1,0.993833778481229,0
1,1,0.8833972863648445,1
1,1,0.8599268529460361,1
1,1,0.9537724897796502,1
0,1,0.6982825692943497,0
0,1,0.5544215278175514,1
0,1,0.6545917016913568,1
1,1,0.7830989778518073,0
1,1,0.5050604673460234,1
1,1,0.575348761694931,1
1,1,0.5123271443978005,1
1,1,0.7044991168364543,1
1,0,0.34906313486829305,1
0,0,0.41561895700765183,1
0,1,0.7289839267435273,1
1,1,0.7315186440471468,1
1,1,0.8801497422207762,1
