y_true,y_pred,y_prob,sensitive_features
1,1,0.6771937090881587,1
1,1,0.7304129958120735,1
1,1,0.7060505027664276,1
0,1,0.6992194039037182,1
1,1,0.6992230737961418,1
0,1,0.7231335679259021,1
0,1,0.6870109851263262,1
0,1,0.7008069189142989,0
0,1,0.6823245321583101,1
0,1,0.6149849882776659,0
1,1,0.6877828454195858,1
0,1,0.6774269870793064,1
1,1,0.703452756008376,1
1,1,0.6628686045974453,0
0,1,0.6564971204719442,1
1,1,0.6766205896290921,1
0,1,0.6740686751821771,1
1,1,0.6504682523820304,1
1,1,0.7044671056433677,1
1,1,0.7185352733973588,0
0,1,0.7142461692931965,1
0,1,0.6584575826780784,1
1,1,0.7167068841845531,1
1,1,0.6917530356656639,1
1,1,0.6655049755940433,1
1,1,0.6924357131271535,1
1,1,0.6472229390132304,0
1,1,0.7155588490995235,0
1,0,0.4733778161378305,1
1,1,0.6841276055999703,1
0,1,0.6766205167189306,1
1,1,0.648238882624135,1
1,1,0.6645800223872462,1
0,1,0.6490820037558731,1
1,1,0.7017265606790957,1
1,1,0.667384900754614,1
1,1,0.6658512087960926,1
0,1,0.6738514286902034,0
1,1,0.6938115643151657,0
0,0,0.5947032012476308,0
0,1,0.7245111997359713,1
0,1,0.6920250060962102,0
0,1,0.7129087956193308,0
1,1,0.7014537807819583,1
1,1,0.715096318415432,1
0,0,0.583956051883354,1
1,1,0.6545774155826839,1
