y_true,y_pred,y_prob,sensitive_features
0,1,0.6343225270160792,0
1,0,0.22996018145851252,1
1,1,0.7054076168422088,1
1,0,0.0852081584403141,1
0,0,0.34743785665898624,1
1,1,0.9741411415221476,1
0,1,0.7758897960739206,1
0,0,0.2495433372458323,1
1,0,0.17272592463437458,1
0,1,0.7928939372622229,0
0,1,0.5876605162321435,1
0,1,0.6633363974078151,1
1,1,0.6113423093624449,1
1,1,0.5074913014413601,1
1,1,0.6865454677273736,1
1,0,0.49253101157639306,1
0,0,0.4309833075807016,1
1,0,0.31914042085078026,1
0,0,0.2907188626742127,0
1,1,0.9161146403696074,1
0,0,0.26672989337372405,1
1,1,0.7330527177146311,0
0,0,0.3938380326023816,1
0,0,0.4633292910708226,1
1,1,0.5258564951154002,0
1,1,0.562826813090895,1
0,1,0.8990278901422791,1
1,0,0.05097531845184636,1
1,1,0.5875607368019669,1
0,0,0.3079816312882908,0
0,1,0.5649874867541028,0
1,1,0.9115344881166921,1
1,1,0.8569536546065533,1
0,0,0.34348952541325595,1
0,1,0.7525583314181579,1
1,0,0.25664121476185714,1
0,0,0.3667019819512608,1
1,0,0.2801506525351341,1
1,0,0.29941475056968897,1
0,1,0.512965481308153,0
1,0,0.3809770451577409,1
1,1,0.5295740750970183,0
1,0,0.20186481254683714,1
1,0,0.12771809282128851,1
1,1,0.8830110610870143,1
1,1,0.9952033839670181,0
1,1,0.6799764511429409,0
