y_true,y_pred,y_prob,sensitive_features
1,1,0.784062100115233,1
1,1,0.6964004986113398,1
1,1,0.8518184104458759,1
0,1,0.9795438769418724,1
1,1,0.6306111860126983,1
0,1,0.6957611898961955,1
0,1,0.694862501231155,1
0,0,0.4465787975702894,0
0,1,0.7901819171708865,1
0,0,0.12394649400846428,0
1,0,0.32398592370581786,1
0,0,0.3993808537589786,1
1,1,0.9784393521747482,1
1,1,0.5247638255548628,0
0,0,0.36742348427890387,1
1,1,0.6321520385814124,1
0,1,0.7369909937230044,1
1,0,0.1840556069133642,1
1,1,0.9907344655446545,1
1,1,0.9120180209352089,0
0,1,0.8234204310766097,1
0,0,0.16316283349131536,1
1,1,0.9311975367965154,1
1,1,0.8983581243658291,1
1,1,0.7108192776278296,1
1,1,0.7388052454801242,1
1,1,0.8197868706364356,0
1,1,0.8209199904820477,0
1,1,0.7923655013118948,1
1,1,0.7486190768876643,1
0,1,0.6571641100535338,1
1,1,0.9347979884702214,1
1,1,0.502860433148213,1
0,0,0.2638039346032206,1
1,0,0.4854972468187794,1
1,1,0.955206648800783,1
1,1,0.5758990995859381,1
0,1,0.8536890021285165,0
1,1,0.9995377710141146,0
0,0,0.21243968573696007,0
0,1,0.8562100628294596,1
0,1,0.842898251359979,0
0,1,0.7914223342682649,0
1,0,0.39304836107428426,1
1,1,0.7907265426237358,1
0,0,0.4473047635590886,1
1,1,0.5743539326049113,1
