y_true,y_pred,y_prob,sensitive_features
1,1,0.4774977583403991,1
1,1,0.5097030122668063,0
1,0,0.43826209978197805,1
1,0,0.46424404618033166,1
1,1,0.4750458294537847,1
1,1,0.47877390589545665,1
1,1,0.5,1
1,1,0.47080606388700685,1
1,1,0.5,1
0,0,0.44338345057391393,0
0,0,0.40928275752110177,0
0,0,0.4452722726164762,1
1,0,0.4508947694559256,1
1,0,0.45589282221421,1
0,0,0.45327448743949206,1
0,0,0.4523999871423607,1
1,1,0.4760075914302449,1
1,0,0.40705446165126447,1
0,0,0.3955144255473117,0
0,1,0.5116050269621253,1
1,0,0.40292098414596245,1
0,1,0.47027270025492246,1
1,0,0.4605608690046048,0
0,0,0.46064142363524035,1
1,0,0.45687487097263874,0
0,0,0.4011582963600846,1
0,1,0.5,1
0,1,0.48751374259729646,1
0,1,0.4755822394843567,1
0,1,0.4797873375855739,0
0,1,0.47139014797749096,1
1,0,0.39374093203669225,1
0,0,0.43667540768897684,0
1,0,0.4553609028294747,1
1,1,0.49324236573147356,1
1,0,0.42209754731946575,0
1,0,0.4639749762065649,1
0,1,0.4833657839393709,1
0,1,0.47994840430339913,1
1,0,0.45129213777374133,0
0,0,0.40600404865018574,0
1,0,0.4479295516427175,1
1,0,0.4638259868495653,1
1,0,0.46442728546507844,1
1,1,0.47383062929206543,1
1,1,0.4751534284770585,1
1,1,0.511050500028644,1
