y_true,y_pred,y_prob,sensitive_features
1,1,0.80857304522877,1
1,0,0.3699108644259448,1
0,1,0.5398069749356046,0
0,1,0.6526343217139693,1
1,0,0.35012713381282096,0
0,0,0.15498001038693085,0
1,1,0.6246908816151925,1
1,0,0.1875982492873272,0
0,0,0.25779737388250856,0
1,1,0.7595940241433073,1
1,1,0.8995697658677867,1
0,1,0.600290748061597,1
1,1,0.7804840430917883,1
1,1,0.6164909636673004,1
1,1,0.6733806958803579,1
0,0,0.4458333367341673,1
1,1,0.8143921202495941,0
0,1,0.5651489200892378,1
0,0,0.2738331191672558,0
1,0,0.31686482865530846,1
0,0,0.18639588801574355,0
1,1,0.7926049743286805,1
1,1,0.7532523498466546,1
0,1,0.9067940603490332,1
1,1,0.777176387342794,1
1,1,0.9513980883497961,1
0,0,0.45494502631539474,1
1,1,0.8030776052403855,1
1,1,0.6062441854994028,1
1,0,0.4032439850325829,1
0,1,0.6293452189951438,1
1,0,0.2804810164955196,1
0,0,0.4546429575531588,1
1,1,0.6968826574901568,0
0,0,0.36334181735622084,1
1,0,0.24288081510280352,1
0,1,0.6624174425030075,1
1,1,0.8459798506018701,1
1,1,0.6180545490461764,1
1,1,0.7332870241487651,1
1,0,0.39524185728119665,1
0,1,0.7151859272650473,1
0,1,0.7604617511416109,1
0,1,0.5435585549124651,0
1,0,0.33256529220253794,0
0,1,0.9330648675642081,1
1,1,0.8600674930584881,1
