y_true,y_pred,y_prob,sensitive_features
1,1,0.6108726878842562,1
1,1,0.6471960648513592,0
0,1,0.5794857740321273,1
0,1,0.6198771301366645,1
0,0,0.53903002135624,0
1,1,0.6411247833792265,1
0,1,0.5739684268088862,1
0,1,0.6050731196787162,1
1,1,0.7304397447677785,1
1,0,0.47513304617884916,1
0,1,0.6344987568924645,1
1,1,0.6319969160326121,1
1,1,0.5990161882689974,1
1,1,0.7048417429029109,0
1,1,0.6257956706390839,0
0,0,0.5115933565726646,1
1,1,0.6075958214047099,1
0,1,0.6308910261146202,1
1,1,0.5996655370054232,1
1,1,0.5911379466808298,1
1,1,0.6432093360678504,1
0,1,0.5608664027855016,0
0,0,0.5303986240807237,1
1,0,0.5,0
0,1,0.7002351500587946,1
0,1,0.620270400819467,1
1,0,0.5396563055995708,1
0,1,0.5938143948237458,0
1,1,0.5809120124942729,1
1,1,0.6327034540277422,1
1,1,0.6093646199912566,1
1,1,0.6509785992077028,0
1,0,0.5576292589896862,1
0,1,0.628127242265437,1
1,0,0.5059775543532914,1
1,1,0.6075017470258308,1
0,0,0.5099367436467707,1
0,1,0.6331842578163825,0
0,0,0.4936824147996012,0
1,0,0.5525790787258891,1
1,1,0.6458457008604841,1
1,1,0.6065642602390147,1
1,1,0.5694958867955103,1
1,0,0.46230841787427324,1
0,0,0.5498260767975821,1
1,1,0.6197394342393842,1
0,1,0.6389352456077239,0
