y_true,y_pred,y_prob,sensitive_features
1,1,0.9680187060948447,1
1,1,0.9976447228224709,0
1,1,0.9551042844447019,1
1,0,0.46324022688923033,1
1,1,0.6726330428359024,1
1,0,0.15878369071331322,1
1,1,0.6708293163914402,1
1,0,0.34564237273246534,1
1,1,0.7530022459848218,1
0,1,0.6526658791610512,0
0,0,0.21455674486909657,0
0,1,0.5168109304659855,1
1,0,0.004372066166491746,1
1,1,0.8361737019999527,1
0,1,0.8319518543621591,1
0,1,0.9763585245951957,1
1,1,0.7691108295769937,1
1,1,0.8327040328960856,1
0,0,0.16636548462547635,0
0,1,0.5164957232577434,1
1,0,0.0037272022546902587,1
0,1,0.8519421281168335,1
1,1,0.6918926412284788,0
0,0,0.4478083839856781,1
1,1,0.888567841317339,0
0,0,0.39774218322994676,1
0,1,0.5101059407672041,1
0,1,0.7930563652313924,1
0,0,0.2769931191727049,1
0,1,0.6519748149191094,0
0,1,0.9918780371754065,1
1,0,0.31299636960633476,1
0,0,0.27672393152088515,0
1,0,0.4539880159770935,1
1,1,0.5630697396990653,1
1,1,0.553492250693223,0
1,0,0.47156153114365956,1
0,0,0.24124359499531825,1
0,1,0.9457492146731297,1
1,1,0.6976447218333254,0
0,0,0.2523712675207373,0
1,0,0.4311760905687548,1
1,0,0.40431231292122405,1
1,1,0.5169472992302405,1
1,1,0.6568334103709964,1
1,1,0.6123541236299473,1
1,1,0.9621192115588391,1
