y_true,y_pred,y_prob,sensitive_features
1,1,0.9057700881507023,1
1,1,0.9496946588916868,0
1,1,0.8872062158984265,1
1,1,0.6508146687536336,1
1,1,0.8260917034402201,1
1,1,0.6516198792917642,1
1,1,0.7967408440383819,1
1,1,0.522441444985725,1
1,1,0.6693409123212141,1
0,1,0.7053054513169119,0
0,0,0.24070881235469502,0
0,1,0.5718221980923472,1
1,1,0.8327204327325074,1
1,1,0.6672720039268378,1
0,1,0.6239573025541992,1
0,1,0.887806811225563,1
1,1,0.7893475094598702,1
1,1,0.8047936020852231,1
0,0,0.3458930170844747,0
0,1,0.641026808435675,1
1,1,0.7127635234724651,1
0,0,0.4528036305676225,1
1,0,0.06338942859842445,0
0,0,0.38996208421626216,1
1,0,0.28980166684625747,0
0,0,0.4466357832463634,1
0,1,0.512680712591989,1
0,0,0.31991976442640896,1
0,1,0.7400661807109533,1
0,1,0.5704635784581209,0
0,1,0.6461616435996936,1
1,0,0.4491996420329274,1
0,0,0.23604710660409792,0
1,1,0.7039876190046522,1
1,0,0.48378614440646556,1
1,0,0.4293844830346108,0
1,0,0.2978702688909309,1
0,0,0.336681486945212,1
0,1,0.9246479593150525,1
1,0,0.3390939453234619,0
0,0,0.16929291840203392,0
1,1,0.75005636409048,1
1,1,0.6585160323222302,1
1,1,0.7075623818410752,1
1,1,0.7311705002827199,1
1,0,0.26629819856010395,1
1,1,0.9544240062284405,1
