y_true,y_pred,y_prob,sensitive_features
1,1,0.9755355026030196,1
1,1,0.9987186361825622,0
1,1,0.9286040777607868,1
1,1,0.6659421693996238,1
1,0,0.4554007445178993,1
1,0,0.33214048994933143,1
1,1,0.5447848827395321,1
1,0,0.2318983242900116,1
1,1,0.7756062567703192,1
0,0,0.45277393742154565,0
0,0,0.22498817201453206,0
0,1,0.5251595084055767,1
1,0,0.04730513450480415,1
1,1,0.8594472575831412,1
0,1,0.8666751131809404,1
0,1,0.9861407284569014,1
1,1,0.5997814629218805,1
1,1,0.7961126113830712,1
0,0,0.2529732871811226,0
0,1,0.5001405270163823,1
1,0,0.03797502188161456,1
0,1,0.6810701127916048,1
1,1,0.75577058820916,0
0,1,0.7141050426088614,1
1,1,0.897451740177272,0
0,0,0.3230042768659563,1
0,0,0.4393930430861627,1
0,1,0.7994042885992887,1
0,0,0.32806221985757245,1
0,1,0.5647074548711213,0
0,1,0.9951072568526294,1
1,0,0.34712932435687366,1
0,0,0.29206992069030396,0
1,0,0.42418686368540753,1
1,1,0.7081315614049791,1
1,1,0.6442149896638423,0
1,0,0.44324578124782393,1
0,0,0.28548129231793395,1
0,1,0.9530495091674783,1
1,1,0.760613567569072,0
0,0,0.4200463211101944,0
1,0,0.4929702711805245,1
1,0,0.3187764809773886,1
1,1,0.6239494088391748,1
1,1,0.5181644378932155,1
1,1,0.6946813657292424,1
1,1,0.9775950325099713,1
