y_true,y_pred,y_prob,sensitive_features
0,0,0.338445712606688,0
1,1,0.5489728235648675,1
1,1,0.8375212411557595,1
1,1,0.7296231107011208,1
0,1,0.5407829491097013,1
1,1,0.9846846271547788,1
0,1,0.6714674882971979,1
0,0,0.22663582580571048,1
1,0,0.4458999319701961,1
0,1,0.6425552991469791,0
0,1,0.7320794374829713,1
0,1,0.7861735425607512,1
1,1,0.8465384510411317,1
1,1,0.820956336161661,1
1,0,0.07165820213954556,1
1,1,0.5908905399112654,1
0,1,0.6767641538631927,1
1,0,0.43785361168177217,1
0,0,0.1254218923879906,0
1,1,0.9819016401744651,1
0,0,0.12041168127702492,1
1,1,0.6091994169505767,0
0,0,0.07476524399850694,1
0,1,0.9554482544820854,1
1,1,0.5174253802283957,0
1,0,0.010488883511716812,1
0,1,0.9356291962735557,1
1,1,0.7416039104283603,1
1,1,0.9429214336930279,1
0,0,0.11711468534915247,0
0,0,0.2155373458119663,0
1,1,0.8982485139656444,1
1,1,0.9187544461137656,1
0,0,0.35263961439152525,1
0,1,0.7304335679017605,1
1,1,0.9223673686479437,1
0,0,0.36033008377360376,1
1,1,0.9675676273399727,1
1,0,0.11279166871036485,1
0,1,0.5190645504980047,0
1,1,0.5533747282729978,1
1,1,0.9557264905520129,0
1,1,0.9101515707734201,1
1,1,0.7447251266170433,1
1,1,0.986036054781903,1
1,1,0.9980518219737775,0
1,1,0.7255803837991529,0
