y_true,y_pred,y_prob,sensitive_features
1,1,0.7531300849073652,1
0,1,0.6897548052084027,1
1,1,0.7343535701264486,1
0,0,0.46382453119483813,0
1,0,0.39081752763915123,0
0,1,0.5055628716352534,0
1,1,0.6153260139732629,1
0,0,0.45940154659280086,1
0,1,0.7334673124001011,1
1,1,0.6908985516110581,1
1,1,0.8666614280335471,1
1,1,0.6786639935238479,1
1,1,0.6479133250741717,1
1,1,0.7164544559817333,1
1,1,0.781813817226007,1
1,1,0.5900825581763369,1
1,1,0.7054755081693297,1
0,1,0.6809388660908058,1
1,1,0.728745318197599,1
1,1,0.5416731883764945,1
1,1,0.7499710661925304,1
1,1,0.8582560616184419,1
0,1,0.5769564952661373,1
0,1,0.7569591995730804,1
0,0,0.4894723927998707,0
0,1,0.7454361523955998,1
1,0,0.4660013933814405,0
1,1,0.6886632720770254,1
0,1,0.7361253522552283,1
1,1,0.6065504811980204,0
1,1,0.771906095073411,1
0,0,0.42661391815442995,0
0,1,0.6574176235131488,1
1,1,0.75631019876404,1
0,0,0.27756856225511484,0
0,1,0.5135944654555712,1
1,1,0.6439462357245822,1
1,1,0.7510738665472454,1
0,1,0.7784130553820342,1
1,0,0.36585716195153073,0
1,1,0.7882605251466666,1
1,1,0.6468323769384287,0
1,0,0.452288109690686,1
0,1,0.7223047467992125,1
1,1,0.575766155401964,1
0,1,0.6455537212633116,1
0,0,0.2222535463013313,0
