y_true,y_pred,y_prob,sensitive_features
0,0,0.21361380789205087,0
1,0,0.44689980955840464,1
1,1,0.9339645762909712,1
1,1,0.8446816459993629,1
0,0,0.37683345083037423,1
1,1,0.991939135035483,1
0,1,0.6631943272819784,1
0,0,0.18680154985705097,1
1,0,0.34612363886621395,1
0,1,0.5855973066566107,0
0,1,0.6056869767571131,1
0,1,0.8257662351479226,1
1,1,0.6001218662252585,1
1,1,0.966497229535903,1
1,0,0.4298804873972567,1
1,1,0.6853800979991658,1
0,0,0.35625998881212484,1
1,0,0.25321995389061486,1
0,0,0.027942803451697685,0
1,1,0.8790059101123898,1
0,0,0.2319618761832582,1
1,0,0.3222761073977186,0
0,0,0.10392355957016564,1
0,1,0.974862911036581,1
1,0,0.15386991316420698,0
1,0,0.06330245951326847,1
0,1,0.980735152599257,1
1,1,0.6762375583622058,1
1,1,0.9405775564370011,1
0,0,0.15347555128859391,0
0,0,0.4095549558401578,0
1,1,0.5583903859995536,1
1,1,0.9479586720192348,1
0,0,0.3284565045419807,1
0,0,0.2269331419653312,1
1,1,0.6979942262902556,1
0,0,0.20161140595971933,1
1,1,0.8430374110012385,1
1,0,0.31975953083338926,1
0,0,0.24481196035515468,0
1,0,0.48369104441250216,1
1,1,0.8566410623970467,0
1,1,0.8205720419722045,1
1,1,0.7429449466563657,1
1,1,0.9781996149661755,1
1,1,0.9973148068389246,0
1,1,0.5058911893303024,0
