y_true,y_pred,y_prob,sensitive_features
0,1,0.5092461891361689,1
1,1,0.8434321092823135,1
0,0,0.06951188158661979,0
0,1,0.6437722980807732,1
1,1,0.9216403845408803,0
1,0,0.2640684465005744,1
1,1,0.8148445618014005,1
0,1,0.6075271778229829,1
1,1,0.9696994320240183,1
1,1,0.7405226666493537,1
1,1,0.9840634887992963,1
1,1,0.8701258823855552,1
1,1,0.817488267821333,1
1,1,0.7925762568812306,1
1,1,0.5801249778873936,0
0,1,0.6521689552064058,1
0,1,0.7895453400140479,0
0,1,0.522435165860336,1
1,1,0.592296051838539,0
1,1,0.6782968555890942,0
1,1,0.6601552643381365,0
0,0,0.36836619822671346,0
1,0,0.3888856084595228,1
1,1,0.7028050543967961,1
1,1,0.9832589004995957,1
0,0,0.2044592229331035,1
0,0,0.31014196175958014,0
1,0,0.3647083627302094,1
1,0,0.4645759003677212,1
1,1,0.8189511310496197,1
1,0,0.33591771968685397,1
0,1,0.5214707755937598,1
0,0,0.2750014391935254,0
0,1,0.924865116369535,1
1,1,0.5174443028154783,1
0,1,0.9906441662384137,1
1,0,0.2026723445572618,1
1,1,0.7929828559274142,1
0,1,0.9250470386971147,1
1,1,0.9683127150280031,1
0,0,0.28005664839576533,1
1,1,0.7723471176088177,1
1,1,0.9878933219372102,1
0,1,0.7649812826262385,1
1,1,0.6889394969509453,1
0,1,0.8752872800249076,1
0,0,0.22594299971693885,0
