y_true,y_pred,y_prob,sensitive_features
1,1,0.6569495565632081,1
0,1,0.762411225963877,1
1,1,0.6060876643343281,1
0,0,0.22303466645280604,0
1,1,0.5162603720470361,0
0,1,0.5323645666793086,0
1,0,0.14437728938978292,1
0,0,0.1886760645575032,1
0,1,0.8405588933480783,1
1,0,0.39501442969632083,1
1,1,0.961352044962127,1
1,1,0.8284358297897688,1
1,0,0.25704721263667896,1
1,1,0.7685581303275817,1
1,1,0.8752039065215084,1
1,0,0.25128248713127327,1
1,1,0.8775491955110326,1
0,1,0.6702642715023617,1
1,1,0.6484703892214776,1
1,0,0.35068345168716814,1
1,1,0.7655051091307978,1
1,1,0.8326399323927423,1
0,0,0.35018611385586446,1
0,1,0.792890426047709,1
0,0,0.43339180975906066,0
0,1,0.6699672622285002,1
1,1,0.8454751771364291,0
1,1,0.7810431752669497,1
0,1,0.8859144387565754,1
1,1,0.6442511154264909,0
1,1,0.910497546301126,1
0,1,0.7453992371793119,0
0,0,0.25677688324719566,1
1,1,0.6702541328513563,1
0,0,0.25229260772463297,0
0,0,0.3409602505178664,1
1,1,0.5835392416332265,1
1,1,0.7898897370534775,1
0,1,0.8784497270719894,1
1,0,0.17955967873922465,0
1,1,0.6013220947636498,1
1,1,0.8438732685965215,0
1,0,0.12416109981645106,1
0,1,0.8160554451419668,1
1,1,0.5378479403831713,1
0,1,0.556085977256348,1
0,0,0.32992733132824825,0
