y_true,y_pred,y_prob,sensitive_features
1.0,1.0,0.9740245238257139,1
1.0,1.0,0.9855680395061984,0
1.0,1.0,0.780006106754988,1
1.0,1.0,0.8607651580434709,1
1.0,1.0,0.6127757930936639,1
1.0,0.0,0.0939616334528302,1
1.0,1.0,0.6821523754474481,1
1.0,0.0,0.017351911196499935,1
1.0,1.0,0.9753247930514787,1
0.0,1.0,0.9000943353981824,0
0.0,0.0,0.44062213055762267,0
0.0,1.0,0.8108651147138722,1
1.0,0.0,0.2759796886891658,1
1.0,1.0,0.9101079446834544,1
0.0,1.0,0.886580825309231,1
0.0,1.0,0.9772427378814343,1
1.0,1.0,0.5070584761694221,1
1.0,1.0,0.8265656470666023,1
0.0,0.0,0.21021062849728342,0
0.0,0.0,0.2806076559399117,1
1.0,1.0,0.8958677264412397,1
0.0,1.0,0.8291091879167883,1
1.0,1.0,0.9887933796729884,0
0.0,1.0,0.83716906611047,1
1.0,1.0,0.9148318551927336,0
0.0,0.0,0.2862571324959891,1
0.0,1.0,0.6503846343920683,1
0.0,1.0,0.9702837662190137,1
0.0,0.0,0.20462753597542774,1
0.0,0.0,0.4287053984386676,0
0.0,1.0,0.9894234614575658,1
1.0,1.0,0.7026123758358683,1
0.0,0.0,0.3061540940803371,0
1.0,1.0,0.8190012392320326,1
1.0,0.0,0.40916156226161465,1
1.0,1.0,0.7705779167688683,0
1.0,0.0,0.2758940516039074,1
0.0,1.0,0.7478520866893019,1
0.0,1.0,0.8957994793464632,1
1.0,1.0,0.6020454149430702,0
0.0,0.0,0.49718357403599245,0
1.0,0.0,0.3875303157901522,1
1.0,1.0,0.9325595511277954,1
1.0,0.0,0.2454442875365434,1
1.0,1.0,0.755193551859322,1
1.0,1.0,0.9759507296352771,1
1.0,1.0,0.9934976270486156,1
