y_true,y_pred,y_prob,sensitive_features
0,0,0.48238171997792095,1
1,1,0.888974092451082,1
0,0,0.42730558166617894,0
0,1,0.6117310065985406,1
1,1,0.6458184079548712,0
1,1,0.5594495567923504,1
1,1,0.7678132393655649,1
0,1,0.6463106620923229,1
1,1,0.9267638720250988,1
1,1,0.8394093681206591,1
1,1,0.805419233719395,1
1,1,0.6730483868820503,1
1,1,0.8822437430565251,1
1,1,0.8558276435350991,1
1,0,0.48118132890519827,0
0,0,0.41866846284969583,1
0,0,0.46880427846442657,0
0,1,0.7233487800740668,1
1,1,0.8588148511855851,0
1,0,0.383316425496726,0
1,1,0.573886398738502,0
0,0,0.27347521327780544,0
1,1,0.7426875134379872,1
1,0,0.28326938945361835,1
1,1,0.9603776770342399,1
0,0,0.3387877486575366,1
0,0,0.38412407876435906,0
1,0,0.34426793606967615,1
1,1,0.8597633479987254,1
1,1,0.523604103117542,1
1,1,0.5391171244199887,1
0,1,0.7011779309376851,1
0,0,0.27870720167645513,0
0,1,0.9302608607868704,1
1,1,0.5623533427782282,1
0,1,0.949095533376708,1
1,0,0.26999668086167583,1
1,1,0.6032444208404883,1
0,1,0.8345155560339508,1
1,1,0.7865610687777255,1
0,1,0.5009686949022681,1
1,1,0.9236271865863676,1
1,1,0.9082237801307478,1
0,0,0.41308107787594095,1
1,0,0.2761325034759886,1
0,1,0.6302544131121193,1
0,0,0.11919590822597903,0
