y_true,y_pred,y_prob,sensitive_features
0,1,0.7850944077975945,1
1,1,0.8226248631794227,1
1,1,0.5572271361858208,1
1,1,0.6624803587861697,1
1,1,0.8280526719701438,1
0,1,0.559453982231534,1
1,1,0.7716604784758925,0
1,1,0.6518606675868729,0
0,1,0.7467222991790127,1
0,0,0.5102475913982072,0
0,0,0.5389333504974779,0
1,1,0.6931984131103438,1
0,1,0.7794328999084891,1
0,1,0.728610884071357,1
0,1,0.5747410327427875,1
1,1,0.7834037658893579,1
1,1,0.8800163099393707,1
0,1,0.7129815686188553,1
1,0,0.518840502166199,1
1,1,0.6899750658287377,1
0,1,0.780012211903436,1
0,1,0.6408475503602246,0
1,0,0.4282508802702996,1
1,1,0.7056904570602889,1
1,1,0.6993138938627605,1
0,1,0.7958873323680805,1
0,0,0.5143530643119733,1
1,0,0.453005941460251,1
1,1,0.8223391801128167,1
1,1,0.711713236589911,1
1,1,0.717996900364995,1
1,1,0.6781803252355527,1
0,1,0.715673023215559,0
1,1,0.7283515851289585,1
1,0,0.5279492863712777,1
0,0,0.37119709149581515,0
1,0,0.4410461463741642,1
1,0,0.5204006726837374,0
0,1,0.848253329314102,1
0,1,0.5569951483485137,0
0,1,0.7894201707235818,1
1,1,0.7738280165394442,1
0,1,0.76557195852434,1
1,1,0.6650099648933658,0
1,1,0.6732759600304565,1
1,1,0.6893843499922202,1
1,1,0.7248276132081717,0
