y_true,y_pred,y_prob,sensitive_features
1,1,0.7617207379995047,1
0,0,0.4356335465704477,1
1,1,0.6584770307226593,1
0,0,0.18420113781217518,0
1,1,0.6712251830433048,0
0,0,0.022709150652030698,0
1,0,0.38358200510025914,1
0,0,0.24311452915043796,1
0,0,0.317095863854108,1
1,1,0.56007321739023,1
1,1,0.8823179110357683,1
1,1,0.8112121519841491,1
1,1,0.5742716098175312,1
1,1,0.9583919736968312,1
1,0,0.40174715823255847,1
1,0,0.3467878640915064,1
1,1,0.8871227610332513,1
0,1,0.6258351058213937,1
1,1,0.9252590972514676,1
1,0,0.3892022978812463,1
1,1,0.6949948949334744,1
1,1,0.9985548953280943,1
0,0,0.24893482288891244,1
0,1,0.9149445124184312,1
0,1,0.5604289258214546,0
0,1,0.9203347458262378,1
1,0,0.16247490173522622,0
1,1,0.9251477435487311,1
0,1,0.8739404960661408,1
1,1,0.7827923498405185,0
1,1,0.843282423570637,1
0,1,0.5654572606366433,0
0,1,0.7661695497815576,1
1,1,0.8243464611533433,1
0,0,0.2703784552312574,0
0,1,0.8600034767410633,1
1,0,0.3984734176865712,1
1,1,0.9454373719560546,1
0,1,0.9254322735778049,1
1,0,0.3916415552734013,0
1,1,0.9258586548423547,1
1,1,0.9419943559308477,0
1,1,0.5817444509968219,1
0,1,0.9525980076355908,1
1,0,0.4450348933347683,1
0,1,0.6482427131785707,1
0,0,0.1167953893483465,0
