y_true,y_pred,y_prob,sensitive_features
0,1,0.8018222420618646,1
1,1,0.8324736143464613,1
1,1,0.5616242875327597,1
1,1,0.8608049616849865,1
1,1,0.8480211002969548,1
0,1,0.5845152274424252,1
1,1,0.9441262801618973,0
1,1,0.591542862720625,0
0,1,0.7097533792957879,1
0,1,0.5493747511601941,0
0,0,0.35413310833894207,0
1,1,0.9139945270429106,1
0,1,0.7819950254917175,1
0,1,0.7520439617342238,1
0,0,0.23299275408714712,1
1,1,0.8673549072346262,1
1,1,0.936495926546166,1
0,0,0.33441749427905876,1
1,1,0.5131999342607604,1
1,1,0.543846131443612,1
0,1,0.7498109999025535,1
0,0,0.37627816501909,0
1,0,0.1795440097007603,1
1,1,0.6856709995385043,1
1,1,0.6552522482085635,1
0,1,0.7894373072145907,1
0,0,0.43083377278604157,1
1,0,0.1609013338709784,1
1,1,0.9638832574672002,1
1,1,0.7909586095318379,1
1,1,0.9505633565529431,1
1,1,0.5112015147508452,1
0,1,0.8455649779288359,0
1,1,0.5199904347394532,1
1,0,0.3108606854548792,1
0,0,0.24136146614859588,0
1,0,0.21435827257743167,1
1,1,0.6462858339261034,0
0,1,0.7720683838671478,1
0,0,0.21435605419165568,0
0,1,0.8610913477948904,1
1,1,0.9062450065335016,1
0,1,0.7279009204752211,1
1,1,0.8809061148414981,0
1,1,0.6213085470469641,1
1,1,0.8584981457931851,1
1,1,0.7558449869706756,0
