y_true,y_pred,y_prob,sensitive_features
1,1,0.8234803194282804,1
1,1,0.7591362621495967,0
1,1,0.7667678954301124,1
1,1,0.5883465912926552,1
1,1,0.6548169191514005,1
1,0,0.3673112739592535,1
1,1,0.7272188443964052,1
1,0,0.44329360049678607,1
1,1,0.5951899862149547,1
0,0,0.46345600450757884,0
0,1,0.5472833064776161,0
0,1,0.5178109570780494,1
1,0,0.3355401462791037,1
1,1,0.6531413371146859,1
0,1,0.7760137873989265,1
0,1,0.7369051079985041,1
1,1,0.6047127797839996,1
1,1,0.6518398391174677,1
0,0,0.3793125512059238,0
0,1,0.6643368663750074,1
1,0,0.37879065572802656,1
0,1,0.748113532228628,1
1,1,0.8130191574221999,0
0,1,0.5342372774233128,1
1,1,0.788264313531219,0
0,0,0.4365418977458257,1
0,1,0.6323521807929089,1
0,1,0.6813016470841435,1
0,0,0.49851658830197165,1
0,1,0.652229479015672,0
0,1,0.8136365020390365,1
1,0,0.453901351981525,1
0,0,0.4263589423522438,0
1,1,0.6109290710650845,1
1,1,0.6577689233831668,1
1,1,0.5498580074292179,0
1,1,0.6427785837598422,1
0,0,0.39084192441081506,1
0,1,0.7788733922288773,1
1,1,0.6966707033471354,0
0,1,0.5107142996970504,0
1,1,0.5919274099595287,1
1,1,0.6458805842896204,1
1,1,0.5983714543804683,1
1,1,0.6871065406341691,1
1,1,0.7246574856163628,1
1,0,0.4590090908074311,1
