y_true,y_pred,y_prob,sensitive_features
0,1,0.5238520861603329,1
1,1,0.8740295227594349,1
0,0,0.3328643802631927,0
0,0,0.4096732088215075,1
1,1,0.9092631128864449,0
1,0,0.3702036041958986,1
1,1,0.9789469809238698,1
0,1,0.5575885969380568,1
1,1,0.9745908469917477,1
1,1,0.830180152155047,1
1,1,0.9604904964821641,1
1,1,0.9358151838238897,1
1,1,0.8321327206875996,1
1,1,0.8065144003326659,1
1,1,0.5849064301826948,0
0,1,0.8528762024223066,1
0,1,0.837483419272413,0
0,1,0.8843289969013668,1
1,1,0.9010535187041606,0
1,1,0.856818227556115,0
1,1,0.6719380399879898,0
0,0,0.4335427301170317,0
1,1,0.7401855853980597,1
1,1,0.8167788726880764,1
1,1,0.9991950587236446,1
0,0,0.3033237721171228,1
0,0,0.34379693692636704,0
1,1,0.522518857601637,1
1,1,0.9072682721495516,1
1,1,0.6924606491695723,1
1,0,0.2946912721676407,1
0,0,0.41754798953430855,1
0,0,0.21733766021003625,0
0,1,0.9737817274681498,1
1,1,0.6283793684874969,1
0,1,0.9635579738986034,1
1,0,0.24087721519566024,1
1,0,0.3596516351005814,1
0,1,0.9735293807465341,1
1,1,0.922656527095765,1
0,1,0.6158763553860326,1
1,1,0.9068605813858794,1
1,1,0.9121437694790479,1
0,1,0.771413352571907,1
1,1,0.6257522929206439,1
0,0,0.48926955906347663,1
0,0,0.06435110392079128,0
