y_true,y_pred,y_prob,sensitive_features
1,1,0.9187125786921332,1
1,1,0.7182984126536692,0
1,1,0.8147669106038724,1
1,1,0.6164497207738439,1
1,1,0.7881863036966431,1
1,0,0.46373609758177314,1
1,1,0.8185064987064894,1
1,0,0.48738962241898237,1
1,1,0.7144328495248381,1
0,1,0.6940255451581515,0
0,0,0.34459877091924085,0
0,1,0.6213511236886408,1
1,1,0.5845205395598241,1
1,1,0.6800613577564523,1
0,1,0.6250332944461279,1
0,1,0.7742757534377918,1
1,1,0.8029697188351527,1
1,1,0.7955041304698814,1
0,0,0.24510624974405676,0
0,1,0.7049402205272246,1
1,0,0.26856281052081166,1
0,1,0.7365447006994084,1
1,1,0.5294348419261,0
0,1,0.5886981077756479,1
1,1,0.7387771697367899,0
0,0,0.3760424350526193,1
0,1,0.6475265907528308,1
0,1,0.657845877577429,1
0,1,0.6240311560570867,1
0,1,0.698514129173925,0
0,1,0.6522508471620639,1
1,0,0.26823592279532826,1
0,0,0.29917758466841055,0
1,1,0.7434871012039909,1
1,1,0.5998147001791939,1
1,0,0.47707090581634004,0
1,0,0.45766574270125526,1
0,1,0.5,1
0,1,0.8655072311758395,1
1,1,0.5,0
0,0,0.25789131779022273,0
1,0,0.4615276733945971,1
1,1,0.6227742788277635,1
1,1,0.5807787067829063,1
1,1,0.7962437747201028,1
1,1,0.5909544275175335,1
1,1,0.7822342757831324,1
