y_true,y_pred,y_prob,sensitive_features
0,1,0.4043242265555924,0
1,0,0.3548262746229708,1
1,1,0.565993796724076,1
1,0,0.22236646415118827,1
0,1,0.5463365721745317,1
1,1,0.5573213182027831,1
0,1,0.6762946500669585,1
0,1,0.4217527113747944,1
1,1,0.6822077073435304,1
0,1,0.48140584425035543,0
0,1,0.8512602412196473,1
0,1,0.9274859357131862,1
1,1,0.6214114200540266,1
1,1,0.5,1
1,1,0.61901689755587,1
1,1,0.7181082627548497,1
0,1,0.5770601339787008,1
1,1,0.5245043829089595,1
0,1,0.6218049722892602,0
1,1,0.9116598416669536,1
0,1,0.5304976002430647,1
1,1,0.9149900750696156,0
0,1,0.6002240551494241,1
0,1,0.5972482238775513,1
1,1,0.5889140809204313,0
1,1,0.7922292684237456,1
0,1,0.928076458495718,1
1,0,0.1171251022792445,1
1,1,0.5433644798981314,1
0,0,0.15261711502002825,0
0,1,0.7503745590381449,0
1,1,0.8436029371643631,1
1,1,0.8172226040608281,1
0,1,0.635641497294378,1
0,1,0.8783397968198262,1
1,0,0.23594638755296837,1
0,1,0.6900202897242413,1
1,1,0.437110654837772,1
1,0,0.11020767368337663,1
0,1,0.590269168761033,0
1,1,0.4687523834219658,1
1,1,0.7036477691332919,0
1,0,0.32796735825703544,1
1,0,0.07158202275086455,1
1,1,0.9004516632868172,1
1,1,0.8913848428862434,0
1,1,0.7657708685297323,0
