y_true,y_pred,y_prob,sensitive_features
1.0,0.0,0.3366697555471933,1
0.0,1.0,0.8976075506142751,1
1.0,1.0,0.6502162662741802,1
0.0,0.0,0.33250817503600893,0
1.0,1.0,0.7049068915510797,0
0.0,0.0,0.1290882894949993,0
1.0,0.0,0.09315792925726257,1
0.0,1.0,0.9208258277205158,1
0.0,1.0,0.7250012626444292,1
1.0,1.0,0.501237361601196,1
1.0,1.0,0.9555549472336834,1
1.0,0.0,0.30385389099231486,1
1.0,1.0,0.8150468690017078,1
1.0,1.0,0.9529752469415583,1
1.0,0.0,0.4793616992097946,1
1.0,1.0,0.6744062728399556,1
1.0,1.0,0.9381342877168796,1
0.0,0.0,0.03769911410325867,1
1.0,1.0,0.9853387185434221,1
1.0,0.0,0.37563081239210655,1
1.0,1.0,0.8785137724221481,1
1.0,1.0,0.9841070640087222,1
0.0,1.0,0.7371620670203735,1
0.0,1.0,0.9688851909895706,1
0.0,1.0,0.8989904832489616,0
0.0,0.0,0.37677532712176404,1
1.0,0.0,0.30741851406760606,0
1.0,1.0,0.9848085668673242,1
0.0,1.0,0.7956471770540825,1
1.0,1.0,0.9128287980131577,0
1.0,1.0,0.9881902781995233,1
0.0,0.0,0.32533068515889724,0
0.0,1.0,0.9692925186959185,1
1.0,1.0,0.702702213265747,1
0.0,0.0,0.43281422818393206,0
0.0,1.0,0.9622274074909031,1
1.0,1.0,0.9662546020208311,1
1.0,1.0,0.9173797415077956,1
0.0,1.0,0.8278038671921721,1
1.0,1.0,0.5416031498573468,0
1.0,1.0,0.6431914730928544,1
1.0,1.0,0.9788918109815159,0
1.0,1.0,0.6188482115241308,1
0.0,1.0,0.8099309916321572,1
1.0,1.0,0.9205897685014147,1
0.0,0.0,0.25142366049214726,1
0.0,1.0,0.701670195384064,0
