y_true,y_pred,y_prob,sensitive_features
0,1,0.6321012799109117,1
1,0,0.42787400047961466,1
1,1,0.6010005638218398,1
1,1,0.8756939598344395,1
1,1,0.8103083788663948,1
0,1,0.5090267396622277,1
1,1,0.531395503978155,0
1,0,0.23041064156606236,0
0,0,0.2827592877720841,1
0,1,0.7667994687842921,0
0,1,0.6642494844388698,0
1,1,0.9674961035300975,1
0,1,0.7255556840530533,1
0,1,0.667573471388375,1
0,1,0.6076146408646573,1
1,1,0.8058102700541929,1
1,1,0.6885040675119688,1
0,1,0.5576576916045196,1
1,1,0.6027264819536569,1
1,1,0.5312175489515788,1
0,1,0.6992728037366025,1
0,1,0.5359818621964372,0
1,1,0.6212745593554517,1
1,1,0.7023523206698393,1
1,1,0.863856509981935,1
0,1,0.7527272276544835,1
0,1,0.519290304884596,1
1,0,0.41987358902362826,1
1,1,0.6495953539156964,1
1,0,0.48688849697444025,1
1,0,0.23552851879387254,1
1,0,0.4629002878916789,1
0,1,0.9163072128202309,0
1,1,0.6751200988054091,1
1,1,0.7110557778544071,1
0,0,0.3068217815895739,0
1,0,0.3068471468814255,1
1,0,0.41465386836093115,0
0,1,0.714191053671808,1
0,0,0.12363622486271884,0
0,1,0.8239002868019741,1
1,0,0.49221746186506266,1
0,1,0.5530397637683871,1
1,1,0.7658403066646918,0
1,1,0.6512322559170322,1
1,1,0.6761322009298651,1
1,0,0.43922205636412137,0
