y_true,y_pred,y_prob,sensitive_features
0,1,0.7677072098549139,1
0,0,0.37466575309061967,0
1,1,0.5485772455489316,1
0,1,0.8677715229723433,1
1,1,0.6143806750036814,0
0,0,0.3706166910377901,0
0,1,0.7843473072414291,1
0,0,0.46781532776578394,1
1,1,0.8425577828055912,1
0,1,0.8757620123866933,1
0,0,0.18495606720152333,0
1,0,0.3109323097531657,1
1,1,0.8845549339410371,1
0,0,0.493120691180009,1
1,1,0.8077023951364121,1
0,1,0.6464183796332097,1
0,1,0.6440113770518666,1
0,1,0.7770297296769526,1
1,1,0.583821977011991,1
1,1,0.8011750892581422,1
0,0,0.419397188222691,1
1,1,0.7691173600449531,1
1,1,0.6750735493477459,1
1,1,0.6085589909245456,1
1,1,0.6511271909717261,1
0,1,0.822928203062241,1
1,1,0.7277108092297047,1
1,1,0.791986354794039,1
0,1,0.7186144793685785,1
1,0,0.4141201004568254,0
1,0,0.3232477332011738,0
1,1,0.8165972057683049,1
0,0,0.30770055435387994,0
1,1,0.7548458167411785,0
1,1,0.648277909867075,1
1,1,0.8672551533978585,0
1,1,0.7441286698628685,1
1,1,0.5556657255203064,1
1,1,0.7743144600174066,1
0,1,0.6091594416679271,0
1,1,0.8460048099552782,1
1,1,0.7005890798899391,1
1,0,0.5,1
1,1,0.7078116260423984,1
0,1,0.5632138443901676,1
0,0,0.3879313603035818,0
1,1,0.6675651013591549,1
