y_true,y_pred,y_prob,sensitive_features
0,0,0.3048198629236286,1
0,0,0.10704149680570169,0
1,0,0.38702650531030197,1
0,1,0.7116929597294933,1
1,0,0.4118682719540815,0
0,0,0.41304613972036547,0
0,1,0.8860730221235095,1
0,1,0.7042919105435717,1
1,1,0.505497915600995,1
0,1,0.8675477704019923,1
0,0,0.3068219078835825,0
1,0,0.4170468678250978,1
1,1,0.9677549537169575,1
0,1,0.7322412590294022,1
1,1,0.62010666670036,1
0,0,0.21107774609820124,1
0,1,0.5966007116018472,1
0,0,0.3847243437235311,1
1,0,0.1469939295927495,1
1,1,0.7912431004381312,1
0,0,0.4413004085061114,1
1,1,0.8606166869040812,1
1,0,0.42513540782484194,1
1,1,0.8896367716010616,1
1,0,0.3389030794602237,1
0,1,0.8342230053120966,1
1,1,0.6453663247676282,1
1,1,0.9186970861999223,1
0,0,0.32802844350251387,1
1,0,0.34883912565185526,0
1,0,0.42484538093332314,0
1,1,0.9043623290078127,1
0,0,0.4365083173810217,0
1,1,0.810141684510918,0
1,1,0.5498509233314447,1
1,1,0.9943675105359672,0
1,0,0.4888949021175676,1
1,1,0.6810637576858054,1
1,1,0.6901375668361126,1
0,1,0.8678395181251254,0
1,1,0.9449161006477894,1
1,1,0.6287919832895514,1
1,0,0.27024862689942375,1
1,0,0.12434932294320337,1
0,1,0.5247861526153511,1
0,1,0.5264242914146833,0
1,1,0.6624149838098775,1
