y_true,y_pred,y_prob,sensitive_features
1,0,0.2920511073270969,1
0,1,0.6169643379726932,1
1,1,0.5599940896130718,1
0,0,0.2428256939522069,0
1,0,0.2821270721009087,0
0,0,0.3247509110435424,0
1,0,0.33289086173570515,1
0,0,0.24356200070952957,1
0,0,0.45593468522073416,1
1,0,0.4000871439761247,1
1,1,0.849254283633333,1
1,0,0.3482621742547618,1
1,0,0.3912883963501421,1
1,1,0.5658065517701759,1
1,1,0.578696690914444,1
1,0,0.4563612648433393,1
1,0,0.46111974024843627,1
0,1,0.971911978382605,1
1,1,0.7952553908033478,1
1,0,0.39804463746134827,1
1,1,0.8747429603384749,1
1,1,0.9227832951101881,1
0,1,0.5286307546186755,1
0,1,0.6899108536057535,1
0,0,0.4668564155387176,0
0,1,0.6051173982787106,1
1,0,0.38017908829765074,0
1,0,0.3974054556581133,1
0,1,0.8752935375633201,1
1,1,0.6986661922198745,0
1,0,0.4798245045795047,1
0,0,0.32282107589554987,0
0,0,0.4078133389535701,1
1,1,0.7072130104929127,1
0,0,0.2770582650852303,0
0,1,0.560883880420838,1
1,1,0.6004210175483183,1
1,1,0.6985252148512767,1
0,1,0.6904249828028177,1
1,0,0.3011341973695738,0
1,1,0.7116199299011455,1
1,1,0.7019059761524172,0
1,0,0.4188559521868995,1
0,1,0.7976027678035212,1
1,0,0.44599530866103754,1
0,0,0.3745934195794708,1
0,0,0.22654985817040144,0
