y_true,y_pred,y_prob,sensitive_features
0,1,0.5795991745362288,0
1,0,0.3576328862027898,1
1,1,0.729452942825223,1
1,0,0.3685067922561816,1
0,0,0.4730186390243516,1
1,1,0.9459111970445376,1
0,1,0.8531658364915367,1
0,0,0.2397735227071896,1
1,0,0.21832212881951402,1
0,1,0.6865092238819934,0
0,0,0.3506200841077014,1
0,1,0.5649975965070576,1
1,1,0.8352022253775926,1
1,1,0.6795150771280476,1
1,1,0.6768004968180007,1
1,1,0.8114177657515863,1
0,0,0.46345573923834643,1
1,1,0.5877951708871855,1
0,0,0.1300358336756514,0
1,1,0.9736845623524052,1
0,0,0.19941985288835704,1
1,1,0.5926743754052528,0
0,0,0.42590055013635986,1
0,1,0.533364096807359,1
1,1,0.663227993064697,0
1,1,0.5114268073293756,1
0,1,0.9526149151907731,1
1,0,0.06386863998917575,1
1,1,0.6432801299904236,1
0,0,0.37013237211557404,0
0,0,0.3965329504840979,0
1,1,0.9557534122794844,1
1,1,0.9250771984227504,1
0,0,0.3969878345847805,1
0,1,0.6609336922342376,1
1,0,0.27052209960957657,1
0,0,0.30524404670563626,1
1,0,0.3149530142223246,1
1,0,0.4206223969832526,1
0,0,0.3927602422058844,0
1,1,0.6771127351240899,1
1,0,0.3626107354328769,0
1,0,0.30111820913975007,1
1,0,0.2736316740229275,1
1,1,0.979044700629781,1
1,1,0.994807192580526,0
1,1,0.7640080277310465,0
