y_true,y_pred,y_prob,sensitive_features
0,1,0.8756338692953735,0
1,1,0.9455858775902678,1
0,0,0.07439311922934666,0
1,1,0.9279049984309777,1
1,1,0.8687389996795031,1
1,1,0.6837872261645314,1
1,1,0.6326610212891692,1
1,1,0.989182545532357,1
1,1,0.9644425031576184,1
0,1,0.5579836350749895,1
0,1,0.8754633436942408,1
0,0,0.16696633891995527,1
0,1,0.7493246015039656,0
1,1,0.7469310617096901,1
0,1,0.8751868506053837,1
1,1,0.9330536430119821,0
0,0,0.2128662513075031,1
1,1,0.9673820395250603,1
1,0,0.3363229801688363,0
1,1,0.9668398595102762,1
0,0,0.4025704810886476,0
0,0,0.2488182890982488,0
0,1,0.982350024963703,1
1,1,0.5090142440807248,1
1,1,0.9586111510831564,1
1,1,0.572461861954112,0
0,0,0.2812765142690029,1
0,1,0.9157820412777775,1
1,1,0.8994676087511179,1
0,1,0.945441773664917,1
1,1,0.9964787255455004,0
1,0,0.4062462767660104,1
1,1,0.8630463715331493,1
1,1,0.9873116782830028,1
0,1,0.6338618886372251,0
0,1,0.7401027460995019,1
0,1,0.9648335588364726,1
1,1,0.9885642080427354,0
1,1,0.5329963087180489,1
1,1,0.8832811822294877,1
1,1,0.5894271472944328,1
1,1,0.8201266646285122,1
1,0,0.005740075520901145,1
0,1,0.766080891878786,1
0,1,0.9961911316926686,1
1,1,0.7718249131482752,1
1,1,0.9974713456121507,1
