y_true,y_pred,y_prob,sensitive_features
0,1,0.6412622305005252,0
1,1,0.6513471656949322,1
0,1,0.5298143115607576,0
1,1,0.6112302433857737,1
1,0,0.47408525187462286,1
1,1,0.7245871593619049,1
1,1,0.701542319280794,1
1,1,0.8777544340544511,1
1,1,0.7077038690138112,1
0,1,0.5774992570470985,1
0,1,0.719321168439675,1
0,1,0.5676917829272182,1
0,1,0.604413326146433,0
1,1,0.5596698161860688,1
0,1,0.7047874397998627,1
1,1,0.6877325559611023,0
0,1,0.6141820016064377,1
1,1,0.6827604817076678,1
1,0,0.48348577422948075,0
1,1,0.6797495089931653,1
0,1,0.5455378135186972,0
0,0,0.42152528050684607,0
0,1,0.6713655221496095,1
1,1,0.6278603490089741,1
1,1,0.661271535651878,1
1,0,0.511819426176184,0
0,0,0.4456564268995851,1
0,1,0.682829324253506,1
1,1,0.799427731399846,1
0,1,0.7582403350921206,1
1,1,0.697555401732676,0
1,1,0.5354865207199715,1
1,1,0.6570703385026874,1
1,1,0.7256578382574635,1
0,1,0.6646007223626563,0
0,1,0.6796413902727252,1
0,1,0.7871688610902382,1
1,1,0.7859077563617693,0
1,0,0.516721567386156,1
1,1,0.5475274272092892,1
1,1,0.5958844213569315,1
1,1,0.6929368833714742,1
1,0,0.2974362714268965,1
0,0,0.4442851952693081,1
0,1,0.8002035982421507,1
1,1,0.5847528604737092,1
1,1,0.6904224963718412,1
