y_true,y_pred,y_prob,sensitive_features
0,1,0.5866982332968429,1
0,0,0.0325010585310775,0
1,0,0.3095112585316839,1
0,1,0.7653157261733067,1
1,1,0.9072542939355407,0
0,0,0.26180481527835264,0
0,0,0.19564198217539017,1
0,0,0.4508561080356535,1
1,1,0.914752144016216,1
0,1,0.9471495813707077,1
0,1,0.644452553566444,0
1,0,0.13314699137675257,1
1,1,0.8092681338144428,1
0,0,0.28806930035404416,1
1,1,0.7034112055124684,1
0,0,0.2790622431924951,1
0,1,0.5740743561941992,1
0,0,0.11003499890101133,1
1,0,0.08716913019010845,1
1,1,0.8138572702849077,1
0,0,0.18511962090434084,1
1,1,0.9574349410437967,1
1,0,0.17648694338846527,1
1,1,0.7909232880945603,1
1,1,0.5108756847458223,1
0,1,0.9871883460627444,1
1,1,0.873500556709308,1
1,1,0.9820911624179514,1
0,1,0.7696433240117587,1
1,1,0.7173856787650388,0
1,1,0.567723934362755,0
1,1,0.9918084141723107,1
0,0,0.3828780594310001,0
1,1,0.663370205067411,0
1,1,0.6691044414774502,1
1,1,0.9877348569857777,0
1,1,0.5960454947619168,1
1,1,0.9023600207827664,1
1,1,0.7041801589497825,1
0,1,0.7302765777779882,0
1,1,0.914992471244667,1
1,1,0.8909058806289829,1
1,0,0.25769143330638,1
1,1,0.5343610526743701,1
0,1,0.521953344965266,1
0,0,0.4208499955482731,0
1,1,0.9673740659611744,1
