y_true,y_pred,y_prob,sensitive_features
1,1,0.6291905609812942,1
1,1,0.9880115553105032,0
0,1,0.5318836316471723,1
0,1,0.5515782695946102,1
0,0,0.40604108418540047,0
1,1,0.7653634979011466,1
0,1,0.5357240330723813,1
0,0,0.4874669686414143,1
1,1,0.7665177224997697,1
1,0,0.3748960772178063,1
0,1,0.737310853735243,1
1,1,0.8319151112390953,1
1,1,0.5920455947203189,1
1,1,0.7038502788477371,0
1,1,0.5437437091065153,0
0,0,0.44367208362035204,1
1,1,0.6799508850655477,1
0,1,0.6552919485101658,1
1,1,0.575231489399122,1
1,1,0.6876950794284844,1
1,1,0.5900972536729784,1
0,0,0.32950255974607556,0
0,1,0.5212652984051597,1
1,0,0.4609469673207691,0
0,1,0.6232858425907354,1
0,1,0.6342373046915056,1
1,1,0.591483465658287,1
0,1,0.5008210402382777,0
1,1,0.5584603701936376,1
1,1,0.5492911563049354,1
1,1,0.5048131927484051,1
1,1,0.6341962825145179,0
1,1,0.581691764144823,1
0,1,0.6333524603264175,1
1,1,0.5420645627752195,1
1,1,0.5555135820554491,1
0,0,0.4814444454831566,1
0,1,0.7103254120827591,0
0,0,0.43657012427809466,0
1,0,0.4825274206020868,1
1,1,0.8603462648259496,1
1,1,0.6092628190707414,1
1,0,0.465012654427313,1
1,0,0.46338130342984646,1
0,0,0.49739298064246124,1
1,1,0.7499167902890145,1
0,1,0.5304476608971693,0
