y_true,y_pred,y_prob,sensitive_features
0,1,0.571955824879095,1
0,0,0.4208473121247081,0
1,0,0.4446194352415334,1
0,1,0.6260819003172975,1
1,1,0.6544826092773722,0
0,0,0.42241418332661135,0
0,1,0.5555881248911875,1
0,0,0.35459571299237336,1
1,1,0.6155691473992445,1
0,1,0.7302992145686208,1
0,0,0.47812760844443836,0
1,0,0.3081438358842971,1
1,1,0.6676230708726686,1
0,0,0.3902154913384046,1
1,1,0.5119901995315013,1
0,0,0.4699288684670874,1
0,0,0.4403202472775908,1
0,1,0.5387901156087698,1
1,0,0.3946364571942317,1
1,1,0.6104810552087845,1
0,0,0.345166780329335,1
1,1,0.5707467704959677,1
1,0,0.3525531106501713,1
1,0,0.4902582681998148,1
1,0,0.46528942519408717,1
0,1,0.5785143796049972,1
1,1,0.5569135904414028,1
1,1,0.6381835705867346,1
0,0,0.4366116017201435,1
1,1,0.5335385102683762,0
1,0,0.48573958239693166,0
1,1,0.577098297570661,1
0,1,0.5686276491635621,0
1,1,0.7052528695385862,0
1,0,0.48908353896035295,1
1,1,0.638984903555772,0
1,1,0.5366537807282207,1
1,0,0.46318215466745405,1
1,1,0.5712167176842083,1
0,1,0.5564780063112699,0
1,1,0.6011493850830418,1
1,0,0.4147093862651776,1
1,0,0.3934780974199554,1
1,1,0.5113694129416239,1
0,0,0.4099794785041461,1
0,0,0.5072042699637146,0
1,1,0.5887532725672541,1
