y_true,y_pred,y_prob,sensitive_features
0,1,0.9689422383400262,1
1,1,0.6839359452746475,1
1,1,0.7322492713330936,1
1,1,0.9899464702561761,1
1,1,0.9747737141235353,1
0,0,0.44356591274856216,1
1,1,0.8863887543009195,0
1,1,0.9851259172249741,0
0,0,0.37885403003938767,1
0,0,0.02558355687763148,0
0,1,0.9804377612390535,0
1,1,0.9955823466189754,1
0,1,0.9113088763881925,1
0,0,0.4700667906162388,1
0,0,0.38613582902103855,1
1,1,0.9536873206884372,1
1,1,0.9945176621843125,1
0,1,0.9719775067886754,1
1,0,0.4236595280139705,1
1,1,0.6037677725577986,1
0,1,0.9676541200137739,1
0,0,0.27288222282941416,0
1,1,0.7876410690216777,1
1,1,0.6096976922782198,1
1,0,0.07219988811457553,1
0,1,0.9515820833132365,1
0,0,0.036573586632489115,1
1,1,0.7536604925921327,1
1,1,0.9192331983175822,1
1,0,0.14697939676339825,1
1,1,0.9867938053117713,1
1,1,0.9401007781712787,1
0,1,0.534268515931241,0
1,1,0.9830942535815523,1
1,0,0.0760511103467194,1
0,0,0.05367060852147728,0
1,0,0.1845685676441429,1
1,0,0.23726782547020858,0
0,1,0.97937517580965,1
0,0,0.0869534882695799,0
0,1,0.5365069962429946,1
1,1,0.9599681811922463,1
0,1,0.8798245912547605,1
1,1,0.9798165018153197,0
1,1,0.7521439212987732,1
1,1,0.9704068570597371,1
1,1,0.8153857307599656,0
