y_true,y_pred,y_prob,sensitive_features
1,1,0.9824946772543404,1
1,1,0.9879293426933254,0
1,1,0.921574833511356,1
1,1,0.9529034836355668,1
1,1,0.8951839938631613,1
1,0,0.10676610995502862,1
1,1,0.9350053129239589,1
1,0,0.3892514718689644,1
1,1,0.9803030444718417,1
0,0,0.3872617357000132,0
0,0,0.10481744170392769,0
0,1,0.837926691309635,1
1,0,0.26933794257399385,1
1,1,0.8771618249725792,1
0,0,0.2912742443090185,1
0,1,0.9886222412322554,1
1,1,0.8497861632518486,1
1,1,0.8579041993939666,1
0,0,0.07033058278076533,0
0,0,0.25498450572487635,1
1,0,0.10585618050178737,1
0,1,0.9635381748707729,1
1,1,0.8683599975427284,0
0,1,0.532338156568037,1
1,1,0.9223042859545791,0
0,0,0.4118491030151351,1
0,1,0.7607454547037159,1
0,0,0.32409409692818053,1
0,0,0.2797275944244116,1
0,1,0.7310834179365191,0
0,1,0.9388477717090042,1
1,0,0.1977890652525172,1
0,1,0.787460493599216,0
1,1,0.5388238227756723,1
1,1,0.8653349346512678,1
1,0,0.08313361949835366,0
1,1,0.8237755155040494,1
0,1,0.5391548337925725,1
0,1,0.9798254802840826,1
1,1,0.6768483740088161,0
0,0,0.05187557342358376,0
1,0,0.41993493284442923,1
1,1,0.5424844101677574,1
1,0,0.11970893438512142,1
1,1,0.9609979461807804,1
1,1,0.8592092331260873,1
1,1,0.9987445476794697,1
