y_true,y_pred,y_prob,sensitive_features
1,1,0.8131079880933444,1
1,1,0.9855442507866091,0
1,1,0.9150704106721711,1
1,1,0.9149869985145777,1
1,1,0.6969482015582089,1
1,0,0.1640839036833195,1
1,1,0.6311775686204196,1
1,0,0.29518238696186117,1
1,1,0.9231343034978029,1
0,1,0.5752294129937982,0
0,0,0.2065958236204049,0
0,1,0.642429144599772,1
1,0,0.21551372308112493,1
1,1,0.8707884142669909,1
0,1,0.6095655021014589,1
0,1,0.9757643122545475,1
1,1,0.5842673960631207,1
1,1,0.8491522537687753,1
0,0,0.08533210493400738,0
0,0,0.12878878464085355,1
1,0,0.04305399961977235,1
0,1,0.7202458108745738,1
1,1,0.769822617732828,0
0,1,0.7293151547901742,1
1,1,0.5441724548784017,0
0,0,0.2287760246385633,1
0,1,0.5696560041587786,1
0,0,0.19173338761275233,1
0,1,0.6707744154057693,1
0,0,0.409030334742763,0
0,1,0.8697243768382833,1
1,0,0.07669269554489226,1
0,1,0.7113643241827958,0
1,0,0.42744057706298544,1
1,1,0.8374447086130449,1
1,0,0.09177006113844129,0
1,1,0.8098169456433781,1
0,1,0.5614253776577709,1
0,1,0.9424974221089677,1
1,1,0.6550270995340796,0
0,0,0.14202231774345864,0
1,0,0.4456169466932184,1
1,1,0.6028936112478545,1
1,0,0.060961544155413896,1
1,1,0.5799884981633747,1
1,0,0.466066438725947,1
1,1,0.9938684300723285,1
