y_true,y_pred,y_prob,sensitive_features
1.0,1.0,0.6701346921269613,1
1.0,1.0,0.9274580050762216,0
0.0,0.0,0.49352808411498383,1
0.0,0.0,0.48135872625542153,1
0.0,0.0,0.35332790266665187,0
1.0,0.0,0.462940111677052,1
0.0,1.0,0.5831617534629306,1
0.0,0.0,0.33339889884612944,1
1.0,1.0,0.8678925253832116,1
1.0,0.0,0.16879407580036287,1
0.0,1.0,0.6154953887627647,1
1.0,1.0,0.6446811267710142,1
1.0,1.0,0.5084030382340912,1
1.0,1.0,0.8693462261294721,0
1.0,0.0,0.42174787469413255,0
0.0,0.0,0.2578693642361007,1
1.0,1.0,0.6196026126687834,1
0.0,1.0,0.6087330597088164,1
1.0,1.0,0.6408608623363306,1
1.0,1.0,0.6383912535583861,1
1.0,1.0,0.8713443901381834,1
0.0,0.0,0.05403228931708515,0
0.0,0.0,0.38428940776069537,1
1.0,0.0,0.1619867167902416,0
0.0,1.0,0.7540696712489594,1
0.0,0.0,0.460585326512582,1
1.0,1.0,0.5314044626687647,1
0.0,0.0,0.07258125228663623,0
1.0,0.0,0.2902478046306463,1
1.0,1.0,0.5725316306308503,1
1.0,0.0,0.32920304920602234,1
1.0,1.0,0.7866510658516619,0
1.0,0.0,0.43124581740897405,1
0.0,1.0,0.593590195314748,1
1.0,0.0,0.3799156776778693,1
1.0,1.0,0.5700815886999209,1
0.0,0.0,0.14822765556771733,1
0.0,1.0,0.6442024151595422,0
0.0,0.0,0.2004432098680449,0
1.0,0.0,0.2998134063980278,1
1.0,1.0,0.9641479419271337,1
1.0,0.0,0.4159015756267792,1
1.0,0.0,0.33467975573978054,1
1.0,0.0,0.2823400698571743,1
0.0,0.0,0.39762258339985,1
1.0,1.0,0.7304174575453478,1
0.0,0.0,0.4894083119269315,0
