y_true,y_pred,y_prob,sensitive_features
0,1,0.6072193666315671,0
1,1,0.6072193666315671,1
0,1,0.6072193666315671,0
1,1,0.6072193666315671,1
1,1,0.6072193666315671,1
1,1,0.6072193596153523,1
1,1,0.6072193666315671,1
1,1,0.6072193666315671,1
1,1,0.6072193666315671,1
0,1,0.6072193666315671,1
0,1,0.6072193666315671,1
0,1,0.6072193666315671,1
0,1,0.6072193666315671,0
1,1,0.6072193423839146,1
0,1,0.6072193666315671,1
1,1,0.6072193666315671,0
0,1,0.6072193666315671,1
1,1,0.6072193666315671,1
1,1,0.6072193666315671,0
1,1,0.6072193666315671,1
0,1,0.6072193666315671,0
0,1,0.6072193666315671,0
0,1,0.6072193666315671,1
1,1,0.6072193666315671,1
1,1,0.6072193666315671,1
1,1,0.6072193666315671,0
0,1,0.6072193666315671,1
0,1,0.6072193666315671,1
1,0,0.002045906075112507,1
0,1,0.6072193666315671,1
1,1,0.607215799885461,0
1,1,0.6072193666315671,1
1,1,0.6072193666315671,1
1,1,0.6072193666315671,1
0,1,0.6072193666315671,0
0,1,0.6072193666315671,1
0,1,0.6072193641273542,1
1,1,0.6072193666315671,0
1,1,0.6072193666315671,1
1,1,0.6072193666315671,1
1,1,0.6072193666315671,1
1,1,0.6072193666315671,1
1,1,0.6072193666315671,1
0,1,0.5945829115279977,1
0,1,0.6072193666315671,1
1,1,0.6072193666101757,1
1,1,0.6072193666315671,1
