y_true,y_pred,y_prob,sensitive_features
0,1,0.6237976075538186,1
1,1,0.8989984925118647,1
0,0,0.22858071676484318,0
0,1,0.6509919086094781,1
1,1,0.5121703769718862,0
1,1,0.7528083287084123,1
1,1,0.7566524568257778,1
0,1,0.7914928802694391,1
1,1,0.7087382330170461,1
1,1,0.6959789326623315,1
1,1,0.8159436713264183,1
1,1,0.8054089346837642,1
1,1,0.8853839370971184,1
1,1,0.7997460448675493,1
1,1,0.47366061707766793,0
0,1,0.5990775780104844,1
0,0,0.3982219429390827,0
0,1,0.7410049505510959,1
1,1,0.5760336260921523,0
1,0,0.20461567366568376,0
1,0,0.3981423993434729,0
0,0,0.1326989056049252,0
1,1,0.7612130972108861,1
1,1,0.7014733612943655,1
1,1,0.8839397418828596,1
0,1,0.5882237458344687,1
0,1,0.4732887732073976,0
1,1,0.5248493628036818,1
1,1,0.7531391130374625,1
1,1,0.7171944425419714,1
1,1,0.5387209793370741,1
0,1,0.7521422605327428,1
0,0,0.16899878374467323,0
0,1,0.7747736142374528,1
1,1,0.7744542165549798,1
0,1,0.8130751645269332,1
1,1,0.6255501453570556,1
1,1,0.7822038360479312,1
0,1,0.7841390322996361,1
1,1,0.7198351318633477,1
0,1,0.5653719979945165,1
1,1,0.8147742943743275,1
1,1,0.6589913086391508,1
0,1,0.7025606008497819,1
1,1,0.5590445552383887,1
0,1,0.7315808931800215,1
0,0,0.06535631021697975,0
