y_true,y_pred,y_prob,sensitive_features
0,1,0.7962869201188337,1
1,1,0.9380803775395896,1
1,0,0.46002229685496165,1
1,1,0.9594503984038814,1
1,1,0.907691883849469,1
0,1,0.5630801289691624,1
1,1,0.8754717903679012,0
1,0,0.22245843505033022,0
0,1,0.5779411625245597,1
0,0,0.457140206017746,0
0,1,0.5317242698156526,0
1,1,0.9721897625193893,1
0,1,0.9211815372759066,1
0,1,0.8474741927461203,1
0,0,0.15555226910681758,1
1,1,0.9776121886373302,1
1,1,0.9890391902495573,1
0,1,0.5090020246803958,1
1,1,0.6548671202346801,1
1,1,0.703723105410275,1
0,1,0.8505139285540697,1
0,0,0.060330572463630654,0
1,0,0.22617565413996196,1
1,0,0.49904617174336113,1
1,1,0.848550125140896,1
0,1,0.8551808591587866,1
0,0,0.28347681529550556,1
1,0,0.14271037048834412,1
1,1,0.9786237379559892,1
1,1,0.7811227025353941,1
1,1,0.9808328681980822,1
1,0,0.3625517751877695,1
0,1,0.8311509640116674,0
1,1,0.8427930271720185,1
1,0,0.47900960975655804,1
0,0,0.04996539207895604,0
1,0,0.1271129750222742,1
1,0,0.394548576927348,0
0,1,0.8253725459224176,1
0,0,0.056791232317620524,0
0,1,0.903388734551828,1
1,1,0.9514214349874712,1
0,1,0.7987103303533707,1
1,1,0.881943787640698,0
1,0,0.33559582382586994,1
1,1,0.9633174044249714,1
1,0,0.41487407474800053,0
