y_true,y_pred,y_prob,sensitive_features
0,1,0.7103258304386473,1
1,1,0.6744075890921216,1
1,0,0.40236398165406395,1
1,1,0.5631419832257464,1
1,1,0.7326010143535936,1
0,0,0.41366398890259576,1
1,1,0.6651579449441887,0
1,0,0.44020768122412746,0
0,1,0.527667281424297,1
0,0,0.4711626694165026,0
0,0,0.46506628489997576,0
1,1,0.5288942961600382,1
0,1,0.6251338859046334,1
0,1,0.6575032085677074,1
0,0,0.30439133640831195,1
1,1,0.5978100869307367,1
1,1,0.817719831933802,1
0,0,0.3685581590247397,1
1,0,0.43731797660005245,1
1,1,0.5896867169463031,1
0,1,0.5339008665347055,1
0,1,0.5812630374753808,0
1,0,0.2756708376416229,1
1,0,0.4909051479141216,1
1,1,0.5328240339712429,1
0,1,0.5906647478327822,1
0,0,0.3401870925932547,1
1,0,0.27607179352240774,1
1,1,0.772916964499337,1
1,1,0.6439247307302084,1
1,1,0.5634962484660171,1
1,0,0.32793454980737796,1
0,1,0.6702108049257581,0
1,0,0.4687499766184283,1
1,0,0.3312877495148542,1
0,0,0.3424147013292126,0
1,0,0.28260417741195065,1
1,0,0.3815383997016697,0
0,1,0.7421738348047258,1
0,0,0.31585591054719797,0
0,1,0.6695324995376057,1
1,1,0.5379793241295957,1
0,0,0.4599673656509492,1
1,1,0.7467002919550682,0
1,1,0.5768934478340665,1
1,1,0.5544523612128142,1
1,0,0.4386158116651072,0
