y_true,y_pred,y_prob,sensitive_features
1,1,0.9210254064280562,1
1,1,0.5428991917201076,1
0,1,0.5191711012885032,0
0,0,0.41986923004219784,1
1,1,0.6587963836768499,0
0,0,0.31017005651853985,0
1,1,0.8281401152581312,1
1,1,0.5550778645627262,0
0,0,0.4555972069554949,0
1,1,0.7842959249326894,1
1,0,0.36966149045309005,1
0,1,0.8885470181974603,1
1,1,0.9722989579555514,1
1,1,0.7297293512521671,1
1,1,0.8983257547510883,1
0,1,0.5519332063876905,1
1,1,0.8238417803883564,0
0,0,0.3912235393378485,1
0,0,0.17985501232754947,0
1,1,0.5717155077283845,1
0,0,0.12026347544578758,0
1,1,0.9525694563649317,1
1,1,0.8065537217375796,1
0,1,0.8590115524830142,1
1,1,0.5399786625430836,1
1,1,0.9117061449974356,1
0,0,0.2902443763741638,1
1,1,0.6934754749566472,1
1,1,0.8132320121264895,1
1,0,0.4376674468111979,1
0,1,0.6940644488935669,1
1,0,0.2608205126221019,1
0,1,0.7896450831970385,1
1,1,0.8495588386700321,0
0,0,0.3444259807339349,1
1,0,0.17111337141345517,1
0,1,0.625144977090212,1
1,1,0.9762746836747691,1
1,1,0.6324062901072214,1
1,1,0.5237438680563111,1
1,0,0.014202011514665153,1
0,1,0.9014220661766295,1
0,1,0.9401729552946103,1
0,1,0.6517892685594988,0
1,1,0.6299955625049802,0
0,1,0.9942771598076908,1
1,1,0.6937508436909047,1
