y_true,y_pred,y_prob,sensitive_features
0,1,0.5901366027457495,1
1,1,0.9068664922092642,1
0,0,0.4903222814060416,0
0,0,0.3457758096239592,1
1,1,0.7858709002254264,0
1,1,0.6282345541240565,1
1,1,0.7105947379072177,1
0,0,0.47179869900844545,1
1,1,0.9349497687480093,1
1,0,0.19531393408590048,1
1,1,0.793804990167499,1
1,1,0.5094247644066895,1
1,1,0.9320933152591864,1
1,1,0.8225321095211326,1
1,0,0.3909199881787838,0
0,0,0.2140273301943995,1
0,1,0.5104628908082371,0
0,1,0.5045257554357306,1
1,1,0.88350413537739,0
1,0,0.1242489067009518,0
1,1,0.5023750516961174,0
0,0,0.20662363529447317,0
1,1,0.6185920697620393,1
1,1,0.5258566520087227,1
1,1,0.9456755098861114,1
0,0,0.2289078459149879,1
0,1,0.7502911272554701,0
1,1,0.5589185634467025,1
1,1,0.780732631590312,1
1,0,0.37038024490499144,1
1,1,0.6043577565188271,1
0,0,0.46669914049650957,1
0,0,0.2979274172336454,0
0,0,0.4612174690843091,1
1,1,0.5347847982880831,1
0,1,0.9379156604240272,1
1,0,0.3354679519069653,1
1,1,0.6014459801687617,1
0,1,0.8837545236070828,1
1,1,0.9396812851475339,1
0,1,0.7238502030007369,1
1,1,0.908633879910986,1
1,1,0.7908291966038655,1
0,1,0.5690084339721866,1
1,0,0.3657174127546403,1
0,1,0.7463268430502727,1
0,0,0.07674626013993366,0
