y_true,y_pred,y_prob,sensitive_features
1,0,0.4106692691551819,1
1,0,0.41169328637999475,1
1,1,0.9203572506884359,1
0,1,0.8729466904678604,1
1,1,0.8221202419245688,1
0,1,0.9015865830010602,1
0,1,0.7998162180539787,1
0,0,0.3341752271006027,0
0,1,0.685529436969335,1
0,1,0.8472657755669167,0
1,0,0.17512291986271403,1
0,1,0.6283446996482175,1
1,1,0.9862228256309044,1
1,0,0.2125977908637966,0
0,0,0.3773151933325296,1
1,1,0.7754688994316745,1
0,0,0.48539249961513653,1
1,1,0.9168599415849178,1
1,1,0.5021586694814733,1
1,1,0.9840950184731536,0
0,1,0.9103099082502231,1
0,1,0.6524321256784983,1
1,1,0.7135368810505752,1
1,1,0.976454006964835,1
1,1,0.8720667244334803,1
1,1,0.6672264717101157,1
1,0,0.057267803078515235,0
1,1,0.9225588782078815,0
1,0,0.4752057031541905,1
1,0,0.4291963483658816,1
0,0,0.39730473388038284,1
1,0,0.07106437567385138,1
1,0,0.12697513028046772,1
0,0,0.24759933276999718,1
1,1,0.6205946850593741,1
1,0,0.35003145863351603,1
1,1,0.7488120492711872,1
0,0,0.07080460227543572,0
1,1,0.9857419341567424,0
0,0,0.21849421426283858,0
0,0,0.39885515351109013,1
0,1,0.9245415124030837,0
0,1,0.9044138771140351,0
1,0,0.4282346672614744,1
1,1,0.9623582611167109,1
0,0,0.3925073315172594,1
1,1,0.8866347817352657,1
