y_true,y_pred,y_prob,sensitive_features
0,1,0.7103578290538858,1
1,1,0.709863519816408,1
1,0,0.5459709329743766,1
1,1,0.6119916047503184,1
1,1,0.7395122853061362,1
0,0,0.5360068601422878,1
1,1,0.7322000861620529,0
1,1,0.6303431630170699,0
0,1,0.6913835861630955,1
0,1,0.5653161949108065,0
0,1,0.5865920390874901,0
1,1,0.6502123832476802,1
0,1,0.6805343525535257,1
0,1,0.6474629375499742,1
0,0,0.5445859962953787,1
1,1,0.7023706500411474,1
1,1,0.7712034038232969,1
0,1,0.5930856880788326,1
1,0,0.5,1
1,1,0.6248915993785025,1
0,1,0.6858648843969738,1
0,1,0.6076677705930833,0
1,0,0.4417004314981825,1
1,1,0.6452964147505222,1
1,1,0.5993359246681185,1
0,1,0.7007678931270959,1
0,0,0.5200660794493234,1
1,0,0.46949173731978827,1
1,1,0.7545125549797831,1
1,1,0.6508699857297906,1
1,1,0.6696477434195927,1
1,1,0.5924326234709606,1
0,1,0.6624495163179734,0
1,1,0.5794000661800807,1
1,0,0.505198911985077,1
0,0,0.47840522623756376,0
1,0,0.4767841651231277,1
1,1,0.581867321288403,0
0,1,0.7365604221935935,1
0,1,0.5575329104756958,0
0,1,0.695215728831481,1
1,1,0.6980491907029402,1
0,1,0.6494507574455316,1
1,1,0.6884914768697392,0
1,1,0.6352825295685107,1
1,1,0.6468386521385893,1
1,1,0.6760461666080947,0
