y_true,y_pred,y_prob,sensitive_features
0,1,0.5815038474619402,0
1,1,0.8547549394421585,1
0,0,0.3672362604043929,0
1,0,0.46963377840292747,1
1,0,0.3990687594169687,1
1,0,0.3985391125997886,1
1,0,0.45896627462309564,1
1,1,0.6386416726158245,1
1,1,0.6907283882309264,1
0,0,0.34663141813907566,1
0,0,0.44883561032375663,1
0,0,0.42587803284019266,1
0,0,0.4242545470647168,0
1,1,0.5539838856337892,1
0,1,0.639832421510838,1
1,1,0.5449094035224358,0
0,1,0.5092817629263373,1
1,1,0.9270297688343679,1
1,0,0.44155676104448144,0
1,1,0.5362944637721356,1
0,0,0.3901431478081422,0
0,1,0.562018483745965,0
0,1,0.7368713660538997,1
1,1,0.9123691093313283,1
1,1,0.7932063365573635,1
1,0,0.373405607883239,0
0,0,0.34115358578862887,1
0,1,0.5930201338739257,1
1,1,0.5921310845712241,1
0,0,0.4608292811540308,1
1,1,0.8916987759059546,0
1,1,0.5389322059328338,1
1,1,0.6074707614695208,1
1,1,0.8285731724948958,1
0,1,0.8511030610791188,0
0,0,0.43745093283690795,1
0,0,0.4980855636600656,1
1,1,0.6078014022956024,0
1,0,0.3880506172817543,1
1,0,0.3732029247899085,1
1,1,0.5079658050205347,1
1,1,0.8290692061191006,1
1,0,0.26770054757691797,1
0,0,0.3756066997287623,1
0,1,0.6393487401431803,1
1,1,0.5867873286120011,1
1,1,0.6823346292336653,1
