y_true,y_pred,y_prob,sensitive_features
0.0,1.0,0.9577785152098203,1
0.0,1.0,0.5800474463073481,0
1.0,0.0,0.2882249846967144,1
0.0,1.0,0.9913700434440536,1
1.0,1.0,0.5359424257987978,0
0.0,1.0,0.6305183094760465,0
0.0,1.0,0.788077659724105,1
0.0,0.0,0.224819985778839,1
1.0,1.0,0.8277091184212585,1
0.0,1.0,0.9831710761821321,1
0.0,0.0,0.055596432467955405,0
1.0,0.0,0.06513946103891681,1
1.0,1.0,0.9688012912332133,1
0.0,0.0,0.3691190510322484,1
1.0,1.0,0.6496587021285631,1
0.0,1.0,0.6343282304212055,1
0.0,1.0,0.6571238991294779,1
0.0,1.0,0.6834443244142719,1
1.0,0.0,0.4493609998106688,1
1.0,1.0,0.5349911856209721,1
0.0,0.0,0.09755164684108877,1
1.0,1.0,0.982137927029505,1
1.0,0.0,0.1503842411534236,1
1.0,0.0,0.4757263624435672,1
1.0,1.0,0.6787766969774706,1
0.0,1.0,0.9709430708865188,1
1.0,1.0,0.8928523027398518,1
1.0,1.0,0.9356864014622368,1
0.0,0.0,0.3970655128619771,1
1.0,0.0,0.3289506501023578,0
1.0,0.0,0.376276645631213,0
1.0,1.0,0.8772970579764879,1
0.0,0.0,0.3315667882403382,0
1.0,1.0,0.7834582736319912,0
1.0,1.0,0.5991812010924306,1
1.0,1.0,0.9977903766174928,0
1.0,0.0,0.3963539322504642,1
1.0,1.0,0.5006022796830708,1
1.0,1.0,0.659304125741386,1
0.0,0.0,0.49806947550686437,0
1.0,1.0,0.956533771931961,1
1.0,0.0,0.4299316421904834,1
1.0,0.0,0.2404951297824981,1
1.0,1.0,0.5074164321027895,1
0.0,0.0,0.3307597549544014,1
0.0,0.0,0.07202369602807125,0
1.0,1.0,0.6609877166660707,1
