y_true,y_pred,y_prob,sensitive_features
0,1,0.5886718578275069,1
1,1,0.6359125012069359,1
0,1,0.5704034173311422,0
0,1,0.5032916360603537,1
1,1,0.7439652636013373,0
1,1,0.6137637040968594,1
1,1,0.7646567744291568,1
0,1,0.7292106150772841,1
1,1,0.807296796015788,1
1,1,0.7318639516746562,1
1,1,0.7067915032669633,1
1,1,0.6480633378995706,1
1,1,0.5327622423582263,1
1,1,0.6953466912312061,1
1,1,0.5325901005857396,0
0,1,0.569509895769026,1
0,1,0.6456015320177494,0
0,1,0.7024586742055143,1
1,1,0.6966024068749147,0
1,1,0.5500364252431519,0
1,1,0.6846522712358621,0
0,1,0.5511697753409377,0
1,1,0.5946015304956976,1
1,1,0.6557496619188901,1
1,1,0.8160364315654058,1
0,1,0.5688164281723079,1
0,0,0.4204293297123191,0
1,1,0.5349382297164276,1
1,1,0.6855095836862977,1
1,1,0.5698766309669118,1
1,1,0.5454067461956784,1
0,1,0.6868917607328378,1
0,1,0.641736546927672,0
0,1,0.6923955176198868,1
1,1,0.6119068187294264,1
0,1,0.8518591441819998,1
1,0,0.4399251433491977,1
1,1,0.5384211580835386,1
0,1,0.7192714760370708,1
1,1,0.6636001911935786,1
0,1,0.5461313727081447,1
1,1,0.5834793474320683,1
1,1,0.5992758709153824,1
0,1,0.6399950165164684,1
1,1,0.5801876045520545,1
0,1,0.5851077303136939,1
0,1,0.5383372325271911,0
