y_true,y_pred,y_prob,sensitive_features
0,1,0.7129145873964172,1
0,0,0.2775694138439071,0
1,0,0.38349273831600567,1
0,1,0.8748405526786419,1
1,1,0.8492631027003479,0
0,0,0.47343017951959504,0
0,1,0.8614732476361507,1
0,0,0.26827987032952116,1
1,1,0.7834035939953706,1
0,1,0.9318890365674212,1
0,0,0.21491614804015974,0
1,0,0.22157545566375467,1
1,1,0.909141701368017,1
0,0,0.16441667147103195,1
1,1,0.7352011661255369,1
0,1,0.5991097135751654,1
0,1,0.6288353570136967,1
0,1,0.6768482862284164,1
1,1,0.5661929181943187,1
1,1,0.7995305644717101,1
0,0,0.0933369020524475,1
1,1,0.7146983552117909,1
1,0,0.46795000683723065,1
1,1,0.640887288462003,1
1,1,0.6258310322534482,1
0,1,0.7665228061062112,1
1,0,0.4974739674469814,1
1,1,0.8254250094320882,1
0,1,0.5522676478306364,1
1,1,0.6260398136564521,0
1,1,0.5492464743371577,0
1,1,0.7594842371484515,1
0,0,0.2735729516753514,0
1,1,0.8673303352660932,0
1,0,0.4855828919358336,1
1,1,0.9993790321985365,0
1,1,0.586506614693212,1
1,0,0.2047514167804358,1
1,1,0.7268096300126436,1
0,1,0.8260195202416237,0
1,1,0.8375042488826171,1
1,0,0.4934761711973834,1
1,0,0.1782503298499213,1
1,0,0.36651683085589165,1
0,0,0.3437714485278312,1
0,0,0.2957143396145769,0
1,0,0.4816890688861719,1
