y_true,y_pred,y_prob,sensitive_features
0,1,0.5354665254072596,0
1,0,0.41657052966174557,1
1,1,0.8407397314982727,1
1,1,0.6981271196463873,1
0,0,0.48831697761813053,1
1,1,0.96067494989778,1
0,1,0.605581377801885,1
0,0,0.4252061917093345,1
1,0,0.35249456385847105,1
0,1,0.7780182809129527,0
0,1,0.626610590363309,1
0,1,0.665034603851438,1
1,1,0.7656198312704838,1
1,1,0.6852638571817653,1
1,1,0.7373033342281623,1
1,1,0.5402467391763098,1
0,0,0.49081296421963155,1
1,1,0.5833075158671677,1
0,0,0.400720246476126,0
1,1,0.7357610211524632,1
0,0,0.47140656714439083,1
1,1,0.6227148661027565,0
0,0,0.47920130604376726,1
0,0,0.46836511518019375,1
1,1,0.6594457555569441,0
1,1,0.53275095495133,1
0,1,0.8204221273854998,1
1,1,0.6919640043517353,1
1,1,0.5480637293164528,1
0,1,0.5320385709235356,0
0,1,0.5968816594719323,0
1,1,0.8396466746873105,1
1,1,0.7016868152735025,1
0,0,0.49676411354960287,1
0,1,0.7489565735545378,1
1,1,0.5174253203095419,1
0,0,0.4570489403639423,1
1,1,0.5218964638217704,1
1,0,0.49857057879863526,1
0,1,0.6439389614778638,0
1,0,0.4932129018446281,1
1,1,0.5210946209017822,0
1,0,0.45488628533449305,1
1,1,0.6601253555368775,1
1,1,0.7127102419193521,1
1,1,0.979581255592972,0
1,1,0.5999503968025628,0
