y_true,y_pred,y_prob,sensitive_features
1,1,0.8197465943630924,1
1,0,0.4740902362238053,1
0,1,0.7607115127805578,0
0,1,0.6270807003325284,1
1,0,0.31399030106684284,0
0,0,0.10801166008632575,0
1,1,0.7931713693832066,1
1,0,0.22813402041546726,0
0,0,0.2870173395800919,0
1,1,0.8866927237483451,1
1,1,0.9230959107895322,1
0,1,0.6903855969075614,1
1,1,0.8842034140747547,1
1,1,0.5678137363066692,1
1,1,0.6240209104784307,1
0,1,0.5436477206183709,1
1,1,0.8711384965971743,0
0,1,0.7836754921072328,1
0,0,0.261421327461052,0
1,0,0.4234256921290121,1
0,0,0.13928305981653036,0
1,1,0.9406985567996898,1
1,1,0.9272439518249979,1
0,1,0.8417739128771149,1
1,1,0.8120610323225647,1
1,1,0.9626142509831518,1
0,0,0.41868125665243117,1
1,1,0.8326667902866782,1
1,1,0.6459231048814605,1
1,0,0.32172158617790153,1
0,1,0.7206842418692566,1
1,0,0.3199944459122809,1
0,1,0.8248248405386487,1
1,1,0.5534811993828809,0
0,1,0.5080328919419735,1
1,0,0.3030154578981287,1
0,1,0.6789249543788977,1
1,1,0.9455363828800314,1
1,1,0.6797036262588958,1
1,1,0.6132759216412086,1
1,0,0.46927178246499945,1
0,1,0.8196091619273679,1
0,1,0.9307852688894594,1
0,1,0.5151260299656879,0
1,0,0.4632237812175859,0
0,1,0.9809059698676583,1
1,1,0.9093137276252244,1
