y_true,y_pred,y_prob,sensitive_features
1,1,0.8934313473253171,1
1,1,0.9084960750585742,0
1,1,0.7782629922997214,1
1,0,0.35619289020672273,1
1,1,0.5327854530630894,1
1,0,0.48374909518551285,1
1,1,0.7616975664044658,1
1,0,0.3394656284364832,1
1,1,0.6325706388398199,1
0,1,0.6922900380954227,0
0,1,0.5092534426728302,0
0,1,0.5770579500950548,1
1,0,0.3063901027675025,1
1,1,0.5510511292353854,1
0,1,0.5190272519570059,1
0,1,0.5138056896324955,1
1,1,0.683829276162329,1
1,1,0.6259877009974766,1
0,0,0.49488856120999547,0
0,1,0.6171580364980586,1
1,0,0.22264732386942962,1
0,1,0.7556393355908301,1
1,1,0.5780082362759877,0
0,1,0.5233538982723378,1
1,1,0.7325490760633864,0
0,0,0.3817499620487637,1
0,1,0.5168187191937236,1
0,1,0.6942829039732407,1
0,1,0.5515582931040347,1
0,1,0.6878229805340677,0
0,1,0.7789724818125127,1
1,0,0.21482204361733773,1
0,1,0.5688018614164191,0
1,1,0.6215214551208073,1
1,0,0.46419425620505217,1
1,1,0.5827238362682953,0
1,0,0.24662868086977466,1
0,1,0.6279325895642408,1
0,1,0.7205659451956319,1
1,1,0.5409101527387025,0
0,0,0.46435676768455453,0
1,0,0.47417693726410337,1
1,1,0.7099938210190307,1
1,0,0.3820370891295794,1
1,1,0.7383844770316514,1
1,1,0.7121657971779276,1
1,1,0.7194823025900436,1
