y_true,y_pred,y_prob,sensitive_features
1.0,1.0,0.5950735123593399,1
1.0,1.0,0.5951521984495859,1
1.0,1.0,0.6235428831864187,1
0.0,1.0,0.5789576406934283,1
1.0,1.0,0.6530525861844505,1
0.0,1.0,0.649725427550841,1
0.0,1.0,0.5770960489885343,1
0.0,1.0,0.5892920718146228,0
0.0,1.0,0.6336530180956379,1
0.0,0.0,0.538490263706788,0
1.0,1.0,0.5767621568882899,1
0.0,1.0,0.5792430287264781,1
1.0,1.0,0.6394196774787528,1
1.0,0.0,0.5434910299674786,0
0.0,1.0,0.6226836065032767,1
1.0,1.0,0.6110644331675815,1
0.0,1.0,0.5910393867835619,1
1.0,1.0,0.6078283381105214,1
1.0,1.0,0.6121800960727366,1
1.0,1.0,0.6128227560159313,0
0.0,1.0,0.6342271705748659,1
0.0,1.0,0.5671071330671402,1
1.0,1.0,0.590440038690512,1
1.0,1.0,0.6455227059116779,1
1.0,1.0,0.5963101227873906,1
1.0,1.0,0.6149035913752608,1
1.0,0.0,0.5581519835702341,0
1.0,1.0,0.6293314680257279,0
1.0,1.0,0.5987841633089852,1
1.0,1.0,0.5765202907225799,1
0.0,1.0,0.5809719388389227,1
1.0,1.0,0.5808631743235803,1
1.0,0.0,0.5634578377297973,1
0.0,0.0,0.5458515383598481,1
1.0,1.0,0.6091293224169122,1
1.0,0.0,0.5375431321438486,1
1.0,0.0,0.5498501548413376,1
0.0,1.0,0.5971607431688004,0
1.0,1.0,0.6358087300818246,0
0.0,0.0,0.5108718009365878,0
0.0,1.0,0.5888013163852976,1
0.0,1.0,0.589070406893333,0
0.0,1.0,0.614214495157295,0
1.0,1.0,0.5847786516453242,1
1.0,1.0,0.6274438830023401,1
0.0,1.0,0.5915057904934542,1
1.0,1.0,0.6118468927282212,1
