y_true,y_pred,y_prob,sensitive_features
1,1,0.6521664204265148,1
0,1,0.5813345094245407,1
1,1,0.6862258027149672,1
0,0,0.2728353937927331,0
1,0,0.4792051261907519,0
0,0,0.25395899284402196,0
1,0,0.3421460781734338,1
0,0,0.3979492631188599,1
0,1,0.6146453003676071,1
1,1,0.7239855941207766,1
1,1,0.9158426333261573,1
1,0,0.49678293810628027,1
1,0,0.28125726109382804,1
1,1,0.6937926049393649,1
1,1,0.6466458203878805,1
1,0,0.48499556687574963,1
1,1,0.7511941884907621,1
0,1,0.9882056978981529,1
1,1,0.7584233021718482,1
1,0,0.382312442852836,1
1,1,0.9409393997818594,1
1,1,0.9939814314847601,1
0,1,0.5585732651228011,1
0,1,0.7212496898665997,1
0,1,0.5904279586393311,0
0,1,0.7537561008404777,1
1,0,0.41369509398785986,0
1,1,0.8201075923168575,1
0,1,0.845677079502808,1
1,1,0.6510344610987936,0
1,1,0.68295789341417,1
0,0,0.3474668343278418,0
0,0,0.4975810491436595,1
1,1,0.7083227092445148,1
0,0,0.15535848197505361,0
0,1,0.7445183326668487,1
1,1,0.8170534184476009,1
1,1,0.7908071734697706,1
0,1,0.7560252180261797,1
1,0,0.4260401192479426,0
1,0,0.4174045592729836,1
1,1,0.8055123745474182,0
1,0,0.3198077792823509,1
0,1,0.732346518241514,1
1,0,0.3780119387016976,1
0,1,0.5337268962020731,1
0,0,0.157015235393591,0
