y_true,y_pred,y_prob,sensitive_features
0.0,0.0,0.2841631028463347,0
1.0,1.0,0.976181391696501,1
0.0,1.0,0.8434104458818187,0
1.0,1.0,0.8438962534572831,1
1.0,1.0,0.9488570770301459,1
1.0,1.0,0.9579948439131432,1
1.0,1.0,0.9903751947980025,1
1.0,1.0,0.9909039552466068,1
1.0,1.0,0.9336541646260483,1
0.0,1.0,0.8374003530531055,1
0.0,0.0,0.3549113713259089,1
0.0,1.0,0.9601645342120997,1
0.0,1.0,0.9846477259576911,0
1.0,1.0,0.9283058619594703,1
0.0,1.0,0.9707101790569445,1
1.0,1.0,0.9209413639739564,0
0.0,0.0,0.13051555187974873,1
1.0,1.0,0.8962800556478713,1
1.0,1.0,0.9520854640840795,0
1.0,1.0,0.9223934086909436,1
0.0,1.0,0.9481042570426882,0
0.0,1.0,0.5922498751695245,0
0.0,0.0,0.15162044436393948,1
1.0,1.0,0.9994697109659965,1
1.0,1.0,0.7791061242366439,1
1.0,1.0,0.8354908000177224,0
0.0,1.0,0.8309669071732251,1
0.0,1.0,0.9161206456329855,1
1.0,1.0,0.9817551824448936,1
0.0,1.0,0.9530559578015558,1
1.0,1.0,0.9804750404460822,0
1.0,1.0,0.8692410573883587,1
1.0,1.0,0.9526621924625331,1
1.0,1.0,0.9938603512410923,1
0.0,1.0,0.8749418108190636,0
0.0,1.0,0.9703349057714079,1
0.0,1.0,0.9340550915656104,1
1.0,1.0,0.9888562615233788,0
1.0,1.0,0.9375339675455079,1
1.0,1.0,0.9827954074950523,1
1.0,0.0,0.1527567754712519,1
1.0,1.0,0.9451486185729135,1
1.0,1.0,0.8829959166934377,1
0.0,1.0,0.9558669460909845,1
0.0,1.0,0.9331575364542438,1
1.0,1.0,0.9709941895343676,1
1.0,1.0,0.9993751514885124,1
