y_true,y_pred,y_prob,sensitive_features
0,1,0.8866834098815327,0
1,1,0.965148218390893,1
0,0,0.4472321122695521,0
1,1,0.6433697792199781,1
1,0,0.47385727719235055,1
1,1,0.7370835728083098,1
1,1,0.7924248557057277,1
1,1,0.9411500407009057,1
1,1,0.9119970272043063,1
0,1,0.5327515800598492,1
0,1,0.8659986444819638,1
0,1,0.9765238854476932,1
0,1,0.9263967875836152,0
1,1,0.8760433580446219,1
0,1,0.8931643416352162,1
1,1,0.9569009466645907,0
0,0,0.43964831812176813,1
1,1,0.9826949563561422,1
1,1,0.7743952946072609,0
1,0,0.4918828287455942,1
0,1,0.8947746157913067,0
0,1,0.6045916038357249,0
0,1,0.9759772555889247,1
1,1,0.8186049166742435,1
1,0,0.40635445089067423,1
1,1,0.8581932087547246,0
0,0,0.3040569387727832,1
0,1,0.8148712870763343,1
1,1,0.9020079720128373,1
0,1,0.8348571962527587,1
1,1,0.9978751717558819,0
1,1,0.5794752315163386,1
1,1,0.9812819421609451,1
1,1,0.8477710279240765,1
0,1,0.899215578580818,0
0,0,0.3964870707071425,1
0,1,0.7177378325212724,1
1,1,0.8701338399021512,0
1,0,0.3624864260350645,1
1,1,0.7194323774957366,1
1,0,0.454176871539391,1
1,1,0.8207754556751785,1
1,0,0.03245124976263554,1
0,1,0.817120127757646,1
0,1,0.9538189573850909,1
1,1,0.5941490973789894,1
1,1,0.9954988168181864,1
