y_true,y_pred,y_prob,sensitive_features
0,1,0.6684234629711002,1
1,1,0.8996132454949106,1
0,0,0.36349902029803555,0
0,1,0.5072884754713108,1
1,0,0.4004752935075376,0
1,1,0.802555335278021,1
1,1,0.5642209501790298,1
0,1,0.8016979194862119,1
1,1,0.9180556366206358,1
1,0,0.3704686856858463,1
1,1,0.7319554156770695,1
1,0,0.46016520114734116,1
1,1,0.8125330835331945,1
1,1,0.7578133047017448,1
1,1,0.5005652697758333,0
0,0,0.4537006444702533,1
0,0,0.29163596258583785,0
0,0,0.40162922798046946,1
1,1,0.6619307334630642,0
1,0,0.1690889763681788,0
1,1,0.5140659949763381,0
0,0,0.1725038080748641,0
1,1,0.6575474253518504,1
1,1,0.5097408629289634,1
1,1,0.9312159926947396,1
0,0,0.27159599802161577,1
0,1,0.516124572690099,0
1,0,0.45413818646041104,1
1,1,0.6161889769123027,1
1,1,0.7271168171428394,1
1,0,0.37635795151075196,1
0,1,0.5659879242152281,1
0,1,0.5886405043500103,0
0,1,0.6214130722179156,1
1,1,0.7830076929844259,1
0,1,0.781345333507353,1
1,1,0.5168619772854149,1
1,1,0.6783464193061594,1
0,1,0.753030391498402,1
1,1,0.6407953662481163,1
0,0,0.24249792008279547,1
1,1,0.8804849457126167,1
1,0,0.4565318868720649,1
0,1,0.6640092493831541,1
1,0,0.4061029481034123,1
0,1,0.6119876258202009,1
0,0,0.21546680157861292,0
