y_true,y_pred,y_prob,sensitive_features
0,1,0.5069279645057014,1
1,1,0.880615668847382,1
0,0,0.24936162886312963,0
0,0,0.38198468121061196,1
1,0,0.4804265459631928,0
1,1,0.6719599106315256,1
1,1,0.8611733415946334,1
0,1,0.8478416794559795,1
1,1,0.8690930486958155,1
1,1,0.7437615449984816,1
1,1,0.7711091030360168,1
1,1,0.6851981676151723,1
1,1,0.7795229553683203,1
1,1,0.784815538286774,1
1,0,0.3935706090525846,0
0,0,0.41990893958249276,1
0,0,0.4306880084576468,0
0,1,0.6225825161244934,1
1,1,0.7742081669486368,0
1,0,0.23611001963992467,0
1,1,0.5015510477766091,0
0,0,0.26843067261351616,0
1,1,0.5820625376215947,1
1,1,0.6285704927145679,1
1,1,0.9069543715411603,1
0,0,0.3710746649123562,1
0,0,0.39967641707090745,0
1,1,0.6563803966080822,1
1,1,0.672826785197965,1
1,1,0.6823350669388484,1
1,0,0.4829188281343825,1
0,1,0.7347443175603754,1
0,0,0.37956064608027246,0
0,1,0.9032095136206183,1
1,1,0.6948337160823215,1
0,1,0.8642509665055119,1
1,0,0.22216938312095694,1
1,1,0.8473050578556344,1
0,1,0.8040952052322807,1
1,0,0.429809918726986,1
0,1,0.8651827743711158,1
1,1,0.9130593290671962,1
1,0,0.41519496533677314,1
0,1,0.8787629892249563,1
1,0,0.3876723656607306,1
0,1,0.5942184615036189,1
0,0,0.07866577792332809,0
