y_true,y_pred,y_prob,sensitive_features
1,1,0.9078483143952626,1
0,0,0.4323741236507877,1
1,0,0.28213437717292617,1
0,0,0.134282283850195,0
1,1,0.8153466652458962,0
0,0,0.08049949286184527,0
1,0,0.25163563205109407,1
0,0,0.06222125287847233,1
0,0,0.34671453155606274,1
1,1,0.8275732641644463,1
1,1,0.8760472037166929,1
1,0,0.4559428216095783,1
1,0,0.3283496043861142,1
1,1,0.9237006406516827,1
1,1,0.6321691574191712,1
1,0,0.21228118115505046,1
1,1,0.8662219816710246,1
0,1,0.9680873682435177,1
1,1,0.9067548207879852,1
1,0,0.23531122570922702,1
1,1,0.7242760130400606,1
1,1,0.9926907506976247,1
0,1,0.5222659574909556,1
0,1,0.8900707762136512,1
0,1,0.859441446065298,0
0,1,0.920333075917099,1
1,0,0.03673576924969933,0
1,1,0.8403346556601082,1
0,1,0.909829898826567,1
1,1,0.6217929011177052,0
1,1,0.9178623521910391,1
0,0,0.29737210341489123,0
0,0,0.1730822450511556,1
1,1,0.9160792337650321,1
0,0,0.2694146520249881,0
0,1,0.981107682073217,1
1,1,0.9356379488433684,1
1,1,0.9799027671157616,1
0,1,0.7872284353035529,1
1,0,0.08609608995650983,0
1,1,0.9465320302116532,1
1,1,0.959344276953762,0
1,0,0.4797275355571478,1
0,1,0.953203715672126,1
1,1,0.6997769456680422,1
0,1,0.6355223330736609,1
0,0,0.17662463362544928,0
