y_true,y_pred,y_prob,sensitive_features
1,1,0.705027949162324,1
1,1,0.8603236407097121,0
0,1,0.8477780498928682,1
0,1,0.879252699585139,1
0,0,0.24974312674664503,0
1,1,0.8481714344068297,1
0,1,0.6378905356418795,1
0,1,0.6438829313230899,1
1,1,0.9641190297042386,1
1,1,0.5,1
0,1,0.8309527787103983,1
1,1,0.7619093935785359,1
1,1,0.7468432407900836,1
1,1,0.7497735874185203,0
1,1,0.4353210521793874,0
0,1,0.43526321978805554,1
1,1,0.6517478580473346,1
0,1,0.7948754776673772,1
1,1,0.7935458313571437,1
1,1,0.7197716283156186,1
1,1,0.6820000658117744,1
0,0,0.07744774792901138,0
0,1,0.5,1
1,0,0.20074097763316032,0
0,1,0.9228213306976294,1
0,1,0.7822639680433013,1
1,1,0.7202534212750289,1
0,0,0.14770083074679752,0
1,1,0.6436582107339711,1
1,1,0.8938294586988306,1
1,1,0.8404227466658022,1
1,1,0.6058005029286444,0
1,1,0.5596183222046057,1
0,1,0.7570871772243226,1
1,1,0.5,1
1,1,0.739753109099299,1
0,0,0.4196342810383915,1
0,0,0.3938664272472496,0
0,0,0.1404943394308477,0
1,1,0.4793208276975938,1
1,1,0.8839875498775542,1
1,1,0.7401539942695073,1
1,1,0.7050256552515043,1
1,0,0.34209472821650105,1
0,1,0.6823350560543849,1
1,1,0.7746969609767869,1
0,1,0.5566050506350687,0
