y_true,y_pred,y_prob,sensitive_features
0,0,0.2542921142704296,0
1,0,0.44590851158656397,1
1,1,0.7283106197183009,1
1,1,0.8167067881856798,1
0,1,0.6502659427416642,1
1,1,0.9654566120525514,1
0,1,0.8810951984117626,1
0,0,0.426717139458102,1
1,1,0.5615350844849356,1
0,1,0.6406978234283088,0
0,1,0.9133266936895096,1
0,1,0.8668054592240776,1
1,1,0.9581725965428581,1
1,1,0.8979068334588295,1
1,0,0.09303850553208913,1
1,1,0.9573253717053877,1
0,0,0.3022310014212698,1
1,0,0.293530619590546,1
0,0,0.013081920423565792,0
1,1,0.9698329861051423,1
0,0,0.1904803055796254,1
1,1,0.7957434100826879,0
0,0,0.19140759742828492,1
0,1,0.7372149983789337,1
1,0,0.3073227227004657,0
1,0,0.07925446729351808,1
0,1,0.9837888869018512,1
1,0,0.40185198783433257,1
1,1,0.9118605534413431,1
0,0,0.4249745780789745,0
0,0,0.1039550205900855,0
1,1,0.7781152224318232,1
1,1,0.9850226389871785,1
0,0,0.07579572660466015,1
0,1,0.9214025613476898,1
1,1,0.9398289941088065,1
0,0,0.44950904961889326,1
1,0,0.4814201687606828,1
1,1,0.5927812326836253,1
0,1,0.6627425025281214,0
1,1,0.8229317748888302,1
1,1,0.9451254601525187,0
1,1,0.8238707380645184,1
1,0,0.38464022265642706,1
1,1,0.972387230065339,1
1,1,0.9904003272458275,0
1,1,0.6085880800986385,0
