y_true,y_pred,y_prob,sensitive_features
1,1,0.5950488008642681,1
1,1,0.623917718574793,0
0,1,0.5958406750599303,1
0,1,0.606833728423564,1
0,0,0.5459476610062265,0
1,1,0.6176213300599567,1
0,0,0.5393014187911984,1
0,1,0.6090628434136045,1
1,1,0.6565309319186027,1
1,0,0.5333742579370631,1
0,1,0.6166906491557763,1
1,1,0.61675677354526,1
1,1,0.5796730731117272,1
1,1,0.6256117438990266,0
1,1,0.6024370155108831,0
0,0,0.5560772708670243,1
1,1,0.5932789008827513,1
0,1,0.6107937496078977,1
1,1,0.6101559379578012,1
1,1,0.5915068367804744,1
1,1,0.6101620980732865,1
0,0,0.4885389101550368,0
0,1,0.5717653664730524,1
1,0,0.4948485125206941,0
0,1,0.6452133862247621,1
0,1,0.5813358316776348,1
1,1,0.5863262929399189,1
0,1,0.5977996312589332,0
1,1,0.578959275927058,1
1,1,0.6243954765523481,1
1,1,0.5977807871168023,1
1,1,0.6179285085895517,0
1,1,0.6035199527944102,1
0,1,0.6106130324966197,1
1,0,0.5442377407165817,1
1,1,0.5676724403411091,1
0,0,0.5286952829600965,1
0,1,0.6091444257718842,0
0,0,0.4867921257198602,0
1,1,0.5765229872553836,1
1,1,0.6188035981376734,1
1,1,0.6175226600209476,1
1,0,0.508334818238966,1
1,0,0.48928119625405697,1
0,1,0.5806156449172385,1
1,1,0.6121356822777871,1
0,1,0.5926478671411802,0
