y_true,y_pred,y_prob,sensitive_features
0,0,0.13195483292368937,1
1,1,0.965069444418742,1
0,0,0.2201423926370243,0
0,0,0.14025765537174797,1
1,1,0.8812641170489827,0
1,0,0.3263493576145649,1
1,1,0.8853114529676278,1
0,0,0.46906861857381943,1
1,1,0.9328806366155633,1
1,1,0.7827507448747467,1
1,1,0.948803649342462,1
1,1,0.9208121062210636,1
1,1,0.9416992695549277,1
1,1,0.7592936944700197,1
1,1,0.7838868289688921,0
0,1,0.9181340230716032,1
0,1,0.8520483977746548,0
0,1,0.8098198122479981,1
1,1,0.8484992186351541,0
1,0,0.41792346489731247,0
1,1,0.7823981402311412,0
0,0,0.15641805252983795,0
1,0,0.23644075900864314,1
1,1,0.6480667247055897,1
1,1,0.9963360553380713,1
0,0,0.10057370901137655,1
0,0,0.3069638947998091,0
1,0,0.08107033841532241,1
1,1,0.8288471479899201,1
1,1,0.5675907284474451,1
1,0,0.2001931231856795,1
0,0,0.39984019395125064,1
0,1,0.5632968815190035,0
0,1,0.9141698430815272,1
1,0,0.48674225892096645,1
0,1,0.9796590573063753,1
1,0,0.25118986878242083,1
1,0,0.10497574198121797,1
0,1,0.980400315972436,1
1,1,0.9514253074109373,1
0,1,0.7708725165914619,1
1,1,0.9069312135783447,1
1,1,0.9695324148415279,1
0,1,0.7401308598223482,1
1,1,0.6209529367186575,1
0,1,0.6798274997915298,1
0,0,0.0564323843985398,0
