y_true,y_pred,y_prob,sensitive_features
0,0,0.19359745024643096,0
1,0,0.3802079856164553,1
1,1,0.9038505976090141,1
1,1,0.7480455474078136,1
0,0,0.3614842055356932,1
1,1,0.9906487752782094,1
0,1,0.7948969637163533,1
0,0,0.25460152330392616,1
1,0,0.4782756747531733,1
0,1,0.7080367831621769,0
0,1,0.7843568226671921,1
0,1,0.8194833205198673,1
1,1,0.6070370484541486,1
1,0,0.3423688464699635,1
1,0,0.4713960907216696,1
1,1,0.5673777198684328,1
0,0,0.47963353313128254,1
1,0,0.36676847054899814,1
0,0,0.16074876317069917,0
1,1,0.9948242104114238,1
0,0,0.0899510457843038,1
1,0,0.3421514288802457,0
0,0,0.05020192092020961,1
0,1,0.9520904207390459,1
1,0,0.3296495085396358,0
1,0,0.031780300885301475,1
0,1,0.9915559528048585,1
1,1,0.6120727982559252,1
1,1,0.9268804079595147,1
0,0,0.2265400880895882,0
0,1,0.5457528590401889,0
1,1,0.8950315122831267,1
1,1,0.9647265874196153,1
0,0,0.3524736159945791,1
0,1,0.5885105008935058,1
1,1,0.9419454019785551,1
0,0,0.19906930383969915,1
1,1,0.8867356429082449,1
1,0,0.07212181273889667,1
0,1,0.5006153238309282,0
1,1,0.7505415198263418,1
1,1,0.8526159486976921,0
1,1,0.8868397583067911,1
1,1,0.6744229148477439,1
1,1,0.9850690088396555,1
1,1,0.9965241987263088,0
1,0,0.36788716261485266,0
