y_true,y_pred,y_prob,sensitive_features
1,1,0.9828389710929172,1
0,0,0.4288968210287377,1
1,1,0.7117954540490999,1
0,0,0.1486619285259394,0
1,1,0.7397781704841764,0
0,0,0.025962022962454114,0
1,0,0.40386132098786465,1
0,0,0.08069628193894762,1
0,0,0.4133112725326763,1
1,1,0.8645831370681342,1
1,1,0.8943333741675757,1
1,1,0.7413899601326859,1
1,1,0.6141759114959485,1
1,1,0.9703215992067875,1
1,1,0.7652286983441797,1
1,0,0.48941224800697813,1
1,1,0.9153787770363757,1
0,1,0.9030885337667884,1
1,1,0.9191201703375029,1
1,0,0.32679209521630204,1
1,1,0.8286318970497556,1
1,1,0.9952082420418737,1
0,1,0.7550142613810522,1
0,1,0.8319572978987455,1
0,1,0.6484196746468042,0
0,1,0.9846508677553529,1
1,0,0.05481729605584821,0
1,1,0.9614993564902375,1
0,1,0.9174300198358448,1
1,0,0.4384087305002083,0
1,1,0.9790759958494966,1
0,0,0.14320175809616217,0
0,1,0.5284567899468576,1
1,1,0.6711356295318152,1
0,0,0.21869526797272856,0
0,1,0.8307766173423545,1
1,1,0.7799983392380136,1
1,1,0.9672472436228023,1
0,1,0.9175215863403641,1
1,0,0.008640898306801419,0
1,1,0.8796012239634754,1
1,1,0.9028703892854186,0
1,1,0.8300844625497884,1
0,1,0.8134411117185527,1
1,1,0.8752987356082558,1
0,1,0.7694424135396464,1
0,0,0.029810281700259116,0
