y_true,y_pred,y_prob,sensitive_features
0,1,0.5086750720896238,1
1,1,0.9239154585266646,1
0,0,0.4129793270761842,0
0,1,0.5166229956838738,1
1,1,0.8119949907787664,0
1,1,0.6080807316634524,1
1,1,0.7315248616684984,1
0,1,0.7312018781147102,1
1,1,0.818075329036583,1
1,0,0.45141063538077064,1
1,1,0.8859830673065234,1
1,1,0.6563691586812322,1
1,1,0.8476222932480312,1
1,1,0.8229004780834431,1
1,0,0.4095594263167936,0
0,0,0.35161359688169624,1
0,0,0.4384526686509967,0
0,1,0.6113202816951957,1
1,1,0.6774909350082341,0
1,0,0.20727081263738098,0
1,0,0.4509900603346673,0
0,0,0.28352486556251216,0
1,1,0.6303575359943879,1
1,0,0.35260587517115605,1
1,1,0.9541811065906288,1
0,0,0.320996765778684,1
0,1,0.7474816437638578,0
1,0,0.4516559432576435,1
1,1,0.9048999327469327,1
1,1,0.6224806600087673,1
1,0,0.4172921106414829,1
0,1,0.6649325805150538,1
0,1,0.6089100527370758,0
0,1,0.6856062024317408,1
1,1,0.5842935185777156,1
0,1,0.9460765186969554,1
1,0,0.4010686278092968,1
1,1,0.6297257550487364,1
0,1,0.810642873269873,1
1,1,0.9444210688971734,1
0,0,0.37147083888761834,1
1,1,0.9112022974335486,1
1,1,0.938534818472002,1
0,0,0.35728236247642464,1
1,0,0.46650364363084434,1
0,1,0.7001857076323554,1
0,0,0.2407785895449028,0
