y_true,y_pred,y_prob,sensitive_features
0,1,0.7495028647536647,0
1,1,0.8677372720481382,1
0,0,0.24826222779666346,0
1,1,0.739159313809703,1
1,1,0.5524841578611487,1
1,1,0.8585330093512467,1
1,1,0.8821470601992812,1
1,1,0.9416969234590327,1
1,1,0.8634419123942639,1
0,1,0.6477213048854715,1
0,1,0.8403127210930232,1
0,1,0.6230459747411118,1
0,1,0.6410259617666155,0
1,1,0.7543606205296253,1
0,1,0.8021754559162311,1
1,1,0.8031502661005748,0
0,1,0.8300136507530468,1
1,1,0.9268317673267721,1
1,0,0.31807114100437206,0
1,1,0.8031663328540798,1
0,1,0.5662200675643584,0
0,1,0.6472861011556081,0
0,1,0.8622847167011535,1
1,1,0.8623802464354375,1
1,1,0.842389399864581,1
1,0,0.16993600606785297,0
0,0,0.43329946088684257,1
0,1,0.8945216364195261,1
1,1,0.7242098884503041,1
0,1,0.8993085998758031,1
1,1,0.8436798494288993,0
1,1,0.6732357667944714,1
1,1,0.8186067866512239,1
1,1,0.9464295072142389,1
0,0,0.22305051752358374,0
0,1,0.7555258162016206,1
0,1,0.8536041888015026,1
1,1,0.8303219238545793,0
1,1,0.4533766308813142,1
1,1,0.6748994452308273,1
1,1,0.7819815782954811,1
1,1,0.8264625872302105,1
1,0,0.37302739606066637,1
0,1,0.5745308453273987,1
0,1,0.9342268114589238,1
1,1,0.8041184726638237,1
1,1,0.7518683441138687,1
