y_true,y_pred,y_prob,sensitive_features
0,0,0.45349953001047577,1
1,1,0.6782854242707449,1
0,1,0.5306226305850706,0
0,0,0.3333433894555647,1
1,1,0.6256107618021528,0
1,1,0.5680474825949371,1
1,1,0.5389993245636097,1
0,1,0.5030267948023581,1
1,0,0.4662294171776681,1
1,1,0.6539821163081045,1
1,1,0.5059335834868426,1
1,0,0.41377352145588153,1
1,1,0.6807095431264549,1
1,1,0.5360306074208053,1
1,1,0.5914793267405934,0
0,0,0.46955838922009613,1
0,1,0.5307491644548733,0
0,0,0.3031384975744822,1
1,1,0.528974211930107,0
1,0,0.2357493624607244,0
1,0,0.4761901165684111,0
0,0,0.347468040159442,0
1,1,0.5244943612117452,1
1,1,0.6324372386303733,1
1,1,0.679326013982539,1
0,0,0.3374803187389043,1
0,1,0.7147138524160163,0
1,1,0.54946009331776,1
1,1,0.6667345165507408,1
1,1,0.5184363683288266,1
1,0,0.27584522021466606,1
0,0,0.4517096407387211,1
0,0,0.4342407344015319,0
0,1,0.5566620957450794,1
1,1,0.5519845830068113,1
0,1,0.5274993838930057,1
1,1,0.5721872257981873,1
1,1,0.6739461781427325,1
0,1,0.63114400592112,1
1,1,0.8801334459052939,1
0,0,0.17026784131052913,1
1,1,0.6328834713262744,1
1,1,0.5650456231131065,1
0,1,0.783976814239991,1
1,0,0.4204442522535086,1
0,1,0.5864527060364617,1
0,0,0.36432401775775985,0
