y_true,y_pred,y_prob,sensitive_features
1,1,0.8803802071668783,1
1,1,0.983847292027061,0
1,1,0.9385559194407329,1
1,0,0.3170212381045022,1
1,1,0.7501602578006502,1
1,0,0.2219327884011379,1
1,1,0.5570775571156011,1
1,0,0.2835837789716422,1
1,1,0.7924104274363316,1
0,1,0.6443609477512541,0
0,0,0.27001384336282575,0
0,0,0.4302334513837988,1
1,0,0.1521574776684838,1
1,1,0.6899933326166339,1
0,1,0.6245474148038413,1
0,1,0.9297558788815057,1
1,1,0.7385505531947852,1
1,1,0.7459285509112474,1
0,0,0.24122210786861806,0
0,1,0.507972576745901,1
1,0,0.05073878672567271,1
0,0,0.4242167925598682,1
1,0,0.4107138265917104,0
0,1,0.5089591093732317,1
1,1,0.7940475778925419,0
0,0,0.2768130505527135,1
0,0,0.4901809059562225,1
0,1,0.9023718175263384,1
0,0,0.35611473836124297,1
0,1,0.545578731052141,0
0,1,0.8771328061319151,1
1,0,0.22704787657705117,1
0,0,0.18833435620738267,0
1,0,0.45130661145810597,1
1,1,0.5503005623107172,1
1,1,0.5409953804631247,0
1,0,0.3847846234408803,1
0,0,0.42812751435449115,1
0,1,0.9076856420978849,1
1,1,0.6412247039608295,0
0,0,0.199066352410772,0
1,0,0.37548262698118046,1
1,0,0.46100094557355303,1
1,1,0.5043982568563172,1
1,1,0.5324345068599795,1
1,1,0.5061565915318089,1
1,1,0.9500122173773747,1
