y_true,y_pred,y_prob,sensitive_features
1,1,0.8253598818347893,1
1,0,0.44250621105521026,1
0,1,0.678104813354747,0
0,1,0.7650476950617151,1
1,1,0.5166998572950924,0
0,0,0.19195431159459167,0
1,1,0.7520161135962832,1
1,0,0.3431655376401743,0
0,0,0.38823540154542074,0
1,1,0.8121179139371257,1
1,1,0.9291198916023778,1
0,1,0.5997967393916,1
1,1,0.8372435352609311,1
1,1,0.5838834251195737,1
1,0,0.4804502072899975,1
0,1,0.5268518061556634,1
1,1,0.9227726756585849,0
0,1,0.8128040807387661,1
0,0,0.3275522181905151,0
1,0,0.3956267365754108,1
0,0,0.22631974042383057,0
1,1,0.8646526007528716,1
1,1,0.8301525527619755,1
0,1,0.8391952973571137,1
1,1,0.8494738430035812,1
1,1,0.923663019825283,1
0,1,0.5205037324244989,1
1,1,0.7782638578978603,1
1,1,0.5887059769825332,1
1,0,0.25829195623806994,1
0,1,0.7493812874900186,1
1,0,0.30269900365131996,1
0,1,0.5879226911959374,1
1,1,0.5977571251683319,0
0,0,0.4936285207542013,1
1,0,0.2981451126401694,1
0,1,0.6714383095940277,1
1,1,0.929382822369029,1
1,1,0.6385062617708057,1
1,1,0.6673679286310258,1
1,0,0.46584253843271634,1
0,1,0.7513745753259139,1
0,1,0.8987922862313878,1
0,1,0.6383137072493561,0
1,1,0.5376678903311691,0
0,1,0.9558312759728629,1
1,1,0.9122027389117408,1
