y_true,y_pred,y_prob,sensitive_features
1,1,0.9448929078101206,1
1,1,0.6450969086032067,1
0,0,0.3492033191915203,0
0,1,0.8985745150877638,1
1,1,0.544267470256393,0
0,0,0.022464857634690315,0
1,1,0.9392941720255429,1
1,0,0.13948917246299247,0
0,0,0.40459900250624264,0
1,1,0.7853938911643062,1
1,0,0.23883215868368754,1
0,0,0.2660412043755554,1
1,1,0.7221245892364464,1
1,1,0.6738808783593058,1
1,1,0.9097763265145833,1
0,0,0.13865011861790438,1
1,1,0.7583453524699633,0
0,1,0.5166492121548638,1
0,0,0.1616073494394823,0
1,1,0.6320824531387195,1
0,1,0.7499475605594473,0
1,1,0.8769111933290297,1
1,1,0.6153016413573899,1
0,1,0.6641506162682365,1
1,0,0.23368279700619837,1
1,1,0.9934412327300977,1
0,0,0.31287933161370884,1
1,1,0.8386667073754885,1
1,1,0.9046144600840509,1
1,0,0.37396631189985324,1
0,0,0.2597131717690982,1
1,0,0.10581238378437878,1
0,0,0.48906621654609034,1
1,1,0.8781163054546121,0
0,0,0.44754188768264375,1
1,0,0.08377678586088574,1
0,0,0.46528141617593816,1
1,1,0.9840919782355848,1
1,0,0.4183015163711124,1
1,0,0.3358451402565302,1
1,0,0.059270982839874205,1
0,1,0.6534402649238052,1
0,1,0.9165018208743713,1
0,1,0.8558201074901015,0
1,1,0.9617137820709606,0
0,1,0.9949045816749206,1
1,1,0.706038249026265,1
