y_true,y_pred,y_prob,sensitive_features
1,1,0.9343045601679637,1
1,1,0.9870065540121333,0
1,1,0.8371609781265038,1
1,1,0.7713114816338074,1
1,1,0.6635859424475841,1
1,0,0.09700060745470009,1
1,1,0.6439354467370908,1
1,1,0.6879481057387136,1
1,1,0.9436063668186043,1
0,0,0.4206756744551979,0
0,0,0.37216904429168424,0
0,1,0.7551329840584289,1
1,0,0.09249143389255855,1
1,1,0.8750737799966266,1
0,1,0.7778775462119659,1
0,1,0.9227915406897447,1
1,1,0.5150026096332639,1
1,1,0.8847082963132259,1
0,0,0.32166696601751843,0
0,1,0.5846842596166826,1
1,0,0.07220986054911897,1
0,0,0.4299976683813737,1
1,1,0.8494489823418611,0
0,1,0.8092417365140923,1
1,1,0.9527474008386817,0
0,1,0.5211137447573635,1
0,1,0.7305119772018087,1
0,0,0.477939324853758,1
0,1,0.618186029747522,1
0,1,0.6850241688819017,0
0,1,0.7933399905498302,1
1,1,0.5723298267629824,1
0,1,0.7272076558084217,0
1,1,0.57270091849989,1
1,1,0.8036043797690913,1
1,0,0.44901176251565583,0
1,1,0.7712074527941251,1
0,1,0.7518094312231082,1
0,1,0.9312170289544835,1
1,1,0.6017231778346682,0
0,0,0.27401335874177907,0
1,0,0.33444431990985213,1
1,1,0.6934803561535513,1
1,0,0.46510180090069,1
1,1,0.6421776738366308,1
1,1,0.9231299787222497,1
1,1,0.9741636001421714,1
