y_true,y_pred,y_prob,sensitive_features
1,1,0.90220031700643,1
1,1,0.5164759027320195,1
0,0,0.061523246652492786,0
0,1,0.8748379841640626,1
1,0,0.38120562547723985,0
0,0,0.1558219449833767,0
1,1,0.9018543545572714,1
1,0,0.13966853195640103,0
0,0,0.3700674106124956,0
1,1,0.9357436749032654,1
1,1,0.9541563130537337,1
0,1,0.6860706016632728,1
1,1,0.9230621701712641,1
1,1,0.581899243093101,1
1,1,0.827667877923018,1
0,1,0.6529466475051734,1
1,1,0.9502881329088669,0
0,1,0.5786260508517811,1
0,0,0.21575414405662358,0
1,0,0.30305533056834066,1
0,0,0.23759731261128614,0
1,1,0.862891410736282,1
1,1,0.628491190434267,1
0,1,0.8790282285990897,1
1,1,0.9174558269524127,1
1,1,0.978990390491593,1
0,0,0.4185950530798473,1
1,1,0.9375828422476047,1
1,1,0.7506717975815965,1
1,0,0.46402052759274603,1
0,1,0.7087971514126458,1
1,0,0.3087273749783905,1
0,1,0.6646496833601506,1
1,1,0.7719847325507481,0
0,1,0.5284742610000229,1
1,0,0.21030579924725065,1
0,1,0.5908698841705273,1
1,1,0.9581312458356407,1
1,0,0.47863153766413224,1
1,1,0.6070450014520881,1
1,1,0.5361259446219067,1
0,1,0.6279851892799168,1
0,1,0.8101472943147804,1
0,1,0.5990245467394978,0
1,0,0.3261053521259028,0
0,1,0.9847374751605956,1
1,1,0.8831665822674778,1
