y_true,y_pred,y_prob,sensitive_features
0,1,0.7990017009806826,1
0,0,0.20273287013017843,0
1,0,0.25080377993594627,1
0,1,0.965501110226474,1
1,1,0.8578804063279822,0
0,1,0.681404746059278,0
0,0,0.29903334414293603,1
0,0,0.21869063810948047,1
1,1,0.9902938832725622,1
0,1,0.9955607865707237,1
0,0,0.15535139881160545,0
1,0,0.014563823835016209,1
1,1,0.8633389189979039,1
0,0,0.4031469489226737,1
1,1,0.9487087836060234,1
0,1,0.7006508282507429,1
0,1,0.5761826970709578,1
0,0,0.41719819529456853,1
1,0,0.043928770835786175,1
1,1,0.9358490885460032,1
0,0,0.18983741428224157,1
1,1,0.956957071825796,1
1,0,0.05064033593591378,1
1,1,0.7658560025519706,1
1,1,0.9204800590870899,1
0,1,0.9292216136455397,1
1,1,0.9152332372932579,1
1,1,0.9764440509992639,1
0,1,0.8383114188369877,1
1,1,0.5667429164648218,0
1,0,0.08197634799139848,0
1,1,0.9633389778933592,1
0,0,0.10967524431833063,0
1,1,0.9044590758248429,0
1,0,0.3932141026655962,1
1,1,0.9959184838661806,0
1,1,0.8606836389864647,1
1,1,0.8665608263509198,1
1,1,0.916565890659046,1
0,1,0.8237568585150569,0
1,1,0.9110082598378986,1
1,1,0.7788620744571844,1
1,0,0.24426788719903839,1
1,1,0.7013978498115977,1
0,0,0.21922611245027154,1
0,0,0.06952371645404111,0
1,1,0.9422428242602933,1
