y_true,y_pred,y_prob,sensitive_features
0,0,0.08019073549251797,0
1,0,0.4448547530505532,1
1,0,0.4190995242052659,1
1,1,0.9399012855706024,1
0,1,0.625466406543805,1
1,1,0.9776088817196878,1
0,1,0.69445352861354,1
0,1,0.66635913561906,1
1,1,0.5442278010719989,1
0,1,0.7659785696947076,0
0,1,0.68088222421912,1
0,1,0.7286579330994906,1
1,1,0.7177481631888665,1
1,1,0.8930328858183945,1
1,0,0.18488602360885825,1
1,0,0.4770874063770029,1
0,1,0.781649405602472,1
1,0,0.24487671597921237,1
0,0,0.10255478838103665,0
1,1,0.9662520702510651,1
0,1,0.6239128190592333,1
1,1,0.6881865311154409,0
0,0,0.25540958092382404,1
0,1,0.957882864830203,1
1,0,0.44577581087850293,0
1,0,0.1560833652095583,1
0,1,0.949196331052037,1
1,1,0.7487992377865791,1
1,1,0.9096611596306654,1
0,0,0.1545235018304931,0
0,0,0.18682310821110648,0
1,1,0.8830710207598321,1
1,1,0.7796067070411186,1
0,0,0.3366002353780286,1
0,1,0.6879143536556869,1
1,1,0.763602698809398,1
0,0,0.37807709514247634,1
1,1,0.9084732247254012,1
1,1,0.5635644779149268,1
0,0,0.1626630642694185,0
1,0,0.4891646139625584,1
1,1,0.9640712359613709,0
1,1,0.7474975902837362,1
1,1,0.7480725874339109,1
1,1,0.9863007271794866,1
1,1,0.9935909788609295,0
1,1,0.5798412959665852,0
