y_true,y_pred,y_prob,sensitive_features
1,1,0.6804664557875217,1
1,0,0.5073194047886695,1
0,1,0.6271704890923299,0
0,1,0.6395082466092562,1
1,0,0.4713235289571731,0
0,0,0.3370219026488491,0
1,1,0.67714072171138,1
1,0,0.507838049522392,0
0,0,0.43747859379173726,0
1,1,0.7740899372596853,1
1,1,0.7584815104787086,1
0,1,0.7057453031110855,1
1,1,0.7390438668345786,1
1,1,0.604714917088352,1
1,1,0.5635726687850842,1
0,1,0.5597889668223194,1
1,1,0.7370720512666034,0
0,1,0.6400483148334192,1
0,0,0.5,0
1,1,0.5778013591377651,1
0,0,0.3026614713196971,0
1,1,0.7498866342129307,1
1,1,0.671726859767632,1
0,1,0.7203282869796694,1
1,1,0.54753794465102,1
1,1,0.7915510852287808,1
0,1,0.6341976721008352,1
1,1,0.6865154359815553,1
1,1,0.6643401742403414,1
1,0,0.5189620944004474,1
0,1,0.7018661238303405,1
1,0,0.4180561555416288,1
0,1,0.6658137447702567,1
1,1,0.6842311253615173,0
0,0,0.4872214242848928,1
1,0,0.44524751686232455,1
0,1,0.6693002858735188,1
1,1,0.8067891658879623,1
1,1,0.6537943015226739,1
1,1,0.6532036042487136,1
1,0,0.4250493288179233,1
0,1,0.6658781829023434,1
0,1,0.8295387489800404,1
0,1,0.6332345391055981,0
1,1,0.5564672097947553,0
0,1,0.7568069927452326,1
1,1,0.7122883629558711,1
