y_true,y_pred,y_prob,sensitive_features
1,1,0.9550784937822071,1
1,1,0.9527641394176922,0
1,1,0.9284980575322855,1
1,0,0.33147102914249105,1
1,1,0.85132864205315,1
1,0,0.17555691088192715,1
1,1,0.6515335921512538,1
1,0,0.3129115095845792,1
1,1,0.6408394184576516,1
0,1,0.5569094684380859,0
0,0,0.19311697689543147,0
0,0,0.41368130230741557,1
1,0,0.12747358841292825,1
1,1,0.9182133906454428,1
0,0,0.44033757784604866,1
0,1,0.9133400160000943,1
1,1,0.652707448550075,1
1,1,0.7597642345366075,1
0,0,0.15506379235207632,0
0,0,0.4416336198188315,1
1,0,0.03322808496900943,1
0,1,0.7672869751431328,1
1,0,0.4670434595696499,0
0,0,0.3682932281534783,1
1,1,0.7165770467119754,0
0,0,0.3231465910115006,1
0,1,0.5215422794659065,1
0,1,0.8560592945598936,1
0,0,0.3395711878204413,1
0,0,0.4719304949040778,0
0,1,0.9849044590544858,1
1,0,0.24401772773299416,1
0,0,0.18988685302091776,0
1,1,0.5385015597572572,1
1,1,0.6922063053947333,1
1,0,0.34801707470908755,0
1,0,0.3231328044181071,1
0,1,0.5647694555047619,1
0,1,0.8365285399224828,1
1,0,0.4115176396249583,0
0,0,0.19163911136606587,0
1,0,0.40426969062770357,1
1,0,0.49444684481297624,1
1,0,0.25791158238840417,1
1,1,0.678493183777249,1
1,1,0.6311699855042242,1
1,1,0.9660313452090433,1
