y_true,y_pred,y_prob,sensitive_features
0,1,0.6073735497851922,1
1,1,0.7081446787358296,1
1,1,0.5242924882554015,1
1,1,0.6886111407463873,1
1,1,0.8137866568501042,1
0,1,0.5741799332139651,1
1,1,0.8622837985796887,0
1,0,0.4026660772199372,0
0,1,0.6088190044455666,1
0,1,0.5830374771690802,0
0,0,0.1427982997829311,0
1,1,0.6656116589103795,1
0,1,0.7995171594879408,1
0,1,0.678939308469278,1
0,0,0.2971034390424502,1
1,1,0.701608912610146,1
1,1,0.7240797314725742,1
0,0,0.4068815117065824,1
1,1,0.5154053179578904,1
1,1,0.5172763428647006,1
0,1,0.7308567338126114,1
0,1,0.8488577200879501,0
1,0,0.2119592296098887,1
1,1,0.5160369652427248,1
1,1,0.684817036192584,1
0,1,0.7544717145013601,1
0,0,0.3363927195494728,1
1,0,0.19977873745315064,1
1,1,0.90119777875388,1
1,1,0.7140414497552298,1
1,1,0.8335727251118296,1
1,0,0.48789432238223845,1
0,1,0.7295734947826263,0
1,0,0.4019537232257576,1
1,0,0.40306025796774975,1
0,0,0.4228741572779263,0
1,0,0.20129317673183697,1
1,1,0.5833487365222612,0
0,1,0.7067171857224488,1
0,0,0.4285445850339628,0
0,1,0.7837438775942683,1
1,1,0.6802855765471755,1
0,0,0.4448804131960074,1
1,1,0.8419892703766215,0
1,0,0.48894827582022166,1
1,0,0.3114143988669528,1
1,1,0.6272808684003921,0
