y_true,y_pred,y_prob,sensitive_features
0.0,1.0,0.86191062497207,1
1.0,1.0,0.8795560316289718,1
1.0,1.0,0.6536090424857831,1
1.0,1.0,0.7008846387074088,1
1.0,1.0,0.8296280784808735,1
0.0,1.0,0.6183099721434937,1
1.0,1.0,0.9293655840964189,0
1.0,1.0,0.605424071393581,0
0.0,1.0,0.7736048465729649,1
0.0,0.0,0.393872371912896,0
0.0,0.0,0.35252370930773574,0
1.0,1.0,0.8992069189261739,1
0.0,1.0,0.7859699578813437,1
0.0,1.0,0.8745071599004398,1
0.0,0.0,0.37476045789398643,1
1.0,1.0,0.879251992149616,1
1.0,1.0,0.9454999811353086,1
0.0,1.0,0.5281945008676737,1
1.0,1.0,0.5884517007183558,1
1.0,1.0,0.5096173165274737,1
0.0,1.0,0.7403042442720876,1
0.0,0.0,0.35635466662763515,0
1.0,0.0,0.4125768197128607,1
1.0,1.0,0.7581057985101899,1
1.0,1.0,0.7058606110752526,1
0.0,1.0,0.8404652933299535,1
0.0,1.0,0.5423751455576963,1
1.0,0.0,0.3112288449134271,1
1.0,1.0,0.9813640299978342,1
1.0,1.0,0.8834296879899759,1
1.0,1.0,0.9096838773623006,1
1.0,1.0,0.7036603844966901,1
0.0,0.0,0.2807612027693579,0
1.0,1.0,0.6767886741257954,1
1.0,0.0,0.37643360930701913,1
0.0,0.0,0.1220628703089662,0
1.0,0.0,0.31192350379693473,1
1.0,1.0,0.6004027777245027,0
0.0,1.0,0.9116991224985443,1
0.0,0.0,0.4552177365092745,0
0.0,1.0,0.9238179204015027,1
1.0,1.0,0.9082154760420716,1
0.0,1.0,0.8070596505306892,1
1.0,1.0,0.8547472261126007,0
1.0,1.0,0.6342363648247621,1
1.0,1.0,0.8228759013496357,1
1.0,1.0,0.7277170186678696,0
