y_true,y_pred,y_prob,sensitive_features
1,1,0.612075868340951,1
1,1,0.9860633076984519,0
1,1,0.9020941250785919,1
1,1,0.6195650298009789,1
1,1,0.6150038760673371,1
1,0,0.4768354850690414,1
1,1,0.565189534283576,1
1,0,0.40877530807648854,1
1,1,0.8469188042340645,1
0,1,0.6204344249893199,0
0,0,0.48037052475200515,0
0,1,0.5574653084927125,1
1,1,0.8039383467173088,1
1,1,0.7326143419632457,1
0,1,0.8697448454375861,1
0,1,0.7807876175551041,1
1,1,0.7448000729708131,1
1,1,0.9108270549557536,1
0,0,0.03899600354621678,0
0,0,0.37877667660274866,1
1,0,0.29119963140547367,1
0,1,0.677994441321213,1
1,1,0.6218016859869191,0
0,1,0.9090689062271763,1
1,1,0.7896820758667175,0
0,0,0.36097944679726984,1
0,0,0.27572134552286887,1
0,1,0.5172175429444748,1
0,1,0.596199443106592,1
0,1,0.5199798770193035,0
0,0,0.4877151048597841,1
1,0,0.13361142838576703,1
0,1,0.5918867564760978,0
1,1,0.645457927032388,1
1,1,0.9539175738325724,1
1,0,0.2129805720557362,0
1,1,0.5193630553984571,1
0,1,0.6660661342194826,1
0,1,0.9155446573324777,1
1,1,0.6951844005950606,0
0,0,0.15092141232159306,0
1,0,0.47820528204701973,1
1,1,0.8310353638083006,1
1,0,0.14066011958314012,1
1,1,0.7644924304488954,1
1,0,0.24340681108687862,1
1,1,0.9939787569036124,1
