y_true,y_pred,y_prob,sensitive_features
0,0,0.5485959694899996,1
1,1,0.7153507883388006,1
0,0,0.5510597908274445,0
0,1,0.63567917398444,1
1,1,0.5873087880439968,0
1,1,0.5737672011877937,1
1,1,0.5954562791179436,1
0,1,0.6254791642635641,1
1,1,0.646851392408334,1
1,1,0.5981798968736309,1
1,1,0.6439327873178997,1
1,1,0.6129974217367993,1
1,1,0.6870052111962704,1
1,1,0.6585367366947055,1
1,1,0.6007128298999197,0
0,1,0.5604311919408151,1
0,0,0.5140584053561033,0
0,1,0.619564740351733,1
1,1,0.6553115646837698,0
1,0,0.5210379099880815,0
1,1,0.5776861951957819,0
0,0,0.447847190210618,0
1,1,0.6500304414307531,1
1,0,0.550769240780312,1
1,1,0.6824662441644335,1
0,0,0.5,1
0,0,0.5536566994171938,0
1,1,0.5644735702908803,1
1,1,0.5865474829839004,1
1,1,0.5828413251707154,1
1,0,0.5155914330470903,1
0,1,0.6068318514115837,1
0,0,0.4712316674363732,0
0,1,0.6311060309640102,1
1,1,0.5840338706071599,1
0,1,0.6556022106512924,1
1,0,0.5223524461836088,1
1,1,0.6211051960920327,1
0,1,0.6598493881579609,1
1,1,0.604903770814633,1
0,1,0.6178146755792517,1
1,1,0.7031011571466224,1
1,1,0.61682698421235,1
0,1,0.6318245019189125,1
1,0,0.5,1
0,1,0.6393646094685387,1
0,0,0.4307190458088578,0
