y_true,y_pred,y_prob,sensitive_features
0,1,0.7812573549649262,1
0,0,0.3902961746425954,0
1,1,0.7916977277468543,1
0,1,0.8245946252399794,1
1,1,0.6071816582604528,0
0,0,0.16011183926319947,0
0,1,0.8380954175642714,1
0,0,0.4096631578870601,1
1,1,0.7026984868011538,1
0,1,0.7575656350243356,1
0,0,0.3561906666785716,0
1,1,0.5089394300422548,1
1,1,0.716285626388402,1
0,0,0.41523491804809853,1
1,1,0.742395620363973,1
0,1,0.5620665242379367,1
0,1,0.7364721064511415,1
0,1,0.7565831950012416,1
1,1,0.7991554170224712,1
1,1,0.5733545129123193,1
0,0,0.3415673427989524,1
1,1,0.6872683133225155,1
1,1,0.6713700084359521,1
1,1,0.7121862403423803,1
1,1,0.5743919465589933,1
0,1,0.7780832569394929,1
1,1,0.6247425656805349,1
1,1,0.6550550497206593,1
0,1,0.7796621967469527,1
1,0,0.3417385352589798,0
1,0,0.26339638528972276,0
1,1,0.847187869483527,1
0,0,0.08740991189097315,0
1,1,0.6062999630527848,0
1,1,0.5949780464790072,1
1,1,0.6664118743311362,0
1,0,0.4869966080436123,1
1,0,0.36610530092412846,1
1,1,0.8091460371518252,1
0,1,0.5673764563277826,0
1,1,0.8128696941437317,1
1,0,0.4559808982119315,1
1,0,0.4900030732834579,1
1,1,0.6965535776403363,1
0,1,0.5570427833537024,1
0,0,0.2742088860042166,0
1,0,0.4314385162582851,1
