y_true,y_pred,y_prob,sensitive_features
0,1,0.9196939842574914,1
0,1,0.6790162451320757,0
1,0,0.468059636213492,1
0,1,0.9779349022821191,1
1,1,0.6881889733821195,0
0,1,0.5242599775293667,0
0,1,0.7883189877605374,1
0,0,0.19267454467977926,1
1,1,0.8701042019978066,1
0,1,0.983739935319108,1
0,0,0.019553779311859403,0
1,0,0.04814224705473941,1
1,1,0.9938125317206874,1
0,0,0.17724311096949397,1
1,1,0.7467332972700726,1
0,1,0.7113537948761226,1
0,1,0.6997522251698272,1
0,1,0.7690149050514484,1
1,1,0.6235689341783184,1
1,1,0.8517530432340247,1
0,0,0.07181930707975208,1
1,1,0.9729409613348254,1
1,0,0.16008590164993902,1
1,0,0.4926260338499146,1
1,1,0.7133543778400478,1
0,1,0.9425348276718595,1
1,1,0.7628159999267242,1
1,1,0.966697760323548,1
0,0,0.4972740523429377,1
1,1,0.6077957164909765,0
1,0,0.34919860821509535,0
1,1,0.6881597171035974,1
0,0,0.11421344728177742,0
1,1,0.8457943949474662,0
1,1,0.5465786844802686,1
1,1,0.999989860961706,0
1,1,0.7851304432696548,1
1,0,0.32969561869392755,1
1,1,0.830016744230388,1
0,1,0.7021368746602967,0
1,1,0.8261084638596594,1
1,0,0.35341780099650194,1
1,0,0.10615003363117605,1
1,1,0.6983117806430701,1
0,0,0.42292198514885293,1
0,0,0.010803217740290192,0
1,1,0.5642044461457842,1
