y_true,y_pred,y_prob,sensitive_features
1,1,0.9717067205126967,1
1,1,0.999413286038075,0
1,1,0.980239245715427,1
1,0,0.39608281626336506,1
1,1,0.6910328101038483,1
1,0,0.20008245508608533,1
1,1,0.6681951307131628,1
1,0,0.39952102452636756,1
1,1,0.8788838670907723,1
0,0,0.4829761819832593,0
0,0,0.1821080622720272,0
0,1,0.6719578465545207,1
1,0,0.05582170659289788,1
1,1,0.8349838654432373,1
0,1,0.679013457284915,1
0,1,0.9760466276492085,1
1,1,0.7864668932238034,1
1,1,0.7945345795696298,1
0,0,0.17119428598254494,0
0,1,0.5828939410476661,1
1,0,0.05378137912228825,1
0,1,0.7743723563672484,1
1,1,0.5640520574061139,0
0,0,0.4237479920820389,1
1,1,0.8376767832734465,0
0,0,0.3565186728861771,1
0,1,0.5683597527243794,1
0,1,0.6931863570106683,1
0,0,0.28601430694572944,1
0,1,0.5503435807690766,0
0,1,0.9445564075126914,1
1,0,0.25724449208053274,1
0,0,0.2606549188542402,0
1,1,0.5014076288532675,1
1,1,0.5086908121997442,1
1,1,0.564322838448047,0
1,0,0.418143709219056,1
0,0,0.4298662268929204,1
0,1,0.9587092708663723,1
1,1,0.6278392648650751,0
0,0,0.268594860606754,0
1,0,0.36479214713726665,1
1,0,0.430127367041878,1
1,1,0.6407369988649595,1
1,1,0.7325658785123591,1
1,1,0.5790069195833714,1
1,1,0.9790740200443983,1
