y_true,y_pred,y_prob,sensitive_features
1,1,0.9653429087862594,1
1,1,0.9892380222291168,0
1,1,0.8617385112658624,1
1,1,0.9515193637207248,1
1,1,0.7907461683081017,1
1,0,0.17169811534599805,1
1,1,0.734118017314462,1
1,0,0.3543883202765265,1
1,1,0.9369627321334789,1
0,0,0.4891932623388821,0
0,0,0.29090515390839927,0
0,1,0.8443612699394174,1
1,0,0.19011892287475407,1
1,1,0.6234178957278224,1
0,0,0.12890007208847892,1
0,1,0.8931544243051904,1
1,1,0.6068890367335873,1
1,1,0.658097409525732,1
0,0,0.2350423942295021,0
0,1,0.5044855553314473,1
1,0,0.2138657689136673,1
0,1,0.5936573181653472,1
1,1,0.7059581228046383,0
0,1,0.8454959213525479,1
1,0,0.41334236987147377,0
0,1,0.5409988681981318,1
0,1,0.5130428272709605,1
0,1,0.5530435231052626,1
0,1,0.7984578202368731,1
0,1,0.9040272292212187,0
0,1,0.78697547047118,1
1,0,0.06973718712422228,1
0,1,0.7338209011220187,0
1,1,0.6415637085180703,1
1,1,0.5071433087370569,1
1,0,0.15347850778899869,0
1,0,0.20241607480938903,1
0,1,0.6084254303399768,1
0,1,0.9059833378591868,1
1,0,0.4685344891198439,0
0,0,0.19852442146815683,0
1,0,0.03787399968908108,1
1,0,0.40667238645039255,1
1,1,0.6171426941022817,1
1,1,0.9510072815387146,1
1,0,0.383018835360047,1
1,1,0.9293503449097412,1
