y_true,y_pred,y_prob,sensitive_features
1,1,0.9495481862595725,1
1,1,0.9828251838091567,0
1,1,0.8709234353042105,1
1,1,0.9278142633193883,1
1,1,0.8373986174346292,1
1,0,0.14185632439156312,1
1,1,0.8168836273546026,1
1,0,0.13538777159019452,1
1,1,0.9543965085762066,1
0,0,0.4146121686235637,0
0,0,0.08982728622922248,0
0,1,0.7734100192531322,1
1,0,0.4361631940208998,1
1,1,0.9661518025679758,1
0,1,0.5928792678421805,1
0,1,0.9511778020884444,1
1,1,0.8290084934234558,1
1,1,0.9056752380975415,1
0,0,0.14708934303391352,0
0,0,0.22356244194692917,1
1,0,0.14584688911325616,1
0,1,0.909674313425845,1
1,1,0.732270536324065,0
0,1,0.7243204474060462,1
1,1,0.9246604302213437,0
0,0,0.27790281965276004,1
0,1,0.6946633791446691,1
0,0,0.34259998319895674,1
0,0,0.38500589873303614,1
0,1,0.6802018333077844,0
0,1,0.7027767659774244,1
1,0,0.46760763343593054,1
0,1,0.5644312913987453,0
1,0,0.38415817502015587,1
1,0,0.3452398019376102,1
1,0,0.0731235335586963,0
1,1,0.5102408178295117,1
0,1,0.7172237440423317,1
0,1,0.9321983985606219,1
1,0,0.3285739667514763,0
0,0,0.2858883628826674,0
1,0,0.39001820587439023,1
1,0,0.33344953366560665,1
1,1,0.5024343135919535,1
1,1,0.6866275332725074,1
1,1,0.8623112781052925,1
1,1,0.9906738342126351,1
