y_true,y_pred,y_prob,sensitive_features
0,1,0.8250270469726417,1
1,1,0.886939645085078,1
1,1,0.5948611479667756,1
1,1,0.8096785967893853,1
1,1,0.924595550771578,1
0,1,0.6594900562665863,1
1,1,0.9288786166006644,0
1,0,0.32286146143294653,0
0,1,0.8362450950727874,1
0,1,0.5528058625368104,0
0,0,0.3217885004340171,0
1,1,0.9231226669886223,1
0,1,0.7539725741240784,1
0,1,0.7619400737414455,1
0,0,0.35071575550175943,1
1,1,0.5619188131106094,1
1,1,0.9369639798027877,1
0,0,0.48514112857738867,1
1,1,0.6520123287937825,1
1,1,0.6888245464693394,1
0,1,0.685726510382047,1
0,1,0.5620633590374622,0
1,0,0.24360173674421345,1
1,1,0.8935571814253455,1
1,1,0.7956518973839782,1
0,1,0.8472570430984684,1
0,0,0.459360072985361,1
1,0,0.19077042745670827,1
1,1,0.9647187310481228,1
1,1,0.8711305827754116,1
1,1,0.8110167329929422,1
1,1,0.5210179017536267,1
0,1,0.801621643568804,0
1,1,0.5439633614691863,1
1,0,0.28906154219828806,1
0,0,0.2106479706350506,0
1,0,0.20403920981757853,1
1,0,0.47727416724566485,0
0,1,0.7685090037164838,1
0,0,0.07489923034194955,0
0,1,0.8791903149448675,1
1,1,0.6513573449597048,1
0,0,0.3049859248211771,1
1,1,0.7494148043452145,0
1,1,0.6889349761234455,1
1,1,0.5624998392421786,1
1,1,0.6041927170988213,0
