y_true,y_pred,y_prob,sensitive_features
1,1,0.6535496559649251,1
1,1,0.6450654242110121,0
1,1,0.6464120669481681,1
1,1,0.6348147006399668,1
1,1,0.644807332047828,1
1,1,0.6347625665093036,1
1,1,0.6477026246494879,1
1,1,0.6363379580044335,1
1,1,0.6462626576835748,1
0,1,0.6367283798261691,0
0,1,0.6327387983198749,0
0,1,0.6424779011076457,1
1,1,0.6377437012256947,1
1,1,0.643418600934933,1
0,1,0.6376232453390086,1
0,1,0.6447747790854128,1
1,1,0.6452505828293381,1
1,1,0.6401468684740733,1
0,0,0.6240163444411676,0
0,1,0.6437367978186419,1
1,0,0.6140356794630721,1
0,1,0.6465683742009358,1
1,1,0.6348509180250841,0
0,1,0.6362083000822342,1
1,1,0.6419199769888071,0
0,1,0.6315564879214121,1
0,1,0.64448047922182,1
0,1,0.6423263389323943,1
0,1,0.6363385056131277,1
0,1,0.6419509534805884,0
0,1,0.6385621739700822,1
1,1,0.6295602632745534,1
0,1,0.6312572747966044,0
1,1,0.6441853218686601,1
1,1,0.6353110346877475,1
1,0,0.6283822881092361,0
1,1,0.6356925913846877,1
0,1,0.6398160308248373,1
0,1,0.6499128086769631,1
1,1,0.642496220093067,0
0,0,0.621642361304167,0
1,1,0.6349852219598671,1
1,1,0.6393266031519933,1
1,1,0.6458027447437702,1
1,1,0.6486304722394234,1
1,1,0.6355719815158227,1
1,1,0.6459587651116203,1
