y_true,y_pred,y_prob,sensitive_features
1,1,0.7148650423637513,1
1,1,0.7783539709745121,0
0,1,0.6512544635699801,1
0,1,0.7844193893777864,1
0,0,0.35157069859796347,0
1,1,0.7275670797121884,1
0,1,0.5520387821138677,1
0,1,0.7108500145721055,1
1,1,0.9331920957427802,1
1,0,0.2363714982663801,1
0,1,0.5821880993099624,1
1,1,0.6222893242954868,1
1,1,0.7406493905873205,1
1,1,0.8701507978642863,0
1,1,0.594734763683568,0
0,0,0.3847945803623498,1
1,1,0.7725449298099986,1
0,1,0.7067468419792513,1
1,1,0.7255163138584032,1
1,1,0.5736642864152434,1
1,1,0.6741908285996652,1
0,1,0.531716859300405,0
0,0,0.4259704104054716,1
1,0,0.2248032044977893,0
0,1,0.8409166333775709,1
0,1,0.6256005131481417,1
1,1,0.5391050698595653,1
0,0,0.3143682097428546,0
1,1,0.5155645344804726,1
1,1,0.7624642010646273,1
1,1,0.5243332391893939,1
1,1,0.6924191537976382,0
1,1,0.48740238462826274,1
0,1,0.8191052246098922,1
1,0,0.40302543074243546,1
1,1,0.6924476236029093,1
0,0,0.2680861177616861,1
0,0,0.3693595031252115,0
0,0,0.17223501358843152,0
1,0,0.4415220144618284,1
1,1,0.7708198655338372,1
1,1,0.6122737790704825,1
1,1,0.5722391237883523,1
1,0,0.18496401930172898,1
0,1,0.5380470728443163,1
1,1,0.5833447850247698,1
0,1,0.605870921697673,0
