y_true,y_pred,y_prob,sensitive_features
1,1,0.9318719195472696,1
1,1,0.7321935809751469,0
1,1,0.7945276390559122,1
1,1,0.5988783453703302,1
1,1,0.8004996032293455,1
1,1,0.6050217372170469,1
1,1,0.8261340762105378,1
1,1,0.5720465521025504,1
1,1,0.8371464422870653,1
0,1,0.6621403755210904,0
0,0,0.35790730020744704,0
0,1,0.7002877033577734,1
1,1,0.6406147569680767,1
1,1,0.6439730770078285,1
0,1,0.582389180333609,1
0,1,0.7771256556111741,1
1,1,0.8137794035534474,1
1,1,0.7517454393892651,1
0,0,0.3057263915442951,0
0,1,0.6953033448560075,1
1,0,0.27875908621085127,1
0,1,0.7810769054658935,1
1,1,0.5746060440836858,0
0,1,0.6736969760908434,1
1,1,0.7688348025963445,0
0,0,0.3545182532938924,1
0,1,0.6856605552711547,1
0,1,0.6924357249944197,1
0,1,0.6270356643578234,1
0,1,0.6697644888738586,0
0,1,0.6901324822964832,1
1,0,0.195784706323872,1
0,0,0.3720628930892633,0
1,1,0.781870244507308,1
1,1,0.6052213231784883,1
1,0,0.46005632390126416,0
1,0,0.424087258562287,1
0,1,0.6236574393216938,1
0,1,0.8777229920976669,1
1,1,0.524892850660015,0
0,0,0.26090618859473713,0
1,0,0.46976063050637074,1
1,1,0.6420405592848957,1
1,1,0.7180162058422702,1
1,1,0.88206485470672,1
1,1,0.6064296852860827,1
1,1,0.7683390007657219,1
