y_true,y_pred,y_prob,sensitive_features
0,1,0.7398060739911198,1
1,1,0.7431781291937379,1
1,1,0.5649445431935459,1
1,1,0.623302847661969,1
1,1,0.7680868128168984,1
0,0,0.5375026535869094,1
1,1,0.7291114580108922,0
1,1,0.5962913390817499,0
0,1,0.7110039972086206,1
0,0,0.4888309838184498,0
0,0,0.5162693462505914,0
1,1,0.6656706538300547,1
0,1,0.7044377406502528,1
0,1,0.6589203237255686,1
0,1,0.5835426960007682,1
1,1,0.7299436929616326,1
1,1,0.7982763240192134,1
0,1,0.6422966805757915,1
1,0,0.4902240437675075,1
1,1,0.6170010819541264,1
0,1,0.7030704155415928,1
0,1,0.5940069712804363,0
1,0,0.44573272627639704,1
1,1,0.6733721230674488,1
1,1,0.6041236466482381,1
0,1,0.7215939291709493,1
0,0,0.5364998682106031,1
1,0,0.4674421548353588,1
1,1,0.7844267844707654,1
1,1,0.6550635348407994,1
1,1,0.7002650210412787,1
1,1,0.6292283505353472,1
0,1,0.6535689509668555,0
1,1,0.5913567818265468,1
1,0,0.48506337458240967,1
0,0,0.39022111483348787,0
1,0,0.4639084400643582,1
1,1,0.5408108717720781,0
0,1,0.7634435355187658,1
0,0,0.5051229321426888,0
0,1,0.7188552850077374,1
1,1,0.7357311821867331,1
0,1,0.6826785473300174,1
1,1,0.6273661162217901,0
1,1,0.6355509469323523,1
1,1,0.6567905474042137,1
1,1,0.664983906857611,0
