y_true,y_pred,y_prob,sensitive_features
1,1,0.7213059794276044,1
1,1,0.5644860363448216,0
1,1,0.5942922724352591,1
1,0,0.46465112990972335,1
1,1,0.5467202950891622,1
1,0,0.4754032289742425,1
1,1,0.637539849744909,1
1,0,0.456505924832173,1
1,1,0.5981879410512668,1
0,1,0.6192243099009404,0
0,0,0.4829096680100979,0
0,1,0.5147653355613819,1
1,0,0.48766535684322104,1
1,1,0.5644045325165654,1
0,0,0.45726541953919886,1
0,1,0.563016788929879,1
1,1,0.5776399461348591,1
1,1,0.5696392953237602,1
0,0,0.43576091535864475,0
0,1,0.5420318597712357,1
1,0,0.3933558646050952,1
0,1,0.5868897009845988,1
1,1,0.5,0
0,1,0.5,1
1,1,0.5863546180461896,0
0,0,0.4005906091333646,1
0,1,0.5546342561253098,1
0,1,0.5376964184715729,1
0,1,0.5065095473633572,1
0,1,0.6303092990673925,0
0,1,0.5413473457716366,1
1,0,0.3423199590227176,1
0,0,0.4427640918968995,0
1,1,0.5868152510258104,1
1,0,0.48092166665937963,1
1,1,0.5159415207194951,0
1,0,0.41208024195994497,1
0,0,0.482063244661155,1
0,1,0.6611814745577105,1
1,0,0.4933900622346955,0
0,0,0.42962567474755237,0
1,0,0.4379052272073349,1
1,1,0.5857827106553597,1
1,0,0.44283647400441684,1
1,1,0.6503742793106475,1
1,1,0.5098401311352938,1
1,1,0.6111370890330361,1
