y_true,y_pred,y_prob,sensitive_features
1,0,0.20973621067616224,1
1,0,0.45802087172178263,1
0,0,0.17183942336899188,0
0,1,0.8425718165001764,1
1,1,0.8748827387549221,0
0,1,0.774878208758301,0
1,0,0.25301229618448573,1
1,1,0.9052071610322077,0
0,1,0.8676057152275194,0
1,1,0.9540633322246926,1
1,1,0.9214705759502619,1
0,1,0.7404397124285934,1
1,1,0.9640422163782414,1
1,0,0.3571751083741416,1
1,1,0.9640422163782414,1
0,1,0.5181508141051205,1
1,1,0.9606352748833701,0
0,0,0.38766936623470827,1
0,1,0.5875867169643623,0
1,1,0.788197573252535,1
0,1,0.5506775425642281,0
1,1,0.9630380209355669,1
1,0,0.24077116271724688,1
0,1,0.8676057152275194,1
1,0,0.17620433811668754,1
1,1,0.9733785384427112,1
0,0,0.26399371016349377,1
1,1,0.6118607426057532,1
1,1,0.8846481295899914,1
1,0,0.2456810025678598,1
0,0,0.12450237222111149,1
1,1,0.5181508141051205,1
0,1,0.8955601826598943,1
1,0,0.1545024962678249,0
0,1,0.9640422163782414,1
1,1,0.7676854087445455,1
0,1,0.6866059045236532,1
1,1,0.9854631691616478,1
1,1,0.9508072990877422,1
1,1,0.5134018002436457,1
1,1,0.5162392999163536,1
0,1,0.9621198077563597,1
0,1,0.937872685153039,1
0,1,0.7404397124285934,0
1,0,0.1892098176688283,0
0,1,0.8050117793012437,1
1,1,0.9686273930669516,1
