y_true,y_pred,y_prob,sensitive_features
0,0,0.41254837195469307,1
1,1,0.9311838432561078,1
0,0,0.4870919128269863,0
0,0,0.37935175367431934,1
1,1,0.771984147755362,0
1,1,0.6339549238264328,1
1,1,0.7407462829193874,1
0,1,0.5984217036240164,1
1,1,0.9307810925204619,1
1,1,0.7331855970366857,1
1,1,0.8117570695993431,1
1,1,0.5801836657608953,1
1,1,0.8458581750904788,1
1,1,0.8317358307974948,1
1,1,0.5587270525880513,0
0,0,0.21780342757789095,1
0,1,0.6392054205023358,0
0,1,0.6009125284394861,1
1,1,0.9018607003981148,0
1,0,0.2440229173958376,0
1,1,0.6444350630455371,0
0,0,0.2907263479129685,0
1,1,0.69831186525263,1
1,1,0.5166725680534928,1
1,1,0.9829532034868879,1
0,0,0.17979771361920668,1
0,1,0.6568233336276713,0
1,0,0.3882484061010776,1
1,1,0.7078480793362308,1
1,0,0.45971547878393176,1
1,0,0.4247333851288018,1
0,1,0.5240061427219871,1
0,0,0.4918118898690177,0
0,1,0.93443073380864,1
1,1,0.6137523071346245,1
0,1,0.9743046197627295,1
1,0,0.24180233440050383,1
1,1,0.6002435346481647,1
0,1,0.8284749037424941,1
1,1,0.7485757709036727,1
0,0,0.28220137162184017,1
1,1,0.9047083510173839,1
1,1,0.8759715512178708,1
0,0,0.3604787047633702,1
1,0,0.3726270304689788,1
0,1,0.6220254857005387,1
0,0,0.12201523575190486,0
