y_true,y_pred,y_prob,sensitive_features
0,1,0.9973065352536103,1
1,1,0.9669034328612786,1
1,1,0.6983555453272676,1
1,1,0.6851590724887576,1
1,1,0.9931320144598523,1
0,0,0.20343937847080862,1
1,1,0.8239450272026277,0
1,1,0.981263578071813,0
0,1,0.9888942237965376,1
0,0,0.07601688889222252,0
0,0,0.2970145913483668,0
1,1,0.9337549214112421,1
0,1,0.9303508049857174,1
0,1,0.9126664153103088,1
0,1,0.9151409017902767,1
1,1,0.9926320124678907,1
1,1,0.9888963421022354,1
0,1,0.7324697160587157,1
1,0,0.07429506676977991,1
1,1,0.7709321704320703,1
0,1,0.9584683926765803,1
0,0,0.3949089089134404,0
1,0,0.190647418648844,1
1,1,0.8066746262071877,1
1,0,0.07911439435646692,1
0,1,0.9860446690824165,1
0,0,0.3729999194857792,1
1,0,0.05200925461811304,1
1,1,0.9881239139691556,1
1,0,0.4304296573157024,1
1,1,0.9348267935802607,1
1,1,0.8515898222613567,1
0,1,0.7618553491744603,0
1,1,0.599703160855168,1
1,0,0.2253006032390455,1
0,0,0.34803080331155944,0
1,1,0.7686107274755677,1
1,1,0.6158337717497333,0
0,1,0.8909368094353742,1
0,0,0.26111099456030806,0
0,1,0.9962805346511079,1
1,1,0.5094919311011923,1
0,0,0.2146508483100428,1
1,1,0.9672631450359762,0
1,1,0.9598586636655156,1
1,1,0.7992400765871424,1
1,1,0.506848506578028,0
