y_true,y_pred,y_prob,sensitive_features
1,1,0.7834329751650132,1
1,1,0.6515184996771783,1
1,1,0.8557286648325219,1
0,1,0.9446875649672232,1
1,1,0.6602023638079727,1
0,1,0.6538583622231707,1
0,1,0.6418465084929605,1
0,1,0.5015452863901737,0
0,1,0.7403663415257841,1
0,0,0.13790594178431603,0
1,0,0.35089945688165847,1
0,0,0.40650034352468817,1
1,1,0.9663361511719462,1
1,0,0.42176034139409474,0
0,0,0.3623242419492169,1
1,1,0.6495999895027708,1
0,1,0.6340830974084264,1
1,0,0.22732556151155245,1
1,1,0.9727984441202482,1
1,1,0.9125652563667119,0
0,1,0.836305166260328,1
0,0,0.19291778437449897,1
1,1,0.8822991821621402,1
1,1,0.8844832177473521,1
1,1,0.7738896242420918,1
1,1,0.8116030154312124,1
1,1,0.7455630959727734,0
1,1,0.8669568529699315,0
1,1,0.7225984578085033,1
1,1,0.6447177472777208,1
0,1,0.6398553552603139,1
1,1,0.9113909658470415,1
1,0,0.49846897074517726,1
0,0,0.2527183773841681,1
1,1,0.520596925995996,1
1,1,0.9367345949487214,1
1,0,0.4919571131244388,1
0,1,0.814273329151869,0
1,1,0.9993208515267485,0
0,0,0.1864975979802514,0
0,1,0.7733099025939527,1
0,1,0.8224090087994977,0
0,1,0.7822185850975673,0
1,0,0.35267649585298066,1
1,1,0.7276128416732237,1
0,0,0.36776522788295457,1
1,1,0.5142973214092266,1
