y_true,y_pred,y_prob,sensitive_features
1,1,0.611975171748663,1
1,1,0.9999698207320674,0
0,0,0.48461575387747147,1
0,1,0.5004306061117089,1
0,0,0.40140834965043865,0
1,1,0.5832285816906186,1
0,1,0.6622908187719292,1
0,0,0.349635624472315,1
1,1,0.9237007651320416,1
1,0,0.21161947092407213,1
0,1,0.6961273274194996,1
1,1,0.5895201867752117,1
1,0,0.41046702804352037,1
1,1,0.9246484707255717,0
1,1,0.6224805615377712,0
0,0,0.17534275437846514,1
1,0,0.46537673440938254,1
0,1,0.5903725616669889,1
1,1,0.5549433934597632,1
1,1,0.7659498150516229,1
1,1,0.7501479165920498,1
0,0,0.2290599268224606,0
0,0,0.3503075508824636,1
1,0,0.25576259692924996,0
0,1,0.6861716107405075,1
0,1,0.7398244142867568,1
1,1,0.5297401283977962,1
0,0,0.15101317696567854,0
1,0,0.3937457187801796,1
1,1,0.5738046916411392,1
1,0,0.33777162963808327,1
1,1,0.826826330300209,0
1,0,0.38813015301422704,1
0,1,0.5197169745040465,1
1,0,0.46559636662904413,1
1,0,0.3847446042824693,1
0,0,0.24274199352164869,1
0,1,0.710991321039962,0
0,0,0.32051637709631603,0
1,0,0.2619950947873929,1
1,1,0.9034397264175246,1
1,0,0.40219196118631,1
1,0,0.3210946603000326,1
1,0,0.30853016996999694,1
0,0,0.3117274250955437,1
1,1,0.766679890363004,1
0,1,0.6313139418913383,0
