y_true,y_pred,y_prob,sensitive_features
0,0,0.3753003534513043,1
1,1,0.8464911193237545,1
0,0,0.4611881731632832,0
0,0,0.23261376379798784,1
1,1,0.7118325805756511,0
1,1,0.5282799964571189,1
1,1,0.7981566721417609,1
0,1,0.6079419208054154,1
1,1,0.8744837253610749,1
1,1,0.8563427717465676,1
1,1,0.7821288140441904,1
1,1,0.5486870697036035,1
1,1,0.6650644160669684,1
1,1,0.676663556720135,1
1,0,0.4324086071481408,0
0,0,0.2858388748124862,1
0,1,0.5682106572568489,0
0,1,0.5157057509511992,1
1,1,0.9298028553434301,0
1,0,0.2563482856183311,0
1,1,0.5708135315235766,0
0,0,0.34616454559529664,0
1,0,0.4709738606464114,1
1,0,0.4392248566497557,1
1,1,0.9674542282040168,1
0,0,0.26668219947877425,1
0,1,0.5762135320361632,0
1,1,0.5616358716452787,1
1,1,0.7110439083315804,1
1,0,0.4184873587498014,1
1,0,0.37549252444093123,1
0,0,0.4781680866634955,1
0,0,0.45610206292154165,0
0,1,0.8701557554280367,1
1,1,0.5122883781399153,1
0,1,0.8595230482043806,1
1,0,0.276985830267438,1
1,0,0.28457491557225706,1
0,1,0.9334171063596964,1
1,1,0.9415478673698232,1
0,1,0.5444949129133192,1
1,1,0.9156218843088403,1
1,1,0.91390753642715,1
0,0,0.2586913044085768,1
1,0,0.445172027007739,1
0,1,0.5557929571558232,1
0,0,0.2440814280349352,0
