y_true,y_pred,y_prob,sensitive_features
0,0,0.23317734682152372,0
1,1,0.5964522301747754,1
1,1,0.7722054317307809,1
1,1,0.6246516775947316,1
0,1,0.7193736059442737,1
1,1,0.7973004143862362,1
0,1,0.7905420358523744,1
0,1,0.6020203678974259,1
1,1,0.7012189772150922,1
0,0,0.3503819980344664,0
0,1,0.6947692262900877,1
0,1,0.7868141450225093,1
1,1,0.805695150464792,1
1,1,0.6962016123987813,1
1,1,0.706654364500901,1
1,1,0.8044100890206352,1
0,1,0.6025856314709825,1
1,1,0.700692551649235,1
0,0,0.14942607724683576,0
1,1,0.8359019205920503,1
0,1,0.6263434250973599,1
1,1,0.44294601832496405,0
0,1,0.6633451123087982,1
0,1,0.6498293617436922,1
1,1,0.5151994042067066,0
1,1,0.7173647050425218,1
0,1,0.8648150497620698,1
1,1,0.5707765178865463,1
1,1,0.6543011237542589,1
0,0,0.13308280790871546,0
0,0,0.2824825631526107,0
1,1,0.8565188651535217,1
1,1,0.8653366074524365,1
0,1,0.738173624843055,1
0,1,0.8478293881928196,1
1,1,0.5108449605904097,1
0,1,0.6923015094397144,1
1,1,0.7332109843854562,1
1,1,0.46191060657474203,1
0,1,0.43741057267374034,0
1,1,0.7245880358263279,1
1,0,0.2744782401984319,0
1,1,0.4851254135989832,1
1,1,0.41537414111600557,1
1,1,0.8911178231543814,1
1,1,0.7870631706171729,0
1,1,0.5363266544062,0
