y_true,y_pred,y_prob,sensitive_features
1,1,0.612648909439954,1
1,1,0.6222518757896501,1
1,1,0.7583291038120596,1
0,1,0.7058166792699784,1
1,1,0.6771543062956481,1
0,1,0.6880994332295506,1
0,1,0.5905718155962132,1
0,1,0.6143580548601272,0
0,1,0.6722542645444942,1
0,0,0.37176225923000455,0
1,1,0.6262129320987355,1
0,0,0.5,1
1,1,0.7788918282997365,1
1,0,0.478175358806386,0
0,1,0.5846118466687086,1
1,1,0.6553738557784934,1
0,1,0.6172036826899648,1
1,0,0.4948517862587542,1
1,1,0.72266346920686,1
1,1,0.7739148969708712,0
0,1,0.6930805965864435,1
0,0,0.5146582851589026,1
1,1,0.6446749014679422,1
1,1,0.6276440360154768,1
1,1,0.5993819080379678,1
1,1,0.6998322846083603,1
1,0,0.4041609418384581,0
1,1,0.744315903881431,0
1,0,0.40353754116812823,1
1,1,0.6355993318638431,1
0,1,0.6037554285666583,1
1,1,0.6887140743853025,1
1,1,0.5721461995273,1
0,0,0.41753185037459406,1
1,1,0.644873340423356,1
1,1,0.6044267630471656,1
1,1,0.5531782278220709,1
0,1,0.6557004330573273,0
1,1,0.6587458644861564,0
0,0,0.2982404036954549,0
0,0,0.5098358751355992,1
0,1,0.6611298953340473,0
0,1,0.6851773454067561,0
1,0,0.5089225258825539,1
1,1,0.6946214317999608,1
0,1,0.5582427981872407,1
1,0,0.5311830677845807,1
