y_true,y_pred,y_prob,sensitive_features
0,1,0.9757060901999159,1
1,1,0.9422569490919603,1
1,1,0.8295689432161839,1
1,1,0.6107163861388918,1
1,1,0.8672408054186879,1
0,1,0.5986792731909193,1
1,1,0.9497677327561961,0
1,1,0.9535792500279655,0
0,1,0.9670820750872987,1
0,0,0.3794417088582286,0
0,0,0.17333115556017015,0
1,1,0.9753658243810591,1
0,1,0.9678968350978696,1
0,1,0.8077614431528354,1
0,1,0.7802614352295809,1
1,1,0.9660019586110019,1
1,1,0.9695621967613507,1
0,1,0.5439749704156883,1
1,1,0.6568424142558382,1
1,1,0.5319880420647753,1
0,1,0.9578931898839843,1
0,1,0.6152184206526752,0
1,0,0.35635247481347637,1
1,1,0.9270772982629196,1
1,1,0.756916048601169,1
0,1,0.9659783225615224,1
0,1,0.8580527843608275,1
1,1,0.6929877792185402,1
1,1,0.9859780298443898,1
1,1,0.6277910670781213,1
1,1,0.586483389558396,1
1,1,0.850872858403569,1
0,1,0.6318962943858756,0
1,1,0.7168322706899564,1
1,0,0.36292734701992263,1
0,0,0.4556096729646416,0
1,1,0.8741428465289619,1
1,1,0.6987877604400415,0
0,1,0.8660965924722848,1
0,0,0.08445069604089721,0
0,1,0.9420955845887349,1
1,1,0.9029430294742383,1
0,0,0.4105515821685889,1
1,1,0.9606132924405308,0
1,1,0.6396109537096524,1
1,1,0.7818909309246477,1
1,1,0.9416927946198035,0
