y_true,y_pred,y_prob,sensitive_features
0,1,0.9538300545083461,1
0,1,0.728073570220992,0
1,0,0.48636151136453865,1
0,1,0.9942351739147913,1
1,1,0.6135482844533671,0
0,1,0.5649642285460489,0
0,1,0.8229936099292638,1
0,0,0.1560854695156805,1
1,1,0.945257876145677,1
0,1,0.9914420953736672,1
0,0,0.012865419493609004,0
1,0,0.01996087480879769,1
1,1,0.9986880317526445,1
0,0,0.09348418844974413,1
1,1,0.8728694062933126,1
0,1,0.584289156887571,1
0,1,0.6644466916606486,1
0,1,0.9241693929677822,1
1,1,0.6383130017448642,1
1,1,0.9386659481629129,1
0,0,0.04747270442116089,1
1,1,0.9766842434422316,1
1,0,0.11291914867512678,1
1,0,0.3896605749869006,1
1,1,0.6996367257454599,1
0,1,0.8887900969473528,1
1,1,0.7884980044710944,1
1,1,0.9810926917432229,1
0,1,0.6155474179471456,1
1,1,0.5914625676370749,0
1,0,0.36236568291584487,0
1,1,0.7795050509765161,1
0,0,0.06998427536787237,0
1,1,0.8281712053115896,0
1,0,0.48897196447527264,1
1,1,0.9999976619987168,0
1,1,0.8806809304567238,1
1,0,0.3061439545313652,1
1,1,0.9370872609980719,1
0,1,0.7954727787455523,0
1,1,0.7162395899214126,1
1,0,0.2705105931397414,1
1,0,0.10081623757041336,1
1,1,0.854283757816509,1
0,1,0.5348380441360354,1
0,0,0.0036701718925152994,0
1,0,0.486783948625638,1
