y_true,y_pred,y_prob,sensitive_features
0,1,0.5,1
1,1,0.4385415875887291,1
0,0,0.703447670431322,0
0,1,0.5568009006750192,1
1,1,0.4408281308097377,0
1,0,0.6151442214818541,1
1,1,0.458049740280433,1
0,1,0.4252150673339842,1
1,1,0.5508020527619147,1
1,1,0.49315729577901546,1
1,1,0.2902782842146896,1
1,1,0.34823762877172726,1
1,1,0.3934405417531635,1
1,0,0.6533721000060041,1
1,0,0.6316783046010055,0
0,1,0.4805324756969471,1
0,0,0.6441523714825717,0
0,1,0.40179240724682996,1
1,0,0.6503603438128993,0
1,0,0.6148434611231092,0
1,0,0.727036649134683,0
0,0,0.7309028042495596,0
1,1,0.48115498253458283,1
1,0,0.5936643431403824,1
1,1,0.5,1
0,1,0.5573504780326413,1
0,1,0.42392873172511364,0
1,0,0.5893946889656367,1
1,1,0.5399866825454108,1
1,1,0.5434513841372913,1
1,0,0.6144392181050813,1
0,1,0.42698819420313877,1
0,0,0.6831956477840319,0
0,1,0.41642067216532236,1
1,1,0.5058949017317126,1
0,1,0.3987719863426703,1
1,1,0.5656172071293099,1
1,1,0.5395769476833309,1
0,1,0.33723527121144203,1
1,1,0.5737921617633327,1
0,0,0.632001947894308,1
1,1,0.44140665339614693,1
1,1,0.5460504330841051,1
0,1,0.5517436283806483,1
1,1,0.5519846768751462,1
0,1,0.48322812246620983,1
0,0,0.824450553682946,0
