y_true,y_pred,y_prob,sensitive_features
0,1,0.7646205310756422,1
1,1,0.8172217607154806,1
1,0,0.4549482641786487,1
1,1,0.7786272182675908,1
1,1,0.8270540891755913,1
0,0,0.4637985026843931,1
1,1,0.8493818219897282,0
1,0,0.43659478600696966,0
0,1,0.5299032776174812,1
0,0,0.4769929614006893,0
0,0,0.488149008431437,0
1,1,0.7687621413476574,1
0,1,0.6121947379516761,1
0,1,0.7088117212771505,1
0,0,0.16946928380942425,1
1,1,0.8213007748204633,1
1,1,0.9158229346407875,1
0,0,0.28206855894850097,1
1,0,0.4676728693895499,1
1,1,0.6882895903234854,1
0,1,0.6470280878602622,1
0,1,0.7227358218172069,0
1,0,0.17041365117208604,1
1,1,0.5257290306307975,1
1,1,0.5681761311385849,1
0,1,0.6341765309607349,1
0,0,0.3162700509656981,1
1,0,0.19642938266059348,1
1,1,0.9081389317995052,1
1,1,0.6635802063001656,1
1,1,0.8560462018836632,1
1,0,0.2987633750722145,1
0,1,0.731286218245026,0
1,1,0.5443436704477909,1
1,0,0.33061025416695905,1
0,0,0.34448839270447085,0
1,0,0.1554623396604073,1
1,0,0.46703384117233904,0
0,1,0.6394797791222605,1
0,0,0.18946388440547776,0
0,1,0.7717195505299902,1
1,1,0.6616914844741498,1
0,1,0.5279492610939586,1
1,1,0.8514789045263937,0
1,1,0.6187408832851707,1
1,1,0.7697358588413974,1
1,0,0.47521152714708065,0
