y_true,y_pred,y_prob,sensitive_features
0,0,0.044702850506467384,0
1,1,0.6453763086858565,1
1,1,0.6671973791392611,1
1,0,0.4671656098123299,1
0,1,0.5758082733106618,1
1,1,0.9517855585942868,1
0,0,0.44431995570090216,1
0,0,0.42046671822702053,1
1,0,0.20554492598412366,1
0,0,0.17145630116109553,0
0,0,0.4925211751914223,1
0,1,0.6862782515779527,1
1,1,0.7976513410770438,1
1,0,0.4864269123507249,1
1,0,0.14781201243840217,1
1,1,0.9153143088199807,1
0,0,0.13434333147263805,1
1,0,0.17045789270450198,1
0,0,0.23453916097630773,0
1,1,0.9768473685466089,1
0,0,0.3129419522641674,1
1,0,0.4667622732970067,0
0,0,0.26009535005610007,1
0,1,0.778456765855397,1
1,1,0.6634527984304089,0
1,0,0.3440180217411312,1
0,1,0.9058444539543371,1
1,1,0.7756140431507914,1
1,1,0.8389336088229052,1
0,0,0.49916793264131165,0
0,0,0.2679233960824731,0
1,1,0.7603122109731408,1
1,1,0.855238543216814,1
0,0,0.4420174614561459,1
0,0,0.4346016853505931,1
1,1,0.845534070732979,1
0,0,0.36950143605755986,1
1,0,0.4805777883239504,1
1,1,0.827487248269406,1
0,0,0.12042923145283482,0
1,1,0.7298757455649133,1
1,1,0.7732397870479021,0
1,1,0.8964801475139658,1
1,1,0.6717060772807568,1
1,1,0.9212926454006063,1
1,1,0.9807387117140386,0
1,0,0.46610594472935196,0
