y_true,y_pred,y_prob,sensitive_features
1,1,0.9201410970111846,1
1,1,0.5519348452876648,1
0,0,0.3298790132444851,0
0,1,0.87505118402394,1
1,1,0.8511986157594725,0
0,0,0.10092109149653088,0
1,1,0.8462516621662682,1
1,0,0.2609738597366177,0
0,1,0.6679021672028425,0
1,1,0.9402192435497786,1
1,0,0.44515132211757225,1
0,1,0.7167828944906581,1
1,1,0.956834283303398,1
1,1,0.7460815419295258,1
1,1,0.8936142614853417,1
0,1,0.5808640046647188,1
1,1,0.7047543212604245,0
0,1,0.913663473559994,1
0,0,0.31831010434088575,0
1,0,0.39032435023862083,1
0,0,0.21358367789080746,0
1,1,0.9642342173039914,1
1,1,0.7267345554358943,1
0,1,0.955314149364313,1
1,0,0.3698978441217237,1
1,1,0.9660515863103353,1
0,0,0.10855644907023658,1
1,1,0.6303114438454959,1
1,1,0.9121469615521783,1
1,1,0.6442538440711605,1
0,1,0.5566112631324694,1
1,0,0.3553561840943429,1
0,1,0.7782556039742826,1
1,1,0.9106234523109576,0
0,1,0.5396421508017503,1
1,0,0.15693756371434237,1
0,1,0.5988907932196473,1
1,1,0.9973410760570184,1
1,1,0.6822051691929726,1
1,0,0.48099718917972045,1
1,0,0.027631604885008956,1
0,1,0.7717015518062228,1
0,1,0.9203911957624654,1
0,1,0.8863238338106534,0
1,1,0.9068086475141545,0
0,1,0.9790269304611788,1
1,1,0.8382486269381798,1
