y_true,y_pred,y_prob,sensitive_features
0,1,0.599284557507795,1
0,0,0.520295143429275,0
1,1,0.5554323526117734,1
0,1,0.6544024244256889,1
1,1,0.637001142414455,0
0,1,0.5450342827825605,0
0,1,0.5881052565381524,1
0,0,0.44918167257187147,1
1,1,0.6412242724712801,1
0,1,0.6725585488361041,1
0,0,0.5248418311534258,0
1,0,0.4160521965163956,1
1,1,0.6584422288969702,1
0,0,0.47256713168686154,1
1,1,0.6023993089637925,1
0,1,0.5593540815439467,1
0,0,0.5218197639746074,1
0,1,0.5836348623704457,1
1,0,0.5,1
1,1,0.6173435207793266,1
0,0,0.42993408687156875,1
1,1,0.5983268172410987,1
1,0,0.5,1
1,1,0.543493786545102,1
1,1,0.5714998675043463,1
0,1,0.6325413251474802,1
1,1,0.5841195151558043,1
1,1,0.6227093729533106,1
0,1,0.5560665831344651,1
1,1,0.5822014804337955,0
1,0,0.4869376826518342,0
1,1,0.6066118003929574,1
0,0,0.5080459730038778,0
1,1,0.6878090821417027,0
1,0,0.5213961160760465,1
1,1,0.6370082924277036,0
1,1,0.5842034975810723,1
1,0,0.5101440743825746,1
1,1,0.6089603327977712,1
0,1,0.6386612727449805,0
1,1,0.6348086589800928,1
1,0,0.5,1
1,0,0.4646363977654867,1
1,1,0.5951568773579229,1
0,0,0.48474047413011595,1
0,0,0.5278477345675725,0
1,1,0.5770212820757903,1
