y_true,y_pred,y_prob,sensitive_features
0,1,0.9661652316566576,1
1,1,0.8943352544617065,1
1,0,0.47637154819666544,1
1,1,0.6508045484421897,1
1,1,0.8336389402070238,1
0,0,0.1152220123417187,1
1,1,0.7162361230586936,0
1,1,0.9263896304932503,0
0,1,0.9387083183097614,1
0,0,0.42342681922119757,0
0,0,0.17573463768874312,0
1,1,0.857658119732301,1
0,1,0.971293334611998,1
0,1,0.5641281544674814,1
0,1,0.7418606660771395,1
1,1,0.959075146008276,1
1,1,0.7760547099336751,1
0,1,0.6364604955581828,1
1,0,0.035738714293474826,1
1,0,0.3596395631087335,1
0,1,0.8476552068963382,1
0,0,0.49771777266089207,0
1,1,0.6813910752202973,1
1,1,0.9414808613101698,1
1,0,0.1880844688613539,1
0,1,0.8749915545691852,1
0,0,0.471250464889892,1
1,1,0.6103375541695494,1
1,1,0.9803674934971846,1
1,0,0.448366588478624,1
1,1,0.8771591889984282,1
1,1,0.7721181608054447,1
0,1,0.6517123418117011,0
1,1,0.5366818634968591,1
1,1,0.655043767382853,1
0,0,0.29355916525095116,0
1,0,0.4562305832672628,1
1,0,0.41383216337189277,0
0,1,0.8892264961240335,1
0,0,0.14167050999981481,0
0,1,0.6124022620471549,1
1,1,0.841505143895708,1
0,1,0.6294710893476464,1
1,1,0.7836571566437164,0
1,1,0.8404671852612734,1
1,1,0.9485028198841626,1
1,1,0.5953988398486819,0
