y_true,y_pred,y_prob,sensitive_features
0,0,0.5622542912195924,0
1,1,0.5737565336463566,1
1,1,0.578664900811932,1
1,1,0.5685735667364132,1
0,1,0.5729788836562889,1
1,1,0.5762937199763934,1
0,1,0.5737121153246917,1
0,0,0.5618283674877325,1
1,1,0.568632936950862,1
0,0,0.5668228439462293,0
0,1,0.5694408079532547,1
0,1,0.5798604794137897,1
1,1,0.5732195596035098,1
1,1,0.5680199231583557,1
1,1,0.5690997486307442,1
1,1,0.5766748852669185,1
0,1,0.5742512292901789,1
1,0,0.5658514413445832,1
0,0,0.5468493936335085,0
1,1,0.5799354268650779,1
0,0,0.5613812317990639,1
1,1,0.5709916448200335,0
0,1,0.5682052902220184,1
0,1,0.5814956028058542,1
1,0,0.5645270441289623,0
1,0,0.5654278089396797,1
0,1,0.5847539977033261,1
1,1,0.5693258799754928,1
1,1,0.5811864181064552,1
0,0,0.5572332410150911,0
0,0,0.5583654425228438,0
1,1,0.5819577829213817,1
1,1,0.5709402790920107,1
0,1,0.5695596533740716,1
0,1,0.5741721811504095,1
1,0,0.5649011781016894,1
0,1,0.5698414858981864,1
1,0,0.5629226458728999,1
1,0,0.5631684297240351,1
0,0,0.5592103801870145,0
1,0,0.5669160713063041,1
1,1,0.5697395353497278,0
1,1,0.5710332068114304,1
1,0,0.5664107694655398,1
1,1,0.584525025048011,1
1,1,0.5853649920366738,0
1,1,0.572259678771901,0
