y_true,y_pred,y_prob,sensitive_features
0,1,0.7374663263702598,0
1,1,0.6455806751423411,1
0,1,0.6413555963165248,0
1,1,0.8277773396901079,1
1,1,0.7827037441076905,1
1,1,0.6608552740073713,1
1,1,0.8030327977897384,1
1,1,0.9096941718633649,1
1,1,0.7462226885170936,1
0,1,0.6880922028135884,1
0,1,0.7614696853227668,1
0,0,0.3566588477673524,1
0,1,0.6509142397764187,0
1,1,0.5779992017956009,1
0,1,0.7774218658861127,1
1,1,0.7416667595906924,0
0,1,0.6865224700826372,1
1,1,0.694235661960898,1
1,1,0.6107190771124077,0
1,1,0.8644747899832226,1
0,1,0.5439240096495155,0
0,1,0.5736370692149046,0
0,1,0.6988938384433784,1
1,1,0.6650580088034974,1
1,1,0.6453780692830413,1
1,1,0.6191705922996396,0
0,0,0.46310070130473724,1
0,1,0.7234548066756579,1
1,1,0.7887807838919005,1
0,1,0.8199444822604626,1
1,1,0.7159662671706812,0
1,1,0.5581170287119885,1
1,1,0.7453599109383535,1
1,1,0.7450751166214212,1
0,1,0.7039597878470144,0
0,1,0.678016232004354,1
0,1,0.8354282822674453,1
1,1,0.850117430058025,0
1,1,0.7632359249567764,1
1,1,0.6847908388928413,1
1,1,0.6382867437518147,1
1,1,0.7366587376906001,1
1,0,0.212186848997157,1
0,0,0.289078238519022,1
0,1,0.8162818900793014,1
1,1,0.5504222753225658,1
1,1,0.717885760696265,1
