y_true,y_pred,y_prob,sensitive_features
0,1,0.7516951521996866,1
1,1,0.7426386561123913,1
1,1,0.5389861775190037,1
1,1,0.9118433429681656,1
1,1,0.6444639407146306,1
0,1,0.5162377312958092,1
1,1,0.87988481616678,0
1,1,0.5001189752966275,0
0,1,0.7005366261739459,1
0,0,0.46693194194708626,0
0,0,0.2501644723986454,0
1,1,0.8281256461136085,1
0,1,0.6592749066294876,1
0,1,0.5754107606687231,1
0,0,0.32555839817612237,1
1,1,0.6464971930947881,1
1,1,0.8679559185694354,1
0,0,0.432042102019917,1
1,0,0.38428004737912974,1
1,0,0.4359662082004164,1
0,1,0.7398875478604179,1
0,0,0.290176831085246,0
1,0,0.15929932982141326,1
1,1,0.7748551704920799,1
1,1,0.5147414665383945,1
0,1,0.5177892989034114,1
0,0,0.48854735614054023,1
1,0,0.168402968417711,1
1,1,0.917852009682417,1
1,1,0.6196706516623336,1
1,1,0.9224075738282157,1
1,1,0.5398598458820805,1
0,1,0.7745774782473129,0
1,1,0.5565614332016746,1
1,0,0.2728539955043937,1
0,0,0.30478487883347666,0
1,0,0.265217475053286,1
1,1,0.5986048343713751,0
0,1,0.7306943328206225,1
0,0,0.4097088024654191,0
0,1,0.7336352826301189,1
1,1,0.8530685285097513,1
0,1,0.585633837218997,1
1,1,0.786863558526818,0
1,1,0.6794987103302861,1
1,1,0.8074267136905658,1
1,1,0.7807465786428647,0
