y_true,y_pred,y_prob,sensitive_features
1,1,0.8301663653790543,1
0,1,0.6752488951557467,1
1,1,0.840778193255677,1
0,0,0.26125877541883213,0
1,1,0.5576164760606795,0
0,0,0.4305055766348822,0
1,0,0.3705730929306125,1
0,0,0.19210583903152514,1
0,1,0.7317265107427444,1
1,1,0.650037926267502,1
1,1,0.9141736715346921,1
1,1,0.6627079939690789,1
1,1,0.5145697183517876,1
1,1,0.8231202569676619,1
1,1,0.8378491733404941,1
1,1,0.626484464044621,1
1,1,0.8923283783763664,1
0,1,0.7011678490899842,1
1,1,0.6676471365372111,1
1,0,0.4707009831350712,1
1,1,0.7796950828396219,1
1,1,0.7230732669925644,1
0,0,0.4657297366770375,1
0,1,0.836012523426986,1
0,1,0.5806775304165863,0
0,1,0.7299873988591362,1
1,0,0.4302888619581871,0
1,1,0.7231049866017314,1
0,1,0.7880604382209527,1
1,1,0.5702792672981445,0
1,1,0.8614612662883772,1
0,1,0.5,0
0,1,0.6769913886488279,1
1,1,0.7648315487766386,1
0,0,0.36396085572469833,0
0,0,0.4095145058254512,1
1,1,0.77354456099013,1
1,1,0.7308217096021484,1
0,1,0.8173947522743942,1
1,0,0.3228651136839511,0
1,1,0.7273613229055516,1
1,1,0.8301937136385817,0
1,0,0.2257894073418708,1
0,1,0.8390301329277227,1
1,1,0.5241293914669582,1
0,1,0.6351896748298755,1
0,0,0.33874006636382886,0
