y_true,y_pred,y_prob,sensitive_features
0,1,0.7091023512544233,1
1,1,0.8368373884066422,1
0,1,0.6449248145822347,0
0,1,0.7185107569062595,1
1,1,0.8513314575816797,0
1,1,0.6932209315769008,1
1,1,0.6855345089861182,1
0,1,0.575163887406155,1
1,1,0.706096144983575,1
1,1,0.7772709946211391,1
1,1,0.8868628000958463,1
1,1,0.8199044669304848,1
1,1,0.8709215093702669,1
1,1,0.797822689960764,1
1,1,0.659634052742494,0
0,1,0.7157610589563348,1
0,1,0.557711702749071,0
0,1,0.7624524392279804,1
1,1,0.5913505431350069,0
1,0,0.34589813092379745,0
1,1,0.5429189563690165,0
0,0,0.18743262319351647,0
1,1,0.8590911416864129,1
1,0,0.44480503517570724,1
1,1,0.9330829963416217,1
0,1,0.5,1
0,1,0.7770575485048067,0
1,0,0.40258945453181555,1
1,0,0.47495896053014736,1
1,1,0.5229049391271069,1
1,1,0.5314100541387415,1
0,1,0.6772053873863358,1
0,1,0.5177377458729093,0
0,1,0.8644307430119956,1
1,1,0.6923202511385904,1
0,1,0.8383882386377537,1
1,1,0.8398479057356019,1
1,0,0.32042117339633686,1
0,1,0.8765032865046977,1
1,1,0.507855766651657,1
0,0,0.3564666450611018,1
1,1,0.5643945131142055,1
1,1,0.5469236728074652,1
0,0,0.47619365614509307,1
1,1,0.6164834778612415,1
0,1,0.8137071233495494,1
0,0,0.09507948058498836,0
