y_true,y_pred,y_prob,sensitive_features
0,0,0.2817445432113755,1
1,0,0.27882645205212875,1
0,0,0.16365773553587445,0
0,1,0.849035357314847,1
1,1,0.9270482119726082,0
1,1,0.8526622291946965,1
1,1,0.6248986978862799,1
0,1,0.9955815374800866,1
1,1,0.9173051131872197,1
1,1,0.9063969241348916,1
1,1,0.9769234626972384,1
1,0,0.20894023567135842,1
1,1,0.6915601953451478,1
1,1,0.8392095126027015,1
1,0,0.2464421696031529,0
0,0,0.11633921140111693,1
0,0,0.3199631575463885,0
0,1,0.9849583720877269,1
1,0,0.3454751182007292,0
1,0,0.06320613229894402,0
1,1,0.6416839365574281,0
0,1,0.7563531853947196,0
1,1,0.9310695476847063,1
1,0,0.2568521007555635,1
1,1,0.9975092812821544,1
0,1,0.8294577957634606,1
0,1,0.952827245141565,0
1,0,0.0787954786162223,1
1,1,0.8631372131898657,1
1,1,0.9163781431457898,1
1,0,0.21558751284749067,1
0,1,0.6926194376760976,1
0,1,0.9206814038305493,0
0,0,0.3522292671081965,1
1,0,0.11852712778720755,1
0,1,0.9942935079953108,1
1,0,0.4996352019413007,1
1,1,0.6630833855094382,1
0,1,0.6680655631584246,1
1,1,0.792028454503617,1
0,0,0.22695041210261707,1
1,0,0.03831160001729194,1
1,1,0.8768092798125368,1
0,0,0.04118515248805534,1
1,1,0.7617947770305568,1
0,1,0.8389101417010456,1
0,1,0.7601176381381892,0
