y_true,y_pred,y_prob,sensitive_features
0,1,0.7351020531217857,1
1,1,0.5677824236771528,1
1,0,0.5,1
1,1,0.6193175465633576,1
1,1,0.735967652237604,1
0,0,0.47761876446150264,1
1,1,0.7303930090713219,0
1,1,0.5324418379365655,0
0,1,0.5420301047987085,1
0,1,0.6524425340821496,0
0,0,0.46874401641833924,0
1,1,0.6359240769906527,1
0,1,0.7587169017638347,1
0,1,0.6175495235055695,1
0,0,0.4871479507337479,1
1,1,0.7071376947283826,1
1,1,0.8601747206337685,1
0,1,0.5696939649868397,1
1,0,0.44560624780089964,1
1,1,0.5786818220286792,1
0,1,0.7465914788326758,1
0,0,0.5,0
1,0,0.3072953245776707,1
1,1,0.6340524030786893,1
1,1,0.646809787852097,1
0,1,0.7298133544392906,1
0,0,0.4063056932463968,1
1,0,0.3186628230440234,1
1,1,0.8215288674990977,1
1,1,0.6811865573720779,1
1,1,0.6517426281713599,1
1,0,0.4920626711890931,1
0,1,0.6995123029857923,0
1,1,0.603577754380603,1
1,0,0.418667748193873,1
0,0,0.291373982129494,0
1,0,0.2911225922427792,1
1,1,0.5479383685181962,0
0,1,0.8460858203036793,1
0,0,0.33932035434912994,0
0,1,0.7592062893638822,1
1,1,0.7108151632134445,1
0,1,0.5930132811671638,1
1,1,0.7235633465621342,0
1,1,0.615695506873048,1
1,1,0.6477591710303531,1
1,1,0.7148685751233432,0
