y_true,y_pred,y_prob,sensitive_features
0,1,0.8936969229138497,0
1,1,0.8662005708652103,1
0,0,0.420818587578358,0
1,1,0.5627068989555329,1
1,1,0.720081275503221,1
1,1,0.8893705342369462,1
1,1,0.7139236052563507,1
1,1,0.9744349090739627,1
1,1,0.98350735066881,1
0,0,0.41442216646654084,1
0,1,0.8968033727748264,1
0,1,0.7565055925269699,1
0,1,0.9061874593129835,0
1,1,0.6848516480828698,1
0,1,0.9700525835153053,1
1,1,0.9947477020872637,0
0,0,0.11783706626810027,1
1,1,0.9905571117722657,1
1,0,0.4036029119965817,0
1,0,0.4679133602494597,1
0,1,0.8515473496481533,0
0,0,0.12974339628618844,0
0,1,0.912771987612226,1
1,0,0.25499927686831925,1
1,1,0.5328556915356645,1
1,1,0.8863211288197713,0
0,0,0.22398851740123407,1
0,1,0.8327106805832677,1
1,1,0.9922647622485502,1
0,1,0.6073584327681528,1
1,1,0.9779150110977394,0
1,0,0.27895363181059374,1
1,1,0.9394469210902339,1
1,1,0.974050567160399,1
0,1,0.7212406934458496,0
0,0,0.38968459371459346,1
0,1,0.8705946391854487,1
1,1,0.9064568348266769,0
1,0,0.3205229174504564,1
1,1,0.5351322399277184,1
1,0,0.08629782534820903,1
1,1,0.841606824909116,1
1,0,0.005712932765426784,1
0,1,0.8713327477389299,1
0,1,0.872926493915823,1
1,0,0.411132810336371,1
1,1,0.9933313966476519,1
