y_true,y_pred,y_prob,sensitive_features
1,1,0.6647099697373069,1
1,0,0.5552618616042064,1
0,1,0.6077632910300799,0
0,1,0.6306263728478334,1
1,0,0.5599635500479541,0
0,0,0.4899094107415868,0
1,1,0.6277735521315442,1
1,0,0.5345467242040993,0
0,0,0.5095924164350967,0
1,1,0.6905295401866295,1
1,1,0.6976830632822916,1
0,1,0.6357724679315394,1
1,1,0.6732038838954265,1
1,1,0.6354305059266573,1
1,1,0.6146703548176328,1
0,1,0.6044593283601997,1
1,1,0.679016943043202,0
0,1,0.6146748971104752,1
0,0,0.5318658979651227,0
1,1,0.5913405148642066,1
0,0,0.4676148335335935,0
1,1,0.647849452803117,1
1,1,0.6272145540194753,1
0,1,0.6889794598031628,1
1,1,0.6028671095479654,1
1,1,0.7166752839047611,1
0,1,0.6228126643332891,1
1,1,0.6465927929274403,1
1,1,0.6512274671460431,1
1,1,0.6060636315110203,1
0,1,0.6553561965299586,1
1,0,0.5176623106201355,1
0,1,0.6226785355979063,1
1,1,0.6467240205657288,0
0,0,0.5418397832912647,1
1,0,0.5066084667697406,1
0,1,0.6338940843448637,1
1,1,0.7079138079647209,1
1,1,0.6129304544973221,1
1,1,0.6304289756550984,1
1,0,0.5211515731755342,1
0,1,0.5772638566026441,1
0,1,0.6682147024125805,1
0,1,0.6421595174481322,0
1,1,0.586595660761224,0
0,1,0.6825504120837202,1
1,1,0.6925456623115759,1
