y_true,y_pred,y_prob,sensitive_features
1,1,0.6711382730185327,1
1,0,0.5415542902943375,1
0,1,0.5892284796756468,0
0,1,0.6255746806959633,1
1,0,0.5202653673226912,0
0,0,0.47289208131234695,0
1,1,0.5985373889305331,1
1,0,0.4742435595682272,0
0,0,0.47101825987970203,0
1,1,0.6454298640702613,1
1,1,0.6515824026921496,1
0,1,0.6576068060775895,1
1,1,0.7148744393507782,1
1,1,0.6587724935649492,1
1,1,0.5981823831189477,1
0,1,0.5973143211687787,1
1,1,0.6798266513805451,0
0,0,0.5355459239669076,1
0,0,0.5433579804906491,0
1,1,0.568364538098822,1
0,0,0.42596883015621617,0
1,1,0.6504068923370373,1
1,1,0.6084392821098927,1
0,1,0.6767909826829955,1
1,0,0.5356013367589066,1
1,1,0.7289286551625525,1
0,1,0.6046755114037236,1
1,1,0.6426879753153084,1
1,1,0.6643650909092321,1
1,1,0.5525773658918861,1
0,1,0.6647667604851306,1
1,0,0.4806567829240906,1
0,1,0.6128708326539457,1
1,1,0.6602267988342709,0
0,0,0.4851958570174399,1
1,0,0.4263795416912836,1
0,1,0.6264150499083547,1
1,1,0.7091294379070046,1
1,1,0.5544072419624911,1
1,1,0.6230032962176689,1
1,0,0.47209040152428616,1
0,0,0.5313377268217797,1
0,1,0.6672224591832375,1
0,1,0.6740492268811565,0
1,0,0.5441682446485122,0
0,1,0.6929239212636136,1
1,1,0.6638455777863643,1
