y_true,y_pred,y_prob,sensitive_features
1,1,0.60460434656949,1
0,0,0.3455630306815914,1
1,1,0.6729314585856113,1
0,0,0.06423988147811725,0
1,0,0.3405465442813448,0
0,0,0.2480346522472457,0
1,0,0.1898409275531248,1
0,0,0.27279151282679637,1
0,0,0.35578978333521777,1
1,1,0.7492161919649867,1
1,1,0.7483300239395569,1
1,0,0.11576017470115485,1
1,0,0.37109180113010953,1
1,1,0.6412462191622718,1
1,1,0.5635451655386639,1
1,0,0.4924148993530003,1
1,1,0.7662254720712515,1
0,1,0.9281432302128385,1
1,0,0.20312671521795128,1
1,0,0.018005401891553828,1
1,1,0.817252140534869,1
1,1,0.9743099515642472,1
0,1,0.7143354392973535,1
0,1,0.6503593075618315,1
0,1,0.6449180557256287,0
0,1,0.7558166136209891,1
1,0,0.13761769812535118,0
1,1,0.794106854526088,1
0,1,0.636184140774462,1
1,1,0.5904236232841645,0
1,0,0.3571430482371828,1
0,0,0.20354442833013067,0
0,0,0.25204208412546875,1
1,1,0.5999237031643055,1
0,0,0.21793127300939194,0
0,0,0.40888247316413384,1
1,1,0.7397961831534702,1
1,1,0.9033438766902624,1
0,1,0.886959425273109,1
1,0,0.2817739196702716,0
1,0,0.407989126659598,1
1,1,0.8657267340628327,0
1,1,0.6523780576391889,1
0,1,0.900359542193328,1
1,0,0.3813660011362179,1
0,0,0.46106553501423875,1
0,0,0.10007628628053607,0
