y_true,y_pred,y_prob,sensitive_features
0,1,0.5816289968270146,1
1,1,0.59321208092456,1
0,0,0.5759961598353351,0
0,0,0.5803414846143247,1
1,1,0.5888704580447665,0
1,1,0.5844777193273439,1
1,1,0.5918093552273638,1
0,1,0.5883807295517525,1
1,1,0.5880933498464501,1
1,1,0.5883592175411017,1
1,1,0.5914382354524453,1
1,1,0.5926893373600679,1
1,1,0.5938887422876294,1
1,1,0.5865686562465922,1
1,1,0.5813711692141524,0
0,1,0.5817400933875959,1
0,1,0.5829417929444323,0
0,1,0.5881978655921895,1
1,1,0.5906836517810905,0
1,0,0.580832756770907,0
1,1,0.5848754530606687,0
0,0,0.5743851118260637,0
1,1,0.5833306021229122,1
1,1,0.5856153324135528,1
1,1,0.5924394010113743,1
0,0,0.5806583959820802,1
0,1,0.5837060347450872,0
1,1,0.5856138861531014,1
1,1,0.5854289454047253,1
1,1,0.58491955268687,1
1,0,0.5802574533263788,1
0,1,0.5875281089087,1
0,0,0.5789806256171519,0
0,1,0.589950519664148,1
1,1,0.5856478042343258,1
0,1,0.5890409902267238,1
1,0,0.5787118145127768,1
1,1,0.58606417952926,1
0,1,0.593271495912713,1
1,1,0.5854074598965637,1
0,1,0.5829189019068044,1
1,1,0.5927518831021895,1
1,1,0.5860154320034998,1
0,1,0.5866810489697102,1
1,1,0.5835915190955754,1
0,1,0.5867123713501453,1
0,0,0.5746471310130381,0
