y_true,y_pred,y_prob,sensitive_features
0,1,0.5910018575795765,0
1,1,0.977671690896539,1
0,1,0.6802594851149157,0
1,1,0.5720148341474995,1
1,0,0.4675193560217187,1
1,1,0.5947609123153652,1
1,1,0.5030874478094993,1
1,1,0.9336361685181346,1
1,1,0.7276733610150706,1
0,0,0.40757110642479605,1
0,1,0.6222418562943236,1
0,1,0.8122990806793974,1
0,1,0.9072289575599388,0
1,1,0.7336100305884534,1
0,1,0.8831857990835844,1
1,1,0.9424926542345129,0
0,1,0.6708299847481245,1
1,1,0.9768234188151936,1
1,1,0.5164996929967295,0
1,1,0.7437872762140869,1
0,0,0.32467270436808293,0
0,0,0.19407422214209522,0
0,1,0.9082435066929235,1
1,1,0.5778850145703417,1
1,1,0.7856720311704714,1
1,1,0.7951365931538366,0
0,0,0.24958235190385009,1
0,1,0.8587365163248668,1
1,1,0.9714443052517662,1
0,1,0.9119259719906092,1
1,1,0.9907108220159276,0
1,0,0.4836037781097246,1
1,1,0.8541820275037895,1
1,1,0.9868972171154115,1
0,1,0.9653439329976197,0
0,0,0.12262651945461085,1
0,1,0.873400324330226,1
1,1,0.938010030951852,0
1,0,0.3494603231281899,1
1,1,0.5281583437411869,1
1,0,0.16837117689494785,1
1,1,0.9609053832171855,1
1,0,0.041758959909178175,1
0,1,0.5662669832652828,1
0,1,0.9711223890293633,1
1,1,0.9709135729866515,1
1,1,0.9695642783430093,1
