y_true,y_pred,y_prob,sensitive_features
0,0,0.3546137994440589,0
1,0,0.4550669814586693,1
1,1,0.9155819339900739,1
1,0,0.44687499227214095,1
0,1,0.5260385071329656,1
1,1,0.9853176336902705,1
0,1,0.63777311836081,1
0,0,0.38362610518506896,1
1,0,0.3336014762178037,1
0,0,0.46440257434265514,0
0,0,0.3194162365350975,1
0,1,0.5166290721944038,1
1,1,0.6352587880120825,1
1,0,0.36890641821830017,1
1,1,0.614340893101428,1
1,1,0.745223198455972,1
0,1,0.5146587043747257,1
1,1,0.5161776862251173,1
0,0,0.21283604342676332,0
1,1,0.8117676386404006,1
0,0,0.3415597770678432,1
1,1,0.6030874628092245,0
0,1,0.5537963427389191,1
0,1,0.6881167757318437,1
1,1,0.5145977573724042,0
1,0,0.4801161474774739,1
0,1,0.8132096560270846,1
1,0,0.3729763535778374,1
1,1,0.6534988268623468,1
0,0,0.37149075589337865,0
0,0,0.3609060716027957,0
1,1,0.813698226490481,1
1,1,0.6176411051673163,1
0,0,0.42790448734930253,1
0,0,0.4486843475061426,1
1,0,0.46622750094009613,1
0,0,0.42376293191631187,1
1,0,0.3200418939888966,1
1,0,0.4908984740921958,1
0,0,0.3118715710170953,0
1,1,0.5147311868658645,1
1,1,0.536754150859026,0
1,0,0.39367896463384866,1
1,0,0.4869600020441196,1
1,1,0.9203083902477295,1
1,1,0.978343287610411,0
1,1,0.6880151394139737,0
