y_true,y_pred,y_prob,sensitive_features
0,0,0.22947701426596578,0
1,0,0.4158988680249099,1
1,1,0.8169154551007833,1
1,1,0.7985045245095016,1
0,0,0.18808566999136853,1
1,1,0.9857636992486625,1
0,1,0.920137834958907,1
0,0,0.1947749328603091,1
1,0,0.43566213574607066,1
0,1,0.55453471342361,0
0,1,0.7101449955212273,1
0,1,0.9533581047077975,1
1,1,0.9106293328069318,1
1,1,0.8812794135920191,1
1,0,0.1555312937842186,1
1,1,0.9080025956684009,1
0,1,0.5883940503104818,1
1,1,0.6148679510387286,1
0,0,0.01084884052344165,0
1,1,0.9830538331287453,1
0,0,0.3837533979568707,1
1,1,0.7800957583328685,0
0,0,0.23168315764770128,1
0,1,0.8439532215443054,1
1,1,0.7870373683356394,0
1,0,0.12133432613732244,1
0,1,0.9656518002775009,1
1,1,0.5328668583474004,1
1,1,0.9278801245881809,1
0,1,0.5529425171297326,0
0,0,0.10302913552922839,0
1,1,0.6747740054501072,1
1,1,0.9908702576924393,1
0,0,0.31910844515613207,1
0,1,0.9109850479949199,1
1,1,0.8924984018249192,1
0,0,0.1306326742735717,1
1,1,0.789964697865977,1
1,1,0.665470123137306,1
0,0,0.3119557336629549,0
1,1,0.7340578882574917,1
1,1,0.9184548784215849,0
1,1,0.840479962058576,1
1,1,0.6125248001856146,1
1,1,0.9787968552113441,1
1,1,0.9968131029361419,0
1,1,0.5971844412560924,0
