y_true,y_pred,y_prob,sensitive_features
1,1,0.8415099226504638,1
0,0,0.46834270177923626,1
1,0,0.4277628818600715,1
0,0,0.236079093522062,0
1,1,0.6789433320403347,0
0,0,0.36663020867394747,0
1,1,0.6408607936230558,1
0,0,0.2975664276952102,1
0,0,0.33370491017865905,1
1,1,0.5456292875377732,1
1,1,0.8526074888458093,1
1,1,0.7032902316180343,1
1,1,0.7108069650279395,1
1,1,0.9080064060918678,1
1,1,0.7554260190276788,1
1,0,0.48173203531333336,1
1,1,0.815170826789741,1
0,1,0.8627672820809048,1
1,1,0.9009098843441232,1
1,0,0.3832116456427732,1
1,1,0.8681528557476622,1
1,1,0.9906206658057014,1
0,1,0.6866418203317444,1
0,1,0.8577711178820803,1
0,1,0.6288706502150595,0
0,1,0.9535886766576884,1
1,0,0.16069291468824712,0
1,1,0.6434533216979367,1
0,1,0.8692474417008589,1
1,1,0.8141258589066181,0
1,1,0.8818326173269495,1
0,0,0.25663547302795886,0
0,1,0.5921922651646033,1
1,1,0.5704762837619324,1
0,0,0.1559832360658643,0
0,1,0.5096073850075923,1
1,1,0.778542324906299,1
1,1,0.7682691103448995,1
0,1,0.8958914069467525,1
1,0,0.050394462153952976,0
1,1,0.8257130784616927,1
1,1,0.8438495274112184,0
1,1,0.5902138740278187,1
0,1,0.6462292436574294,1
1,1,0.7357007615289188,1
0,1,0.6568194531881818,1
0,0,0.10032981612630082,0
