y_true,y_pred,y_prob,sensitive_features
0,0,0.4672546666268686,1
1,1,0.6931817193890195,1
0,0,0.47671285246081724,0
0,0,0.4391303849215583,1
1,1,0.62474931212911,0
1,0,0.5122158183021229,1
1,1,0.6190461125793786,1
0,1,0.5963296274096758,1
1,1,0.6492704048127491,1
1,1,0.6355955369134857,1
1,1,0.6418431356521765,1
1,1,0.590621693454243,1
1,1,0.6657475181390287,1
1,1,0.5980103168845545,1
1,0,0.5414302946770527,0
0,0,0.484016351972914,1
0,1,0.5548258398231252,0
0,0,0.526374366696426,1
1,1,0.7067903472675441,0
1,0,0.48009959796596563,0
1,1,0.6060005422675494,0
0,0,0.43215035242747696,0
1,0,0.4664838330386114,1
1,0,0.5071140619505978,1
1,1,0.673159258016221,1
0,0,0.43314058619648954,1
0,1,0.5765499056052036,0
1,0,0.5293531200195901,1
1,1,0.6143208128150847,1
1,1,0.5501765449265978,1
1,0,0.45044220165881366,1
0,0,0.5107323286946333,1
0,1,0.5503663086565419,0
0,1,0.6348833810108977,1
1,0,0.5337482779845057,1
0,1,0.6346682126126072,1
1,0,0.5,1
1,0,0.5329244795610778,1
0,1,0.6908132303178258,1
1,1,0.621629571429293,1
0,1,0.6096093998029986,1
1,1,0.7014576492305968,1
1,1,0.6251196446414308,1
0,1,0.6142384944949455,1
1,0,0.5350880579373346,1
0,0,0.5111521096554749,1
0,0,0.5076340446710306,0
