y_true,y_pred,y_prob,sensitive_features
0,1,0.9978894301131966,1
1,1,0.8934413439047539,1
1,1,0.551023630722706,1
1,1,0.9334659372134775,1
1,1,0.9655333758243906,1
0,0,0.38602960413501597,1
1,1,0.7461135844706255,0
1,1,0.9941974076937748,0
0,1,0.9545987839198156,1
0,0,0.26254894595908895,0
0,1,0.5127416430420317,0
1,1,0.9714787115895965,1
0,1,0.9154146223831813,1
0,1,0.9191508336027773,1
0,1,0.6595408258996472,1
1,1,0.9856375435930169,1
1,1,0.9881944747961939,1
0,0,0.3214603326559073,1
1,0,0.009421916172477477,1
1,1,0.9345356314016262,1
0,1,0.9611740582574884,1
0,0,0.3201185766588003,0
1,0,0.3457874233289559,1
1,1,0.7768800221071673,1
1,0,0.10865540141002628,1
0,1,0.9884247608969566,1
0,1,0.6881669681941524,1
1,0,0.1951842043826547,1
1,1,0.9901749075235502,1
1,0,0.3820664276358523,1
1,1,0.5957183861910851,1
1,1,0.8582534468975149,1
0,1,0.9805789764198911,0
1,1,0.6519520087914804,1
1,0,0.340839636253343,1
0,0,0.24301731433798798,0
1,1,0.6914307701489268,1
1,0,0.43877822476847156,0
0,1,0.9655312867847878,1
0,0,0.061995398116632676,0
0,1,0.9676894747314682,1
1,1,0.8972225150216311,1
0,1,0.7201729024165286,1
1,1,0.956707375087738,0
1,1,0.8936264804256924,1
1,1,0.570120726333596,1
1,1,0.8940996555656037,0
