y_true,y_pred,y_prob,sensitive_features
0,1,0.7739130743637047,1
1,1,0.6847874990668742,1
1,1,0.5722397758592862,1
1,1,0.7645894638316438,1
1,1,0.5549379375279552,1
0,1,0.6132571950897786,1
1,1,0.7747014797333414,0
1,0,0.4093877099749901,0
0,1,0.6352093466242228,1
0,0,0.4880138996902297,0
0,1,0.566467914496646,0
1,1,0.686467309911444,1
0,1,0.900878925782624,1
0,1,0.6221918834549544,1
0,1,0.5938634291236928,1
1,1,0.7337775517257588,1
1,1,0.854414631021216,1
0,1,0.6945116435870876,1
1,1,0.5807821535015055,1
1,1,0.7936123151509813,1
0,1,0.7472602713488757,1
0,0,0.49184635987860775,0
1,0,0.41068874831203495,1
1,1,0.6378866489913704,1
1,1,0.6782723473983645,1
0,1,0.573972502731161,1
0,1,0.5565376025886934,1
1,1,0.581971789398419,1
1,1,0.9114299316000171,1
1,0,0.49378803781053043,1
1,1,0.6183852878316368,1
1,0,0.4737191194491982,1
0,1,0.5811038578824153,0
1,1,0.7237575154613175,1
1,1,0.516052335795894,1
0,1,0.5529118717381593,0
1,1,0.5233560586381056,1
1,0,0.4855016381929553,0
0,1,0.8358187957590378,1
0,0,0.25925698585956325,0
0,1,0.6496909791311724,1
1,1,0.5897286146280049,1
0,1,0.6046159566285902,1
1,1,0.744718318960361,0
1,1,0.8293877198575581,1
1,1,0.7048816377770366,1
1,0,0.46660145174372636,0
