y_true,y_pred,y_prob,sensitive_features
0,1,0.7441591079941797,0
1,1,0.6255432480474618,1
0,1,0.5752837769162805,0
1,1,0.674223568556573,1
1,0,0.4236885905103464,1
1,1,0.7276528875995052,1
1,1,0.7845380532043825,1
1,1,0.9303820400458438,1
1,1,0.746606771283342,1
0,1,0.5805606911681364,1
0,1,0.7662135969703379,1
0,1,0.5397047704285947,1
0,1,0.6171975633559285,0
1,1,0.5885623144692185,1
0,1,0.7745277171144843,1
1,1,0.768761275329064,0
0,1,0.6892822113286516,1
1,1,0.7118652414160566,1
1,0,0.4061983136994742,0
1,1,0.7244215358899081,1
0,1,0.6557644244786903,0
0,0,0.4592968106679126,0
0,1,0.6679806973721645,1
1,1,0.6476921584021909,1
1,1,0.6516236042256511,1
1,1,0.5193611974214515,0
0,0,0.3397925909808656,1
0,1,0.7327158073009201,1
1,1,0.8286900488070993,1
0,1,0.8659053891071921,1
1,1,0.7666363352703793,0
1,0,0.4643298962754357,1
1,1,0.6834698659494344,1
1,1,0.8182251931187307,1
0,1,0.6967170423708715,0
0,1,0.683159919444781,1
0,1,0.843287651600561,1
1,1,0.8335761876544668,0
1,0,0.4206026799990504,1
1,1,0.5755751807821778,1
1,1,0.6111490492605859,1
1,1,0.7450012147662525,1
1,0,0.18520402118129026,1
0,0,0.35026008644204226,1
0,1,0.8401519331961367,1
1,1,0.6391485839204588,1
1,1,0.7332432318782689,1
