y_true,y_pred,y_prob,sensitive_features
1,1,0.6252505049002816,1
0,0,0.2234507228338295,1
1,1,0.6834343640255278,1
0,0,0.06985151254124705,0
1,1,0.7923435279963841,0
0,0,0.07885742858225539,0
1,0,0.21704739885657798,1
0,0,0.38398542166338595,1
0,0,0.23192007479662805,1
1,1,0.9046184102306303,1
1,1,0.9242850865421761,1
1,1,0.5435026724103,1
1,1,0.8582543963750917,1
1,1,0.8976015559595915,1
1,1,0.6056976552914703,1
1,0,0.48831961295656806,1
1,1,0.7962442584633977,1
0,1,0.6174032552942668,1
1,1,0.7538071826478694,1
1,0,0.27343620884242337,1
1,1,0.8554952414317314,1
1,1,0.9988665056991941,1
0,1,0.8697587375734267,1
0,1,0.6600231935946955,1
0,1,0.5062431115630313,0
0,1,0.9437530619684527,1
1,0,0.13366378093404968,0
1,1,0.7764288892927165,1
0,1,0.9472960213061206,1
1,1,0.7631398375435785,0
1,1,0.8687912433503693,1
0,1,0.6431210969199824,0
0,0,0.38663009870047266,1
1,1,0.7281747826242272,1
0,0,0.4043807591349625,0
0,1,0.7962568293776161,1
1,1,0.6774732110102608,1
1,1,0.9477113825222577,1
0,1,0.8561223452321269,1
1,0,0.08507567741921963,0
1,1,0.9162668002292215,1
1,1,0.8467208886972377,0
1,1,0.5874605497643771,1
0,1,0.9445130706813415,1
1,0,0.32174920354394926,1
0,1,0.7188872924218935,1
0,0,0.13985747084275715,0
