y_true,y_pred,y_prob,sensitive_features
0,1,0.5108659326360342,1
1,1,0.761697571504623,1
0,0,0.37708336568834183,0
0,0,0.3678355655522371,1
1,1,0.7586296821669003,0
1,1,0.6041566004868201,1
1,1,0.723769848339138,1
0,1,0.6175385401570912,1
1,1,0.8595587704186815,1
1,1,0.7047640673953799,1
1,1,0.8470894926029775,1
1,1,0.6417301990348809,1
1,1,0.5772552096284186,1
1,1,0.6939162407696307,1
1,1,0.5718979383431146,0
0,0,0.46188613292752523,1
0,1,0.5798335774374679,0
0,1,0.5963814334684587,1
1,1,0.8283279201502991,0
1,0,0.47233890182661586,0
1,1,0.7007402863058516,0
0,0,0.4504079364203227,0
1,1,0.5107459180197388,1
1,1,0.8227833237833115,1
1,1,0.8540228561352655,1
0,0,0.429361889435167,1
0,1,0.6417568329299874,0
1,1,0.7854796990834272,1
1,1,0.5264051993139325,1
1,1,0.5940945500445344,1
1,1,0.5223723420844801,1
0,1,0.526279694618446,1
0,0,0.4239887908963916,0
0,1,0.8211286436470668,1
1,1,0.6158057745550125,1
0,1,0.8820858045496373,1
1,0,0.3188980919644674,1
1,1,0.7179080316845287,1
0,1,0.7838632954300635,1
1,0,0.46248984798581433,1
0,0,0.4409506265834568,1
1,1,0.7159950017122703,1
1,1,0.5548688340585811,1
0,1,0.815727400775324,1
1,1,0.5767614616408214,1
0,0,0.49992376908953834,1
0,0,0.2954782725461495,0
