y_true,y_pred,y_prob,sensitive_features
1,1,0.8081479133011192,1
1,0,0.4612088623415334,1
0,1,0.6679435112558159,0
0,1,0.7297994274074241,1
1,1,0.5827254236392538,0
0,0,0.392634558320122,0
1,1,0.7358973007666106,1
1,0,0.45443480510621415,0
0,0,0.3977974309848966,0
1,1,0.8664414334877947,1
1,1,0.8389583428048863,1
0,1,0.7724513402618636,1
1,1,0.8357278786019413,1
1,1,0.7586265868990834,1
1,1,0.6793817180831366,1
0,1,0.6950864352484488,1
1,1,0.8225030163330818,0
0,1,0.6638538156615579,1
0,1,0.5639887339955703,0
1,1,0.6048290265250514,1
0,0,0.2784455830072829,0
1,1,0.7695232419743064,1
1,1,0.7231178061969626,1
0,1,0.8516573747217828,1
1,1,0.5905105889318452,1
1,1,0.8918275483871348,1
0,1,0.720422426489578,1
1,1,0.7434495020845057,1
1,1,0.8385830803452776,1
1,1,0.6497559274307242,1
0,1,0.8000151580286685,1
1,0,0.3555339855978895,1
0,1,0.7422790943451438,1
1,1,0.7882753228318397,0
0,0,0.34737734946049387,1
1,0,0.3096712325939547,1
0,1,0.7833231761755638,1
1,1,0.8746036609218613,1
1,1,0.6786565119543163,1
1,1,0.7352263155517359,1
1,0,0.43349381742191556,1
0,1,0.5936058222114912,1
0,1,0.8172752196270707,1
0,1,0.7880256234928953,0
1,1,0.6267775016412849,0
0,1,0.807092308350988,1
1,1,0.8439904754323124,1
