y_true,y_pred,y_prob,sensitive_features
1,1,0.6824459174612498,1
1,1,0.9998090805451898,0
0,0,0.46496607455445343,1
0,1,0.530568614794021,1
0,1,0.5753504482234418,0
1,1,0.6436096283019188,1
0,1,0.6472693035503255,1
0,1,0.6261835973360017,1
1,1,0.7641841260437267,1
1,0,0.431843615550781,1
0,1,0.5718507657951818,1
1,1,0.7046775045186768,1
1,1,0.6288919098014978,1
1,1,0.842467070202469,0
1,1,0.568826117211439,0
0,1,0.5000375854189937,1
1,1,0.6480136688465289,1
0,1,0.7164455080338485,1
1,1,0.8329545131449246,1
1,1,0.6837906853678868,1
1,1,0.8950677324055055,1
0,0,0.2081858455552412,0
0,0,0.49364099195475053,1
1,0,0.31884616496140594,0
0,1,0.8026761141342035,1
0,1,0.7200521534972198,1
1,0,0.49119503523148145,1
0,0,0.2909746855371824,0
1,1,0.6377517192381743,1
1,1,0.579532683590926,1
1,1,0.6260465839570494,1
1,1,0.5564268123315226,0
1,1,0.6392181530443067,1
0,1,0.5224160415826944,1
1,1,0.664714441103027,1
1,1,0.6461510972871116,1
0,0,0.3042636124011927,1
0,1,0.5275320389957785,0
0,0,0.2756262780394697,0
1,1,0.5438131933325765,1
1,1,0.9222546431061268,1
1,1,0.7467213109522707,1
1,1,0.524162127027884,1
1,0,0.3734971050720746,1
0,1,0.5658598096935029,1
1,1,0.7235337302325541,1
0,1,0.5453443924796995,0
