y_true,y_pred,y_prob,sensitive_features
0,1,0.5108677859898466,1
1,1,0.9001656051419726,1
0,0,0.3996627243292561,0
0,0,0.3369819293233941,1
1,1,0.7680357502184985,0
1,1,0.6049012039839654,1
1,1,0.7699599984998662,1
0,1,0.6344199718949217,1
1,1,0.9397101961953845,1
1,1,0.7438179044868864,1
1,1,0.8517779667216416,1
1,1,0.6110739241180108,1
1,1,0.8369236130272159,1
1,1,0.7852232206794082,1
1,1,0.503298589090662,0
0,0,0.3119100086691355,1
0,1,0.5901672818551039,0
0,1,0.5916537652924776,1
1,1,0.9152637581026247,0
1,0,0.21330462171471518,0
1,1,0.6140813383727509,0
0,0,0.3117215261535848,0
1,1,0.6381360881916287,1
1,1,0.5676492011579575,1
1,1,0.9783725194950854,1
0,0,0.2500644534366534,1
0,1,0.7245394819396666,0
1,1,0.5671961655645779,1
1,1,0.7140918989686396,1
1,0,0.4483051675275416,1
1,0,0.4808976377197057,1
0,1,0.5524476486974698,1
0,0,0.3269310075956158,0
0,1,0.9135278431072175,1
1,1,0.6097020908598527,1
0,1,0.9463196856871302,1
1,0,0.27487616453095476,1
1,1,0.6608038480905135,1
0,1,0.9079962323308334,1
1,1,0.8796725477188675,1
0,0,0.46240098019494486,1
1,1,0.9121008687740221,1
1,1,0.9076503920172354,1
0,1,0.5638825106508379,1
1,0,0.44240960039171573,1
0,1,0.6321776157396186,1
0,0,0.10598197569038795,0
