y_true,y_pred,y_prob,sensitive_features
0,1,0.7773931342218531,1
1,1,0.8019060935996885,1
1,1,0.5762449599731341,1
1,1,0.8317211785226934,1
1,1,0.8909541320542613,1
0,1,0.5437230672733426,1
1,1,0.7710538099574643,0
1,1,0.6051234366922666,0
0,1,0.7462820117254997,1
0,1,0.508643508505457,0
0,1,0.5435871437507099,0
1,1,0.9198285510260847,1
0,1,0.6839219411341501,1
0,1,0.7606621240425195,1
0,0,0.3511617934203557,1
1,1,0.8759232565905243,1
1,1,0.8353312449656244,1
0,0,0.4451962096461179,1
1,0,0.4749024675949321,1
1,1,0.640252434344298,1
0,1,0.7347114929732651,1
0,1,0.5723010200630972,0
1,0,0.4268331244154618,1
1,1,0.6230051211703316,1
1,1,0.6645650153374733,1
0,1,0.7788005318777952,1
0,1,0.5066867171565783,1
1,0,0.4121518508825057,1
1,1,0.8891137831376751,1
1,1,0.7990099339639148,1
1,1,0.9024378043015796,1
1,1,0.6380252800455254,1
0,1,0.6881998550097368,0
1,1,0.6222961745327282,1
1,1,0.5876289548070369,1
0,0,0.43565920725345064,0
1,1,0.5659985348233848,1
1,1,0.5501259462705901,0
0,1,0.8447892394419734,1
0,1,0.5593990421014201,0
0,1,0.756878162153934,1
1,1,0.8477827828338219,1
0,1,0.7690602176322875,1
1,1,0.671910033831726,0
1,1,0.6553308875386994,1
1,1,0.9215791640175992,1
1,1,0.558046833756747,0
