y_true,y_pred,y_prob,sensitive_features
1,1,0.600380775240912,1
1,0,0.28023004251138234,1
1,1,0.7736924353608812,1
0,1,0.5367555426769247,1
1,1,0.6544799276322109,1
0,1,0.6021420070442622,1
0,1,0.5798698878707543,1
0,1,0.5415642572241111,0
0,0,0.4618722908221372,1
0,1,0.5292349701719572,0
1,0,0.3180090355988425,1
0,1,0.5520037883019093,1
1,1,0.8542185597019769,1
1,0,0.4033002616139158,0
0,0,0.4835503633442907,1
1,1,0.6559379281383626,1
0,1,0.5830584483057535,1
1,1,0.5144563140557756,1
1,1,0.5985076631133941,1
1,1,0.7971837323702923,0
0,1,0.7898094890109546,1
0,0,0.3048558148912693,1
1,1,0.6087679584479002,1
1,1,0.6017002752224215,1
1,1,0.7003752530811496,1
1,1,0.6071570397842307,1
1,1,0.609999510819015,0
1,1,0.8392081107524746,0
1,0,0.4289493528340584,1
1,1,0.535809476141077,1
0,1,0.5335118844527847,1
1,1,0.7052449883971831,1
1,0,0.41917883390915883,1
0,0,0.2333857464322586,1
1,1,0.6103497584626281,1
1,1,0.7321263891815434,1
1,1,0.5432631160612187,1
0,1,0.6437767343928738,0
1,1,0.9627938612970607,0
0,0,0.22153174027381126,0
0,1,0.5655687652187539,1
0,1,0.761236421019855,0
0,1,0.6618875976587355,0
1,0,0.44195245219170304,1
1,1,0.7316863456113138,1
0,0,0.3123295501896834,1
1,1,0.5662315729779207,1
