y_true,y_pred,y_prob,sensitive_features
1,1,0.8696175928448444,1
1,1,0.5176150088143573,0
1,1,0.6858829085361011,1
1,1,0.5183061390201413,1
1,1,0.8375227485483546,1
1,0,0.3298515647163924,1
1,1,0.8867164151214862,1
1,1,0.5345377309261001,1
1,0,0.3870232922128798,1
0,0,0.3324868846115372,0
0,0,0.3823980443631588,0
0,1,0.5596310795661201,1
1,1,0.8360228350219774,1
1,1,0.7476308035914703,1
0,1,0.596267586330153,1
0,0,0.32162357446848855,1
1,1,0.7605601893801603,1
1,0,0.49876704350295836,1
0,0,0.22950635809487907,0
0,1,0.6265101485739317,1
1,0,0.4429289668296969,1
0,1,0.9387903768536907,1
1,0,0.29415759920798673,0
0,0,0.20539905029460334,1
1,0,0.2511380749955793,0
0,0,0.3718944674803583,1
0,1,0.6944224631661783,1
0,1,0.9729220593709271,1
0,0,0.44320431823453776,1
0,1,0.5529413849888594,0
0,1,0.9449606192480193,1
1,0,0.28397055543408883,1
0,0,0.43770070871753153,0
1,1,0.6764161743283629,1
1,0,0.47545566921437404,1
1,0,0.17777533449755528,0
1,0,0.27270810763436093,1
0,1,0.5577844494501402,1
0,1,0.7004192748499587,1
1,0,0.28743864076074777,0
0,0,0.16057209494888658,0
1,1,0.7760539678014535,1
1,1,0.7355722759742723,1
1,1,0.5644604403298549,1
1,1,0.8997565850212706,1
1,1,0.8103984968529224,1
1,1,0.54640058015882,1
