y_true,y_pred,y_prob,sensitive_features
0,1,0.6316756938653053,0
1,1,0.8490530981969521,1
0,0,0.371657243970281,0
1,1,0.5681680202666859,1
1,1,0.5296898089861295,1
1,1,0.7144486869256296,1
1,1,0.7628831833356209,1
1,1,0.9077696765255467,1
1,1,0.6727593701103922,1
0,1,0.6080667614752503,1
0,1,0.6781753685253945,1
0,1,0.5545342234517852,1
0,0,0.4428427115975431,0
1,1,0.7042770713236477,1
0,1,0.8400593503510143,1
1,1,0.726037013928906,0
0,1,0.5805527286949737,1
1,1,0.909883963189088,1
1,1,0.5535339050261734,0
1,1,0.6724013838897701,1
0,1,0.5134484174967653,0
0,0,0.3510306331807977,0
0,1,0.854489789044619,1
1,1,0.8905768670036283,1
1,1,0.8590125835682355,1
1,0,0.29327418213681056,0
0,0,0.33460746182838974,1
0,1,0.7762439097848595,1
1,1,0.8369020272314842,1
0,1,0.7755015124167127,1
1,1,0.9997507191519196,0
1,1,0.8972569011056212,1
1,1,0.8108315245086286,1
1,1,0.967967538399594,1
0,1,0.7540703707278655,0
0,1,0.6612522553254303,1
0,1,0.7085897119175874,1
1,1,0.7384382212582926,0
1,1,0.5140981693525015,1
1,1,0.5179243949926818,1
1,1,0.5903392296596789,1
1,1,0.7893933869952874,1
1,0,0.3012318422851704,1
0,1,0.5077185453414402,1
0,1,0.8619311408241791,1
1,1,0.8657451785621948,1
1,1,0.6713024622210312,1
