y_true,y_pred,y_prob,sensitive_features
0,0,0.3432751707119631,0
1,0,0.3264406673588182,1
1,1,0.8378652389383863,1
1,1,0.5494646777622438,1
0,1,0.5695029964219563,1
1,1,0.9655011410784469,1
0,1,0.8175091932586414,1
0,0,0.3483979262819631,1
1,0,0.27786985774352374,1
0,1,0.5024272039366966,0
0,0,0.46181696473186623,1
0,1,0.6518625800838531,1
1,1,0.7067003200297886,1
1,1,0.5143002853615811,1
1,1,0.691217025387789,1
1,1,0.6599167323262864,1
0,1,0.5123890032384731,1
1,0,0.4464305787348583,1
0,0,0.19868730529805964,0
1,1,0.9018636367443225,1
0,0,0.31334227026949674,1
1,1,0.6371171438530889,0
0,0,0.43976789231729424,1
0,1,0.6089998574053568,1
1,1,0.5902735583031413,0
1,1,0.5307567650699129,1
0,1,0.921232810287028,1
1,0,0.31878900279834677,1
1,1,0.6455398329786192,1
0,0,0.20105332135516776,0
0,0,0.40109582475376976,0
1,1,0.944544236610381,1
1,1,0.8677151162055287,1
0,0,0.4339378204168851,1
0,1,0.6356779480394433,1
1,0,0.2591558345666054,1
0,0,0.4152477306096457,1
1,0,0.4505714735734843,1
1,0,0.34663187862710554,1
0,0,0.3744000689162835,0
1,1,0.5415063319119624,1
1,1,0.5259852528526691,0
1,0,0.2887583408573591,1
1,0,0.4029729779383134,1
1,1,0.9574813644341206,1
1,1,0.9940269114867941,0
1,1,0.6659382010145437,0
