y_true,y_pred,y_prob,sensitive_features
0,1,0.6157018740361275,1
1,1,0.5639533869435619,1
1,0,0.4537208581150782,1
1,1,0.5258346787989557,1
1,1,0.60571783428832,1
0,0,0.4340518381095527,1
1,1,0.5726289515126172,0
1,1,0.5463880650955728,0
0,1,0.5336054322476524,1
0,0,0.4389443844881366,0
0,1,0.5308862315491728,0
1,1,0.5344913862389373,1
0,1,0.5604802052831097,1
0,1,0.5243714024167901,1
0,0,0.42749979284295675,1
1,1,0.5416965534637006,1
1,1,0.6279962656119547,1
0,0,0.48863685873323415,1
1,0,0.4293223702779324,1
1,1,0.5389904210148574,1
0,1,0.5086189182095969,1
0,1,0.5329612358897526,0
1,0,0.4034267513170171,1
1,1,0.5296514981683108,1
1,0,0.4595324324615695,1
0,1,0.5453730497090201,1
0,0,0.47920782388509486,1
1,0,0.43776153250689503,1
1,1,0.6448337591430076,1
1,1,0.5390658068621466,1
1,0,0.4913458985824219,1
1,0,0.45555602586540966,1
0,1,0.5808511531364285,0
1,0,0.4437470070058432,1
1,0,0.3901326325426321,1
0,0,0.4563017416795831,0
1,0,0.4381456648412592,1
1,0,0.47092805492268425,0
0,1,0.6118410681067633,1
0,0,0.4353756246494771,0
0,1,0.5077846339771844,1
1,1,0.5308013487280017,1
0,0,0.4775701682941415,1
1,1,0.5648561396997698,0
1,1,0.5284424154131807,1
1,1,0.5349108020028163,1
1,1,0.5510054865011882,0
