y_true,y_pred,y_prob,sensitive_features
1,0,0.4822376630509898,1
1,1,0.9899285750277734,0
0,1,0.7397940387285323,1
0,1,0.785609064859913,1
0,0,0.2879116636398549,0
1,1,0.9063529151343319,1
0,1,0.6674126482809498,1
0,1,0.5667558182634831,1
1,1,0.9499328435454177,1
1,0,0.13498656259092875,1
0,1,0.8126994593652661,1
1,1,0.9725197045150465,1
1,1,0.5922202879558721,1
1,1,0.86123376185133,0
1,0,0.37283175150862263,0
0,0,0.18363224832409905,1
1,0,0.30299028585482174,1
0,1,0.5431709920772411,1
1,1,0.5635451556320306,1
1,0,0.25295162620729167,1
1,1,0.9591976042395297,1
0,0,0.052477012075056804,0
0,0,0.3733179566676575,1
1,0,0.14845397907288763,0
0,1,0.848443379088254,1
0,1,0.5262938916968799,1
1,1,0.6169451397729586,1
0,0,0.19071154218410227,0
1,1,0.7098162513856375,1
1,1,0.717082621758964,1
1,0,0.3662448163840795,1
1,1,0.7540099842157452,0
1,0,0.2765368256314324,1
0,1,0.7354326169425333,1
1,1,0.5339560661585451,1
1,1,0.7437837728055172,1
0,1,0.6153160778164934,1
0,1,0.5473113470058679,0
0,0,0.09051098303314603,0
1,1,0.7082220631383865,1
1,1,0.9624938981273417,1
1,1,0.8284219166736405,1
1,1,0.6428668020446657,1
1,0,0.10518769367760915,1
0,0,0.46385677725915414,1
1,1,0.8433510458526496,1
0,1,0.8083400171604828,0
