y_true,y_pred,y_prob,sensitive_features
1,1,0.9823483028623817,1
1,1,0.9696190015915233,0
1,1,0.9774083621687978,1
1,1,0.9746381510547204,1
1,1,0.9667111406686724,1
1,1,0.5520691322481761,1
1,1,0.9751407279122989,1
1,0,0.46570343474108467,1
1,1,0.9934238770452086,1
0,0,0.3476357842879513,0
0,0,0.4061108068350397,0
0,1,0.7679423629892034,1
1,1,0.7568606102682875,1
1,1,0.9616181940187286,1
0,1,0.7591285330709052,1
0,1,0.8932293577624775,1
1,1,0.9315867875347342,1
1,1,0.9435824338999833,1
0,0,0.10690638900107399,0
0,0,0.2020806695273338,1
1,1,0.7856592477107226,1
0,1,0.9855948487641703,1
1,1,0.6828999694987826,0
0,1,0.9557982379896258,1
1,1,0.8725125512148887,0
0,0,0.2982851162669415,1
0,1,0.8227689415872876,1
0,0,0.42200089726874557,1
0,1,0.7461646767654813,1
0,1,0.7582981291670247,0
0,1,0.853811638393378,1
1,0,0.2557241417729008,1
0,0,0.1980029138176408,0
1,1,0.9147180768291165,1
1,1,0.7011855947948754,1
1,0,0.11782799984990402,0
1,1,0.7850416640499848,1
0,1,0.936239060216441,1
0,1,0.9613328594806735,1
1,1,0.6762042428548845,0
0,0,0.04105025269477975,0
1,0,0.45393582650650127,1
1,1,0.8455756360114111,1
1,0,0.20582315770406262,1
1,1,0.9887521145265831,1
1,1,0.9258866056341579,1
1,1,0.9974513598240999,1
