y_true,y_pred,y_prob,sensitive_features
0,1,0.9749663481586338,1
1,1,0.7555763408674049,1
1,1,0.6299153583861677,1
1,1,0.5108101862459052,1
1,1,0.8811641196801435,1
0,0,0.38304632825688867,1
1,1,0.8390119505865774,0
1,1,0.937466482992284,0
0,1,0.8467722929970565,1
0,0,0.40552282711599613,0
0,0,0.369657673686646,0
1,1,0.8161934329020349,1
0,1,0.7224574512987063,1
0,1,0.7128765523622248,1
0,0,0.44145628951655536,1
1,1,0.9172586655911723,1
1,1,0.8599473400179174,1
0,0,0.3642515047136484,1
1,0,0.1808730618431077,1
1,1,0.5138528605747814,1
0,1,0.8433225444185904,1
0,1,0.9376797176988875,0
1,0,0.32696847238522153,1
1,1,0.5260849134289299,1
1,0,0.20076354180562198,1
0,1,0.9250914933578233,1
0,1,0.6709731652590645,1
1,0,0.20779892754602236,1
1,1,0.9673905610527329,1
1,0,0.19572003947149702,1
1,1,0.713017717966436,1
1,1,0.7292745292872024,1
0,1,0.6143314626022487,0
1,1,0.527024354938887,1
1,1,0.5146698772020578,1
0,0,0.35647493400920616,0
1,1,0.6632013956551696,1
1,1,0.6525596909977643,0
0,1,0.8460859597840693,1
0,1,0.6019674599425474,0
0,1,0.8534730001806781,1
1,1,0.7644855133527102,1
0,0,0.4763943586995597,1
1,1,0.8063073560268227,0
1,1,0.7302627772029854,1
1,1,0.8285548008904534,1
1,1,0.8057781738857956,0
