y_true,y_pred,y_prob,sensitive_features
1,0,0.32488864397071854,1
1,0,0.33402475444553786,1
1,1,0.7977007538736053,1
0,0,0.4322606569454696,1
1,0,0.4903982556642453,1
0,0,0.46048807019586735,1
0,1,0.5966032071023768,1
0,1,0.5508538613145966,0
0,1,0.5901186986965168,1
0,0,0.3862755743126974,0
1,0,0.2943193541239574,1
0,0,0.31780921236748505,1
1,1,0.9162478729626061,1
1,0,0.49147822056261525,0
0,0,0.3613098034018271,1
1,0,0.4078360034202705,1
0,0,0.43014581332720137,1
1,0,0.38985526006800475,1
1,0,0.4792458587881104,1
1,1,0.8955532498116159,0
0,1,0.7316282342229002,1
0,0,0.18626430646927128,1
1,1,0.5354148524954645,1
1,1,0.5355413841831458,1
1,1,0.8492846729270701,1
1,1,0.8444781212245178,1
1,0,0.40712943763676124,0
1,1,0.9045123671428923,0
1,0,0.303851631450666,1
1,0,0.3422121987160016,1
0,0,0.47717303009545486,1
1,1,0.6992094684723298,1
1,0,0.3914202892155636,1
0,0,0.19762570274050678,1
1,0,0.4491670452848599,1
1,1,0.6576759989412776,1
1,0,0.43529023976417097,1
0,1,0.7018792449689493,0
1,1,0.989315276697769,0
0,0,0.23546650687128248,0
0,0,0.31152619226968653,1
0,1,0.8868625541130418,0
0,1,0.7760581688967602,0
1,0,0.27443879946227234,1
1,1,0.7126208875170187,1
0,0,0.0619372565607688,1
1,1,0.556869157819938,1
