y_true,y_pred,y_prob,sensitive_features
0,1,0.5921397550768601,1
0,0,0.591539947903379,0
1,1,0.5919257352193596,1
0,1,0.5923969068757553,1
1,0,0.5917615854784604,0
0,1,0.5918003492554046,0
0,1,0.5921277694733457,1
0,0,0.5915403649057691,1
1,1,0.5924349249453368,1
0,1,0.5923535161563601,1
0,1,0.591848104517711,0
1,0,0.5913792666631822,1
1,1,0.5922838664168375,1
0,0,0.5916916442736253,1
1,1,0.5920724597217196,1
0,1,0.5919926230731295,1
0,0,0.5916978843714189,1
0,1,0.5920093829792562,1
1,0,0.5915782893912852,1
1,1,0.5921690917367818,1
0,0,0.59158980332459,1
1,1,0.5920501704134437,1
1,1,0.5919104461531091,1
1,1,0.5917935247603255,1
1,1,0.5922036229085993,1
0,1,0.5923111699239856,1
1,1,0.592239976380889,1
1,1,0.592078031483604,1
0,1,0.5917817561927992,1
1,1,0.5918014653341173,0
1,1,0.5919774342830715,0
1,1,0.5922430401114307,1
0,1,0.5919249114835748,0
1,1,0.5922937598848479,0
1,1,0.5917939533999483,1
1,1,0.5922238736599761,0
1,1,0.5921626602982539,1
1,1,0.5918504347258448,1
1,1,0.5920648156510718,1
0,0,0.5917572428155375,0
1,1,0.5923997682543354,1
1,1,0.5919478442576708,1
1,0,0.5916772711529413,1
1,1,0.5921510766830406,1
0,0,0.5915832089479575,1
0,1,0.5920178486500122,0
1,1,0.5919259945847694,1
