y_true,y_pred,y_prob,sensitive_features
1,1,0.6520072283777593,1
1,1,0.6145239233049055,1
1,1,0.733102502795929,1
0,1,0.581115430277691,1
1,1,0.607533435079096,1
0,1,0.7195580978833379,1
0,1,0.5758111273752855,1
0,1,0.6326070789054006,0
0,1,0.6491052855254392,1
0,0,0.2920304965702361,0
1,1,0.6036629789362545,1
0,0,0.4659057592564598,1
1,1,0.8377106627872486,1
1,0,0.40917749739122344,0
0,1,0.5249556506868951,1
1,1,0.6258056385598663,1
0,1,0.6167057449402147,1
1,0,0.47709947311016043,1
1,1,0.6449256290076902,1
1,1,0.7729630188936448,0
0,1,0.723134995254113,1
0,0,0.4588730737811904,1
1,1,0.6992692725361418,1
1,1,0.6362291892389694,1
1,1,0.6021450871159386,1
1,1,0.6829370852401074,1
1,0,0.3693724678363521,0
1,1,0.7822169475982145,0
1,0,0.3441737139436813,1
1,1,0.5976433837188182,1
0,1,0.5132276798084107,1
1,1,0.6522942580995112,1
1,0,0.43140492093147803,1
0,0,0.3304246235311301,1
1,1,0.6415721506316967,1
1,1,0.5946540075752941,1
1,0,0.43277099733810515,1
0,1,0.6531065079481951,0
1,1,0.6779258641716698,0
0,0,0.2015812506428849,0
0,1,0.5654657715714363,1
0,1,0.6259323005950624,0
0,1,0.7196920769681576,0
1,0,0.4642013340411077,1
1,1,0.6607166247493439,1
0,1,0.5184326733272852,1
1,1,0.521569241482729,1
