y_true,y_pred,y_prob,sensitive_features
0,1,0.578136901103085,0
1,0,0.31971912042588474,1
1,1,0.8614813438727099,1
1,1,0.6711551501180187,1
0,1,0.5145815170002225,1
1,1,0.9742256066816265,1
0,1,0.7739853710688285,1
0,0,0.43366213877956694,1
1,0,0.3479553526662435,1
0,1,0.5586519624573789,0
0,1,0.6760821607420552,1
0,1,0.6945289168972723,1
1,1,0.6082975413302674,1
1,1,0.6003784206815486,1
1,1,0.7584430769836895,1
1,1,0.5019005095532967,1
0,0,0.490551910268856,1
1,0,0.429026271894452,1
0,0,0.3707926143448123,0
1,1,0.8045548276339269,1
0,0,0.47503069710309936,1
1,1,0.6573327575646658,0
0,1,0.555751317634132,1
0,0,0.43296211878673607,1
1,1,0.554096042899572,0
1,1,0.6084267314491185,1
0,1,0.866203277315403,1
1,0,0.46586575103599076,1
1,1,0.5161539752752632,1
0,0,0.2640199960426593,0
0,1,0.554485086554142,0
1,1,0.8818510467994503,1
1,1,0.6973843243884805,1
0,0,0.432429765030762,1
0,1,0.7821839368676892,1
1,0,0.49453190877128395,1
0,1,0.5148670585092708,1
1,1,0.5134620665011779,1
1,0,0.4688372836714518,1
0,1,0.5545873543605266,0
1,0,0.44863885262942954,1
1,1,0.6100954823638643,0
1,0,0.3606138880518861,1
1,0,0.41330416662536784,1
1,1,0.7032002465023041,1
1,1,0.9870642956178957,0
1,1,0.6115415444927395,0
