y_true,y_pred,y_prob,sensitive_features
0,1,0.8401056538328384,1
1,1,0.8919083463297792,1
1,1,0.7929840512915829,1
1,1,0.6599253508588516,1
1,1,0.8564601503459867,1
0,1,0.6364633654617403,1
1,1,0.8020083697209941,0
1,1,0.6651029592575919,0
0,1,0.7725214861629985,1
0,0,0.3228084504828216,0
0,1,0.614773588921548,0
1,1,0.6947220624525542,1
0,1,0.8209853338079147,1
0,1,0.7164042763951358,1
0,1,0.7986671165009955,1
1,1,0.7982465235098442,1
1,1,0.9165629600475191,1
0,1,0.8026986412508125,1
1,1,0.5215239525359348,1
1,1,0.7740852797110812,1
0,1,0.731738247732825,1
0,1,0.6918548182182421,0
1,0,0.2745649893534032,1
1,1,0.7151064367384289,1
1,1,0.6336103802715436,1
0,1,0.7028732582053331,1
0,1,0.6131126376250783,1
1,0,0.4281366075694289,1
1,1,0.8370733644766193,1
1,1,0.6484808042912679,1
1,1,0.6401768554500424,1
1,1,0.48438915814832934,1
0,1,0.7542997291418154,0
1,1,0.7794499380613075,1
1,0,0.4518636251342654,1
0,0,0.3805639195398602,0
1,0,0.28880519990020337,1
1,1,0.47345830446942705,0
0,1,0.913816566056072,1
0,1,0.570222445439262,0
0,1,0.8578504956381274,1
1,1,0.7725650388512985,1
0,1,0.798266251962322,1
1,1,0.5285362371817622,0
1,1,0.7089454114791779,1
1,1,0.7117411136055681,1
1,1,0.7646727127525207,0
