y_true,y_pred,y_prob,sensitive_features
0,1,0.5316254489172395,1
1,1,0.7740405996060198,1
0,0,0.26009238059595907,0
0,0,0.4826944065307129,1
1,1,0.613912298148936,0
1,1,0.6730759026362053,1
1,1,0.678172710094697,1
0,0,0.4625881462802291,1
1,1,0.7570127505797352,1
1,0,0.1749529321421443,1
1,1,0.7185546948611351,1
1,0,0.35622714736082706,1
1,1,0.7859626897495295,1
1,0,0.47921663043166274,1
1,1,0.6625116434710304,0
0,1,0.5430668396175188,1
0,1,0.5082199000102209,0
0,0,0.39658799371052883,1
1,1,0.6021488584698975,0
1,0,0.2730652328740566,0
1,0,0.3529193800032235,0
0,0,0.32783074460700196,0
1,1,0.801708420028856,1
1,1,0.9489630884348199,1
1,1,0.9403363661369585,1
0,0,0.30277433025308487,1
0,1,0.785580430991388,0
1,1,0.8449382015085047,1
1,0,0.3749387656902103,1
1,0,0.44652132543370376,1
1,1,0.6402858648298555,1
0,1,0.6081102753855075,1
0,1,0.593683651760067,0
0,0,0.44973280476282895,1
1,1,0.7264119142473826,1
0,1,0.9205541832888976,1
1,1,0.7984399454050292,1
1,1,0.8202864229575557,1
0,1,0.7012979017605677,1
1,1,0.6631488356536035,1
0,1,0.841708297767453,1
1,1,0.6288192988621888,1
1,1,0.7195761443618044,1
0,1,0.9148183668056795,1
1,1,0.6529729615000744,1
0,0,0.37392358957536453,1
0,0,0.23003259798302542,0
