y_true,y_pred,y_prob,sensitive_features
0,1,0.5427880495698755,1
0,1,0.6873368797039442,0
1,1,0.6302467534465039,1
0,1,0.9492936362954574,1
1,1,0.830320879345817,0
0,0,0.16659805150553006,0
0,1,0.712612982075617,1
0,0,0.23725406596325987,1
1,1,0.8892531897136071,1
0,1,0.945418381519661,1
0,0,0.3171689436386217,0
1,0,0.12436507323671307,1
1,1,0.9254601357376709,1
0,0,0.2913459530018642,1
1,1,0.7903083575963109,1
0,1,0.5916444662479315,1
0,1,0.45705484030290705,1
0,1,0.7672579084257258,1
1,0,0.2669621315778239,1
1,1,0.8195731377351678,1
0,0,0.18833744000910563,1
1,1,0.6842316884277553,1
1,0,0.4324955488359081,1
1,1,0.48208235332183574,1
1,1,0.7536151436747874,1
0,1,0.8444168967762434,1
1,1,0.7868669906243224,1
1,1,0.8218937923245266,1
0,1,0.6588948362116206,1
1,1,0.6470268338544444,0
1,0,0.3736224819308995,0
1,1,0.6913008819834724,1
0,1,0.536307555092342,0
1,1,0.9129036122623615,0
1,1,0.5493461837925125,1
1,1,0.8812884826488295,0
1,1,0.5528151593900366,1
1,0,0.40775061804640206,1
1,1,0.8075247636024143,1
0,1,0.8071436639245161,0
1,1,0.7225724291894899,1
1,0,0.44565000983703007,1
1,0,0.30088583839031097,1
1,1,0.5999397230320518,1
0,0,0.36810751097388816,1
0,0,0.24166721814807043,0
1,1,0.5892949449156681,1
