y_true,y_pred,y_prob,sensitive_features
1.0,0.0,0.395226374191731,1
0.0,1.0,0.730825979064458,1
1.0,1.0,0.6311515004377332,1
0.0,0.0,0.1530515691370631,0
1.0,0.0,0.2864504504778099,0
0.0,0.0,0.2189343774527961,0
1.0,0.0,0.20401114616702848,1
0.0,0.0,0.31670004266067264,1
0.0,1.0,0.6920967460037818,1
1.0,0.0,0.46873911517857675,1
1.0,1.0,0.9638050942033547,1
1.0,0.0,0.41146904493059727,1
1.0,0.0,0.26888587680064574,1
1.0,1.0,0.6318294302201143,1
1.0,1.0,0.5998822604472872,1
1.0,1.0,0.6072351376226116,1
1.0,1.0,0.7765432545459449,1
0.0,0.0,0.3427450185295552,1
1.0,1.0,0.8644982456441399,1
1.0,1.0,0.5126360509859593,1
1.0,1.0,0.9088940176839354,1
1.0,1.0,0.8687298041418279,1
0.0,1.0,0.6560670947920403,1
0.0,1.0,0.7674980414058031,1
0.0,0.0,0.4847323683147538,0
0.0,1.0,0.6463215512501079,1
1.0,0.0,0.19505772411433736,0
1.0,1.0,0.7084397270450483,1
0.0,1.0,0.7717539234193793,1
1.0,1.0,0.6488904263711835,0
1.0,1.0,0.7607225399243386,1
0.0,0.0,0.2783991052899993,0
0.0,1.0,0.7029831967273976,1
1.0,1.0,0.5340366702988428,1
0.0,0.0,0.2964449371574751,0
0.0,1.0,0.5143994202644138,1
1.0,1.0,0.6795622313092887,1
1.0,1.0,0.7975535650526748,1
0.0,1.0,0.8644662778829358,1
1.0,0.0,0.3266614040404679,0
1.0,1.0,0.748046290838378,1
1.0,1.0,0.7271773663858746,0
1.0,0.0,0.2991081499596356,1
0.0,1.0,0.6481543206062472,1
1.0,1.0,0.6189355743785714,1
0.0,0.0,0.35402486226366164,1
0.0,0.0,0.17178855010721464,0
