y_true,y_pred,y_prob,sensitive_features
0,0,0.26680451757878504,0
1,0,0.4140322582198171,1
1,1,0.860163472599243,1
1,1,0.7942211135225011,1
0,0,0.4568273257116395,1
1,1,0.954852292519698,1
0,1,0.8622879844714382,1
0,0,0.48271938185562796,1
1,0,0.49921690195559953,1
0,1,0.5514223303992539,0
0,1,0.7547054727135752,1
0,1,0.8032370805781197,1
1,1,0.5377077568286868,1
1,1,0.7568493563947963,1
1,0,0.40059654596767075,1
1,1,0.834656307588222,1
0,0,0.21778531549672767,1
1,0,0.18962786443744495,1
0,0,0.0748145639296224,0
1,1,0.8441900168410009,1
0,0,0.27254281105821565,1
1,1,0.8698306981325289,0
0,0,0.18520474134211873,1
0,1,0.8274875957774162,1
1,0,0.3362027765945779,0
1,0,0.13475213408891443,1
0,1,0.9752351830175939,1
1,0,0.4731842571594815,1
1,1,0.9163759526524357,1
0,0,0.1871525563626113,0
0,0,0.3052635792279987,0
1,1,0.827695017077836,1
1,1,0.9445990119318805,1
0,0,0.48500170775975193,1
0,1,0.5774538077893222,1
1,1,0.872231494488367,1
0,1,0.5686360719026778,1
1,1,0.8276986690012691,1
1,0,0.20055511549807037,1
0,0,0.3991232641333787,0
1,0,0.4711757363265843,1
1,1,0.8957640872243522,0
1,1,0.8841684998350541,1
1,1,0.5616848737172592,1
1,1,0.9892041157660426,1
1,1,0.9825128079173445,0
1,1,0.7577451064865385,0
