y_true,y_pred,y_prob,sensitive_features
0,1,0.5271651732869351,0
1,1,0.5651240523712605,1
0,0,0.488495492316573,0
1,0,0.48029307184233544,1
1,0,0.42721077677664343,1
1,1,0.5584387599795433,1
1,1,0.5083247716112407,1
1,1,0.6576725989665926,1
1,1,0.5299059602037248,1
0,0,0.4098131875915114,1
0,1,0.5534141563832221,1
0,0,0.45011516745906455,1
0,1,0.5344790137301156,0
1,0,0.44426730423755006,1
0,0,0.5,1
1,1,0.6275901917519968,0
0,1,0.542365167387536,1
1,1,0.5620508774113702,1
1,1,0.5279320912822032,0
1,0,0.48208585441722956,1
0,1,0.5057560785605308,0
0,0,0.424878048162374,0
0,1,0.5621846079818612,1
1,1,0.5508798027987443,1
1,1,0.509646029132566,1
1,0,0.4611838997584439,0
0,0,0.4030976723759323,1
0,1,0.5285465835811002,1
1,1,0.567325703744694,1
0,0,0.5,1
1,1,0.5940185712440318,0
1,0,0.48417880600096785,1
1,1,0.5196535094892718,1
1,1,0.5842234264414087,1
0,1,0.5622575017746005,0
0,0,0.49469223609169616,1
0,1,0.5577558396871303,1
1,1,0.6472084498305747,0
1,0,0.43243567512938696,1
1,0,0.44358846241203675,1
1,0,0.46014854387670956,1
1,1,0.5821873167267524,1
1,0,0.3959037530421378,1
0,0,0.39060785186779046,1
0,1,0.5599359498956805,1
1,0,0.4635585220762473,1
1,1,0.5559432026425558,1
