y_true,y_pred,y_prob,sensitive_features
1,1,0.6803462189548662,1
1,1,0.977794202609384,0
0,0,0.384285790480758,1
0,1,0.7867866412975181,1
0,0,0.4725073080095652,0
1,1,0.9344152767075034,1
0,0,0.3161194859575616,1
0,1,0.6705385100948059,1
1,1,0.9015060976428403,1
1,0,0.1922520206685907,1
0,0,0.3362390305979728,1
1,1,0.647700942294326,1
1,1,0.52738470571263,1
1,0,0.4866391329034845,0
1,1,0.8267984826109348,0
0,0,0.20144054353453722,1
1,1,0.7571587747113712,1
0,1,0.645542968750938,1
1,0,0.45913002945188924,1
1,1,0.560488875172967,1
1,1,0.8615418746841831,1
0,1,0.5202686231568735,0
0,0,0.14743853332795576,1
1,0,0.45617635488645253,0
0,1,0.8754941892269056,1
0,1,0.8515110103047121,1
1,0,0.3075421130929479,1
0,0,0.1623253693472075,0
1,1,0.779806626400774,1
1,0,0.47360365520614195,1
1,1,0.5557277661507484,1
1,1,0.6026152196723034,0
1,0,0.47193390618453,1
0,0,0.44757823486866327,1
1,1,0.5849745801333783,1
1,1,0.6109806450314602,1
0,0,0.346093593249919,1
0,1,0.6239764077867441,0
0,0,0.10398281149017023,0
1,0,0.4317499644841739,1
1,1,0.9448477478594216,1
1,1,0.9251218897419096,1
1,0,0.3214153392845413,1
1,0,0.07868180653308744,1
0,1,0.5232632574655445,1
1,1,0.691143169324744,1
0,1,0.7648077862486737,0
