y_true,y_pred,y_prob,sensitive_features
0,0,0.4454720300298471,0
1,1,0.6663877162903509,1
1,1,0.9300711811059682,1
1,0,0.41846077605266685,1
0,1,0.5339289251108437,1
1,1,0.9506275026580965,1
0,1,0.727176305054315,1
0,0,0.37838290644580386,1
1,0,0.3724244873882518,1
0,1,0.5992703548726384,0
0,0,0.28120313656882523,1
0,0,0.49318190898585784,1
1,0,0.421372479387036,1
1,1,0.659372550084832,1
1,1,0.6970447119900419,1
1,1,0.8039466572414657,1
0,1,0.6811956130810126,1
1,0,0.4572258206094372,1
0,0,0.2516362658022032,0
1,1,0.8508156395876324,1
0,0,0.31394201219570217,1
1,1,0.6899929701498729,0
0,1,0.6537767703870313,1
0,1,0.7239471048461794,1
1,1,0.5589865194045407,0
1,1,0.5594549161193366,1
0,1,0.7583774025422855,1
1,0,0.24768392273022838,1
1,1,0.5967973369550605,1
0,0,0.3591265710712115,0
0,0,0.3626340991370889,0
1,1,0.8428802538430816,1
1,1,0.7096647683119798,1
0,0,0.4528829109797334,1
0,0,0.4632812733413446,1
1,1,0.5477434639297685,1
0,0,0.41898960065672686,1
1,0,0.4535599641004775,1
1,1,0.5002620845951358,1
0,0,0.3062940053193314,0
1,1,0.5147415693133358,1
1,1,0.6532970767370838,0
1,0,0.4405355174314648,1
1,0,0.32330832339914706,1
1,1,0.9015717393071662,1
1,1,0.9535602779155075,0
1,1,0.7756372499035118,0
