y_true,y_pred,y_prob,sensitive_features
1.0,1.0,0.906176317183573,1
1.0,0.0,0.03970824334830473,1
0.0,0.0,0.06759500813982285,0
0.0,1.0,0.9468844819488648,1
1.0,0.0,0.06586650070694113,0
0.0,0.0,0.010174203947763154,0
1.0,1.0,0.5159498766737902,1
1.0,0.0,0.1551183796323843,0
0.0,0.0,0.03560450570075303,0
1.0,0.0,0.3578855740165056,1
1.0,1.0,0.961847565448339,1
0.0,1.0,0.5464690807442858,1
1.0,1.0,0.7612470615164694,1
1.0,1.0,0.6737938578328908,1
1.0,1.0,0.7742595186635706,1
0.0,0.0,0.1636076842278881,1
1.0,1.0,0.8305901593311498,0
0.0,1.0,0.8831731666621689,1
0.0,0.0,0.03261885167217332,0
1.0,0.0,0.026681948054800765,1
0.0,0.0,0.4170105963747018,0
1.0,1.0,0.9196460078157581,1
1.0,1.0,0.5800474945164441,1
0.0,1.0,0.8023345472908966,1
1.0,1.0,0.8051369268520189,1
1.0,1.0,0.9764655724940035,1
0.0,0.0,0.15526150837717093,1
1.0,1.0,0.8508436035046214,1
1.0,1.0,0.7607206709464013,1
1.0,0.0,0.027923273881670763,1
0.0,1.0,0.8710279462920163,1
1.0,1.0,0.8907744922140485,1
0.0,1.0,0.7266917110578265,1
1.0,1.0,0.9559912389517675,0
0.0,0.0,0.1561017652753177,1
1.0,0.0,0.07224308023716391,1
0.0,0.0,0.06690406450196437,1
1.0,1.0,0.984531988224593,1
1.0,0.0,0.07201903976705698,1
1.0,1.0,0.5931115818074132,1
1.0,0.0,0.03826297609903542,1
0.0,1.0,0.8284694839564902,1
0.0,1.0,0.6641582084986067,1
0.0,0.0,0.3207269922220391,0
1.0,1.0,0.8868253306295274,0
0.0,1.0,0.9889926339691643,1
1.0,1.0,0.9766733176176385,1
