y_true,y_pred,y_prob,sensitive_features
1,1,0.6729266752550556,1
1,1,0.6582652699965073,1
1,1,0.8723517616056425,1
0,1,0.7428138822113588,1
1,1,0.6698238369988245,1
0,1,0.8576864377526446,1
0,1,0.5800169337252444,1
0,1,0.4838735234926324,0
0,1,0.6866223489970376,1
0,0,0.15347985511402706,0
1,1,0.7394101620063689,1
0,1,0.5453291030635444,1
1,1,0.920435514736286,1
1,0,0.1615207135271421,0
0,1,0.5428759919308863,1
1,1,0.6461888642874254,1
0,1,0.7031420443704081,1
1,1,0.45856575555910434,1
1,1,0.7116741863937921,1
1,1,0.847985726275082,0
0,1,0.8307794029982105,1
0,0,0.409893281425967,1
1,1,0.7490738909329794,1
1,1,0.6997451196792803,1
1,1,0.5625718476308698,1
1,1,0.6693608738201435,1
1,0,0.24234873183572817,0
1,1,0.8125358239962879,0
1,0,0.2328202102365224,1
1,1,0.7319725190615586,1
0,1,0.7244021358184248,1
1,1,0.5173331973610761,1
1,1,0.6221124256784251,1
0,1,0.4553167142803029,1
1,1,0.6064475212272201,1
1,1,0.6378996603261561,1
1,0,0.3789951768519847,1
0,1,0.6551330987831191,0
1,1,0.6908055300891668,0
0,0,0.07671424778154569,0
0,1,0.5655456049341108,1
0,1,0.6789575297666657,0
0,1,0.7383876445733517,0
1,1,0.6508576275485981,1
1,1,0.6522141742246188,1
0,1,0.547652582516734,1
1,1,0.5963754231462685,1
