y_true,y_pred,y_prob,sensitive_features
1,1,0.8710803503259219,1
0,0,0.3494754212904706,1
1,0,0.3071401697242029,1
0,0,0.41138113622406036,0
1,1,0.6462732625706006,0
0,1,0.7120831002481105,0
1,1,0.515891263991748,1
0,0,0.3532902419098682,1
0,0,0.3686970583191153,1
1,1,0.7934785426906963,1
1,1,0.796406632176312,1
1,1,0.5020777324679495,1
1,0,0.37978276149359197,1
1,1,0.7272322449152563,1
1,1,0.627701868909443,1
1,0,0.4231932295778471,1
1,1,0.6038058135232863,1
0,1,0.5482760404747403,1
1,1,0.7292918941281286,1
1,0,0.4900410526860376,1
1,1,0.5869823781173171,1
1,1,0.994528935927895,1
0,0,0.42526240633957163,1
0,1,0.7834981158082885,1
0,1,0.6109015432520625,0
0,1,0.8897822476098973,1
1,1,0.5785114330636455,0
1,1,0.7484082931185266,1
0,1,0.8010434374039755,1
1,1,0.7161457498772802,0
1,1,0.715479097188181,1
0,1,0.5143388991367003,0
0,0,0.34307887809948034,1
1,1,0.5896833019340147,1
0,0,0.3774900272455332,0
0,1,0.9506408268864998,1
1,1,0.7082962540945751,1
1,1,0.5289807964151177,1
0,1,0.7366103976474891,1
1,0,0.2833111863211366,0
1,1,0.6751167099169769,1
1,1,0.8553503382876514,0
1,1,0.5518322600066181,1
0,1,0.7981349206297291,1
1,1,0.5413931059529169,1
0,0,0.3974747471082334,1
0,0,0.35905645126749086,0
