y_true,y_pred,y_prob,sensitive_features
1,1,0.816007969725624,1
1,0,0.40845789319381715,1
0,0,0.403293958667235,0
0,1,0.907040774441104,1
1,0,0.4645184723336985,0
0,0,0.22650480551190025,0
1,1,0.7633096159336188,1
1,0,0.18625438753110138,0
0,0,0.469135243036347,0
1,1,0.862248359102409,1
1,1,0.9294965747483549,1
0,1,0.599285879464473,1
1,1,0.8797707363477653,1
1,0,0.4949004346419264,1
1,1,0.7573589899243762,1
0,0,0.45368539428967225,1
1,1,0.9292666582089166,0
0,1,0.6308472933688032,1
0,0,0.30049871228735087,0
1,0,0.2701037110877226,1
0,0,0.28094045669470985,0
1,1,0.806330224835316,1
1,1,0.6333233450589221,1
0,1,0.8985993884104428,1
1,1,0.7857013209473841,1
1,1,0.9532973074485307,1
0,1,0.5383190212032503,1
1,1,0.7964828701255064,1
1,1,0.6719550045671291,1
1,0,0.4733987761413267,1
0,1,0.644907029115347,1
1,0,0.15581996286564312,1
0,1,0.5270087883183745,1
1,1,0.8058945361391342,0
0,0,0.35254974371319386,1
1,0,0.15376921832875198,1
0,1,0.5878705070138007,1
1,1,0.9344818003810229,1
1,1,0.5046847152236719,1
1,1,0.6618555355525105,1
1,0,0.3912717368804165,1
0,1,0.5541868937976362,1
0,1,0.7763777586997107,1
0,1,0.7125160912892433,0
1,0,0.44704469176939826,0
0,1,0.9658592192910085,1
1,1,0.8685221788066263,1
