y_true,y_pred,y_prob,sensitive_features
0,1,0.6589890272645136,1
1,1,0.6872055498581432,1
0,0,0.5973948613768897,0
0,1,0.6569887979790758,1
1,1,0.6745217223412426,0
1,1,0.6524128942734607,1
1,1,0.6845266536653729,1
0,1,0.6801236412668991,1
1,1,0.678257958158212,1
1,1,0.6722507000128173,1
1,1,0.6898041190582802,1
1,1,0.6907279028370785,1
1,1,0.6954601999486529,1
1,1,0.6765980749914302,1
1,1,0.6591978194736635,0
0,1,0.6561062560245601,1
0,1,0.6531587486180841,0
0,1,0.6745366793390943,1
1,1,0.6882288451494754,0
1,1,0.6468468614663787,0
1,1,0.6712461145094696,0
0,0,0.5973044354983219,0
1,1,0.6655753512359871,1
1,1,0.6691956430526704,1
1,1,0.6845165740875565,1
0,1,0.6398244684640528,1
0,1,0.6673827230108347,0
1,1,0.670377797801579,1
1,1,0.6440114871454662,1
1,1,0.6661627445100312,1
1,1,0.6426894336643122,1
0,1,0.6662228366867121,1
0,0,0.611135111379596,0
0,1,0.6847633407284639,1
1,1,0.6661035276008488,1
0,1,0.692788107914537,1
1,1,0.6417773304097234,1
1,1,0.6758080729137453,1
0,1,0.6880372874851743,1
1,1,0.6650927924741903,1
0,1,0.6702590614390205,1
1,1,0.6917439251379409,1
1,1,0.6694791847615414,1
0,1,0.6747957007411514,1
1,1,0.6568607962514913,1
0,1,0.6572006517483445,1
0,0,0.5885162606892709,0
