y_true,y_pred,y_prob,sensitive_features
1,1,0.6238963492850667,1
1,0,0.4539323037570441,1
1,1,0.8934097324468823,1
0,1,0.7966811611508477,1
1,1,0.6946587804703591,1
0,1,0.6407568371888389,1
0,1,0.6777230734902466,1
0,1,0.508749596667179,0
0,1,0.5675352677527816,1
0,0,0.4231685927390368,0
1,0,0.46161762378837734,1
0,0,0.47044535911040225,1
1,1,0.9465265662665301,1
1,0,0.4197073114168283,0
0,0,0.37491057073009826,1
1,1,0.8213675489377567,1
0,1,0.6151706435392397,1
1,0,0.44247447774074317,1
1,1,0.8314161515001088,1
1,1,0.9229198262100831,0
0,1,0.8239979945882427,1
0,0,0.26261454625752,1
1,1,0.7058602284507697,1
1,1,0.761087046436413,1
1,1,0.855181740558691,1
1,1,0.8463454121723432,1
1,1,0.5195364061763084,0
1,1,0.9170135701466244,0
1,0,0.4695569213736053,1
1,0,0.48053695486248116,1
0,1,0.5925057189668306,1
1,1,0.7814872807233065,1
1,0,0.4878559558227158,1
0,0,0.21178776314810016,1
1,1,0.521845692816314,1
1,1,0.8891637044538162,1
1,1,0.5456104444633418,1
0,1,0.730650753432399,0
1,1,0.9589984523218886,0
0,0,0.19055723164351582,0
0,0,0.4972466090611746,1
0,1,0.828053944823487,0
0,1,0.7312009007238386,0
1,0,0.36674529826224905,1
1,1,0.7321616668046182,1
0,0,0.16261396273761533,1
1,1,0.6450703422414952,1
