y_true,y_pred,y_prob,sensitive_features
1,1,0.8998034099406848,1
1,1,0.674090190428578,1
0,0,0.2653430384623008,0
0,1,0.9636652950193628,1
1,1,0.8168555552591842,0
0,0,0.06995981247422117,0
1,1,0.8946846181086588,1
1,0,0.30404807750893886,0
0,0,0.4607205994345311,0
1,1,0.9568779505655868,1
1,1,0.5024765324060044,1
0,0,0.42597088333342975,1
1,1,0.9762044646498139,1
1,1,0.7366311469506721,1
1,1,0.9403427225392792,1
0,0,0.44107913562750933,1
1,1,0.6747396166339565,0
0,1,0.8351059017388122,1
0,0,0.164315622460352,0
1,1,0.763203715359726,1
0,1,0.5361669227849762,0
1,1,0.9241502720614106,1
1,1,0.5528759486744202,1
0,1,0.9651566467343364,1
1,0,0.4323744030249598,1
1,1,0.993199633115939,1
0,0,0.3058486340608127,1
1,1,0.8288077149724264,1
1,1,0.9677567194025003,1
1,1,0.6129082558731165,1
0,1,0.599957569266956,1
1,1,0.5351419412285927,1
0,1,0.6833817851260154,1
1,1,0.964145890170158,0
0,1,0.5157056066951083,1
1,0,0.08819995148361381,1
0,1,0.7457546472818014,1
1,1,0.9958610608739006,1
1,0,0.3721987160250354,1
1,1,0.514307032604107,1
1,0,0.024432291299255973,1
0,1,0.7937507907604322,1
0,1,0.950478227440933,1
0,1,0.9093276275479777,0
1,1,0.8839129650321448,0
0,1,0.9915744403771639,1
1,1,0.9198436467585919,1
