y_true,y_pred,y_prob,sensitive_features
1,1,0.7279632298312101,1
1,0,0.44973418424626876,1
1,1,0.8906592122615586,1
0,1,0.8018943421106881,1
1,1,0.7988370003742061,1
0,1,0.8708861080453015,1
0,1,0.7786377519518368,1
0,1,0.773537166924833,0
0,1,0.5228490295442056,1
0,1,0.6058167788545914,0
1,0,0.42459595149699,1
0,0,0.4519843889139396,1
1,1,0.8753485521918891,1
1,0,0.1879056896613657,0
0,1,0.8232901605649389,1
1,1,0.8566742952491755,1
0,1,0.6138643358540382,1
1,1,0.8824909683704193,1
1,1,0.8723237112289303,1
1,1,0.7670831596783664,0
0,1,0.9494203864073129,1
0,1,0.6209069935019974,1
1,1,0.7949347049635526,1
1,1,0.821089291331815,1
1,1,0.8746563202576655,1
1,1,0.799716431178869,1
1,0,0.05093570783437204,0
1,1,0.8718760201654545,0
1,0,0.2208043366328468,1
1,1,0.5216115742666908,1
0,1,0.6471696288334972,1
1,0,0.34128384029737735,1
1,0,0.19200558021318173,1
0,0,0.2081392563602747,1
1,0,0.4585531631749559,1
1,0,0.23092380321333017,1
1,1,0.5532522796077364,1
0,0,0.26400306544499075,0
1,1,0.9990417440679924,0
0,0,0.02040283392565192,0
0,0,0.32580758763217726,1
0,1,0.8085330192778812,0
0,1,0.934622809186043,0
1,0,0.29768542835712175,1
1,1,0.993693078284218,1
0,0,0.1727701366996294,1
1,1,0.8475961433576578,1
