y_true,y_pred,y_prob,sensitive_features
0,1,0.7852344745381784,0
1,1,0.8471046510382026,1
0,0,0.20551764687753385,0
1,1,0.920492064493372,1
1,1,0.8007150996724384,1
1,0,0.31329782902301084,1
1,1,0.8974972247345621,1
1,1,0.9453499296488174,1
1,1,0.9148946625500821,1
0,0,0.3999618819618881,1
0,1,0.7147714890656718,1
0,0,0.47963564965884814,1
0,1,0.7819459455553455,0
1,0,0.49288163293731624,1
0,1,0.9630936493530518,1
1,1,0.8391515821297597,0
0,0,0.37641411620420484,1
1,1,0.9757915262951602,1
1,1,0.6835605296705112,0
1,1,0.9625745028446988,1
0,1,0.5101293356374748,0
0,1,0.5523539753389002,0
0,1,0.8950751086871193,1
1,1,0.8171248735264638,1
1,1,0.9365712248084969,1
1,0,0.11065236990497714,0
0,0,0.1891574194355965,1
0,1,0.6570061560153895,1
1,1,0.8730414615297785,1
0,1,0.6679378341137733,1
1,1,0.9998075117784095,0
1,1,0.9488086625533773,1
1,1,0.9069115053545673,1
1,1,0.9898540541486752,1
0,1,0.5313635286295401,0
0,1,0.6079002896634881,1
0,1,0.6906212738230327,1
1,1,0.926456509966277,0
1,1,0.686449087300804,1
1,1,0.7471540252422754,1
1,1,0.5445259823920467,1
1,1,0.5608054572410598,1
1,0,0.21303132219158577,1
0,0,0.48409571753170144,1
0,1,0.8453678983484614,1
1,1,0.7313000418549465,1
1,1,0.9925146239666695,1
