y_true,y_pred,y_prob,sensitive_features
0,1,0.6587496423386845,1
0,0,0.20558760015565003,0
1,0,0.3926935671107818,1
0,1,0.8683160068097875,1
1,1,0.5332805035945712,0
0,0,0.3364628368836057,0
0,1,0.6288152737311495,1
0,0,0.40932163990153814,1
1,1,0.7159511570957579,1
0,1,0.9121303117251995,1
0,0,0.254141372952924,0
1,0,0.30076335907263296,1
1,1,0.6894540605957764,1
0,0,0.4012019777071614,1
1,1,0.6107850876077369,1
0,1,0.6977586870732139,1
0,1,0.6924195676799424,1
0,1,0.5834900715001704,1
1,1,0.638995961473951,1
1,1,0.6777255321814809,1
0,0,0.2560620979662902,1
1,1,0.9055129525252706,1
1,0,0.19595185560200734,1
1,1,0.5462525468946983,1
1,1,0.6704728775734073,1
0,1,0.8772557429762627,1
1,1,0.7521971018862653,1
1,1,0.8454621612587325,1
0,1,0.5033294619041275,1
1,1,0.5014256753488042,0
1,0,0.3597253234550794,0
1,1,0.7687465810045434,1
0,0,0.2574856230272905,0
1,1,0.6145228764170134,0
1,1,0.603645062210419,1
1,1,0.9964888822124398,0
1,1,0.582011972678642,1
1,0,0.4614152811867125,1
1,1,0.6687558653176409,1
0,0,0.4533735578824933,0
1,1,0.9235189108277829,1
1,0,0.4867605226025655,1
1,0,0.3171999424164883,1
1,1,0.5331343319632736,1
0,0,0.48537325141639776,1
0,1,0.6314415030304793,0
1,1,0.6332842036115179,1
