y_true,y_pred,y_prob,sensitive_features
1,1,0.7330941666467642,1
0,0,0.4082082721883007,1
1,0,0.3273410760155078,1
0,0,0.05342642426217509,0
1,1,0.8090625437201503,0
0,0,0.28354239467842063,0
1,0,0.46385203656800394,1
0,0,0.1707210848884813,1
0,0,0.2826832675515218,1
1,1,0.9172068212421768,1
1,1,0.9119800276890101,1
1,0,0.47660261347476923,1
1,0,0.19948588710439197,1
1,1,0.8910655428511652,1
1,1,0.5952007734077557,1
1,0,0.31467608781818107,1
1,1,0.9011777458893158,1
0,1,0.9917707912363861,1
1,1,0.9371538030900454,1
1,0,0.18326560124530064,1
1,1,0.8684875228047789,1
1,1,0.9839602546469275,1
0,0,0.31157200571292576,1
0,0,0.42453916745136444,1
0,1,0.7372506300297023,0
0,1,0.9094077222797924,1
1,0,0.1114765183234918,0
1,1,0.917719038179161,1
0,1,0.9476803913755817,1
1,0,0.3505283420168101,0
1,1,0.9180169064345766,1
0,1,0.5922722573769046,0
0,1,0.7327169994960293,1
1,1,0.7086366676388706,1
0,0,0.2240318303409012,0
0,1,0.9583983459242685,1
1,1,0.8213218243174725,1
1,1,0.7880677527593174,1
0,1,0.6675072182979042,1
1,0,0.07650769680044513,0
1,1,0.9810763074638025,1
1,0,0.3728354782702493,0
1,0,0.305923563616006,1
0,1,0.9632136178608026,1
1,1,0.5731657367712059,1
0,1,0.6627572188473323,1
0,0,0.14392514074668405,0
