y_true,y_pred,y_prob,sensitive_features
0,1,0.5842566886609553,1
1,1,0.8528801051706876,1
0,0,0.355505811791495,0
0,1,0.5507721275687352,1
1,1,0.7317574043667316,0
1,1,0.6284325950595987,1
1,1,0.7863486245261404,1
0,1,0.8073202492414948,1
1,1,0.8938862518571596,1
1,1,0.7305033584451934,1
1,1,0.9121986216900234,1
1,1,0.6508724267694137,1
1,1,0.7888453785923928,1
1,1,0.8063611923296273,1
1,0,0.4437246527000793,0
0,0,0.3527733534074286,1
0,0,0.4570771652740966,0
0,1,0.6955275811996455,1
1,1,0.8679817039806357,0
1,0,0.3800577999278188,0
1,1,0.5961753465877573,0
0,0,0.31929263193711604,0
1,1,0.7047494507980232,1
1,0,0.4130632084704897,1
1,1,0.961666032510186,1
0,0,0.3650068616338527,1
0,0,0.45754322561122085,0
1,0,0.4150717770113544,1
1,1,0.7348561166057497,1
1,0,0.4896359036237105,1
1,1,0.5764355086866625,1
0,1,0.749145743106136,1
0,0,0.4627492493616511,0
0,1,0.7212714285192707,1
1,1,0.64925289171105,1
0,1,0.9731943893052678,1
1,0,0.32873750104043137,1
1,1,0.5060848310338987,1
0,1,0.7863861794652346,1
1,0,0.4635567507242602,1
0,1,0.8041559647822062,1
1,1,0.8758336667940151,1
1,0,0.4624104788043339,1
0,1,0.5111998225246249,1
1,0,0.4675461346573492,1
0,1,0.6366562923488533,1
0,0,0.2564473867064612,0
