y_true,y_pred,y_prob,sensitive_features
0,1,0.7444970566704125,1
0,1,0.5604121658955743,0
1,1,0.7233821603588176,1
0,1,0.900540018091541,1
1,1,0.6659169451898833,0
0,1,0.6396916343599643,0
0,1,0.760070422936381,1
0,0,0.3922216517252147,1
1,1,0.8338225979630802,1
0,1,0.8821242401534766,1
0,1,0.6578239508984814,0
1,0,0.3333924272592315,1
1,1,0.8183297913074109,1
0,0,0.4232079366445878,1
1,1,0.8466870162495823,1
0,1,0.7755028171724082,1
0,1,0.548150630848456,1
0,1,0.8129494031713187,1
1,0,0.4913776760236658,1
1,1,0.7481311877008705,1
0,0,0.30540920200813426,1
1,1,0.7443244860599919,1
1,1,0.5833437240398889,1
1,1,0.7127048014080815,1
1,1,0.8285277831264266,1
0,1,0.844607289802269,1
1,1,0.7491464380849155,1
1,1,0.8032298343095591,1
0,1,0.7521695779046108,1
1,1,0.678090511136386,0
1,0,0.513005976859094,0
1,1,0.7635112733578343,1
0,1,0.6239088903585596,0
1,1,0.8505586155560251,0
1,0,0.4008372326796349,1
1,1,0.7759487884773899,0
1,1,0.7009412445994129,1
1,0,0.5287008213617416,1
1,1,0.814516120748902,1
0,1,0.649050648016871,0
1,1,0.7492706544303797,1
1,1,0.5383643014441073,1
1,0,0.4377476796077666,1
1,1,0.7949812272489862,1
0,0,0.3492700435152744,1
0,1,0.6605468533222846,0
1,1,0.6663522939712264,1
