y_true,y_pred,y_prob,sensitive_features
1,1,0.6388846619945904,1
0,1,0.5975962962962895,1
1,1,0.6008379143805861,1
0,0,0.5164685560964695,0
1,1,0.5848809856553411,0
0,1,0.5704531713126852,0
1,0,0.5242164433882633,1
0,0,0.4885836060125845,1
0,1,0.6300479333782057,1
1,1,0.594037355323709,1
1,1,0.6882296714534107,1
1,1,0.5896384628102997,1
1,0,0.5557509607017883,1
1,1,0.6497810605553028,1
1,1,0.6001544474764993,1
1,0,0.5293643709973944,1
1,1,0.6342931483835328,1
0,1,0.6208401554815534,1
1,1,0.6144599082296116,1
1,0,0.5465923030137504,1
1,1,0.6528457782995967,1
1,1,0.6501103622698609,1
0,1,0.5730244326177355,1
0,1,0.6302752664182273,1
0,1,0.5929112029262965,0
0,1,0.6301465379846215,1
1,0,0.5646454902138779,0
1,1,0.6221155835969722,1
0,1,0.6496285925120686,1
1,1,0.6043904781812551,0
1,1,0.6492066941186001,1
0,1,0.5816129789037328,0
0,1,0.6186894601717559,1
1,1,0.6007313964840485,1
0,0,0.5132558317853713,0
0,0,0.5307010588750026,1
1,1,0.6149421231239164,1
1,1,0.6458310295700098,1
0,1,0.6336106284277071,1
1,0,0.5422548234922515,0
1,1,0.6300979531450457,1
1,1,0.6636429599115848,0
1,0,0.48523262285501445,1
0,1,0.6544554408324044,1
1,0,0.5669906914276303,1
0,1,0.5802713921676185,1
0,0,0.5197193301147018,0
