y_true,y_pred,y_prob,sensitive_features
1,0,0.08147892542145858,1
1,1,0.9439274759227292,0
1,1,0.9340421706271173,1
1,1,0.6624827192638845,1
1,1,0.8330008546756347,1
1,0,0.035004274725948435,1
1,1,0.8327665535777476,1
1,0,0.3914273463504845,1
1,1,0.8977949530818097,1
0,0,0.4208557777530942,0
0,0,0.34201237964390047,0
0,0,0.3169425400523628,1
1,0,0.4480855327953151,1
1,1,0.9364056751243922,1
0,1,0.7805112878765997,1
0,1,0.7316451343640183,1
1,1,0.6955892655817166,1
1,1,0.9464220799392664,1
0,0,0.07953947251552744,0
0,0,0.3704374002095321,1
1,0,0.41420241613038644,1
0,1,0.7847378998186475,1
1,1,0.8138340865750788,0
0,1,0.636024641319443,1
1,1,0.9035914473713261,0
0,0,0.4329882559806458,1
0,1,0.6667320933387431,1
0,1,0.6075756821998015,1
0,0,0.061164721187934645,1
0,1,0.6366136862080957,0
0,0,0.43047844767026744,1
1,0,0.40679013521927626,1
0,1,0.5555111089340581,0
1,0,0.47529950922970793,1
1,1,0.8093466479577641,1
1,0,0.17682994586131684,0
1,1,0.8567191650321235,1
0,1,0.5312437731690248,1
0,1,0.9330396867235787,1
1,1,0.6947828012265765,0
0,0,0.3533418593854274,0
1,1,0.5422340834891043,1
1,0,0.31908777894458124,1
1,0,0.1262684630736397,1
1,1,0.7225713730373591,1
1,0,0.26344611523588446,1
1,1,0.999176216727842,1
