y_true,y_pred,y_prob,sensitive_features
1,0,0.342222005090153,1
1,0,0.3442770129175813,1
1,1,0.9374070336976106,1
0,1,0.678439474427836,1
1,1,0.8218255688511786,1
0,1,0.7909808867829242,1
0,1,0.8541101904800504,1
0,0,0.24054927693967948,0
0,1,0.6307656546633381,1
0,1,0.6273463612273945,0
1,1,0.527750643929436,1
0,1,0.9165003177469659,1
1,1,0.9084807315313271,1
1,0,0.320664408222888,0
0,1,0.573019805613711,1
1,1,0.7136393728777423,1
0,0,0.24046086135803227,1
1,1,0.9029217297860648,1
1,1,0.5117015702102298,1
1,1,0.9202881243275897,0
0,1,0.9617145212432928,1
0,1,0.540782098296148,1
1,1,0.8793446592403611,1
1,1,0.9240106033128356,1
1,1,0.7259851268513571,1
1,1,0.954637699477353,1
1,0,0.012818852772778219,0
1,1,0.8715626972261344,0
1,0,0.13606991937663432,1
1,1,0.7851155750916701,1
0,0,0.4771446096472468,1
1,0,0.1641356693026197,1
1,0,0.13044083810509285,1
0,0,0.15514865669457764,1
1,0,0.47816422945046966,1
1,0,0.19556828114338928,1
1,0,0.2602747833574045,1
0,0,0.020263025555965045,0
1,1,0.9894226971551471,0
0,0,0.1744572301443316,0
0,1,0.6465843973063725,1
0,1,0.8334994214549385,0
0,1,0.72649471209618,0
1,0,0.38853508289508576,1
1,1,0.6561945274542894,1
0,0,0.14637214824663264,1
1,1,0.7718199150652821,1
