y_true,y_pred,y_prob,sensitive_features
0,0,0.31005606209779035,0
1,0,0.23687124331337067,1
1,1,0.8602056022118987,1
1,1,0.5487922623692267,1
0,1,0.6665011040158673,1
1,1,0.9035833084816955,1
0,1,0.6590780596046664,1
0,0,0.4684789900772359,1
1,0,0.40714247236871054,1
0,0,0.3287010584799956,0
0,1,0.5284227294227218,1
0,1,0.7228502637034226,1
1,1,0.652404272335651,1
1,0,0.40111304045819934,1
1,0,0.4387667278299492,1
1,1,0.7228913082068193,1
0,1,0.5791758830767625,1
1,1,0.5098584688344744,1
0,0,0.3296349970609464,0
1,1,0.8067117361516436,1
0,0,0.46801709039523104,1
1,1,0.722097937423368,0
0,1,0.5822842142530672,1
0,1,0.6211836691292406,1
1,1,0.6212069391137574,0
1,1,0.6292161098557746,1
0,1,0.8818830729811621,1
1,1,0.6238739026705891,1
1,1,0.5923949931283038,1
0,0,0.2498533539356524,0
0,0,0.46979550827563643,0
1,1,0.8549500696683626,1
1,1,0.7536989172982528,1
0,1,0.5669114963961496,1
0,1,0.6596712785572657,1
1,0,0.37341900599242084,1
0,1,0.5277053658455956,1
1,1,0.5643131601945259,1
1,0,0.3334376939742561,1
0,0,0.473180353528227,0
1,1,0.5697320735891547,1
1,1,0.635399246042391,0
1,0,0.3255597333798777,1
1,1,0.5548132995219816,1
1,1,0.9022142130071145,1
1,1,0.9485730258924738,0
1,1,0.6979759294099324,0
