y_true,y_pred,y_prob,sensitive_features
0,1,0.987772234624893,1
1,1,0.9963565960872905,1
1,1,0.657233994205993,1
1,1,0.7745392568829599,1
1,1,0.978697650212925,1
0,0,0.29515522120269466,1
1,1,0.9736050325442681,0
1,1,0.9066132418438226,0
0,1,0.9677265726735556,1
0,0,0.33115255862660886,0
0,0,0.2824017434284461,0
1,1,0.979327860851882,1
0,1,0.9294357515750733,1
0,1,0.8930238435330783,1
0,1,0.9572290638251438,1
1,1,0.9476286886485027,1
1,1,0.9443036854446678,1
0,0,0.46999099769915764,1
1,0,0.04209537497484245,1
1,1,0.8043470854316401,1
0,1,0.9927560693576573,1
0,1,0.7255456234307653,0
1,1,0.5653882639381399,1
1,1,0.9234443031218835,1
1,0,0.2405791250020232,1
0,1,0.9832336073633267,1
0,1,0.5161484009679013,1
1,0,0.2857860207050524,1
1,1,0.9598870942433964,1
1,0,0.3630125556450971,1
1,1,0.8440756402518866,1
1,1,0.9421329636614498,1
0,1,0.8455027961099686,0
1,1,0.7270425705561233,1
1,1,0.6148130569993637,1
0,0,0.37100213844139346,0
1,1,0.8547754331998983,1
1,0,0.432664530287845,0
0,1,0.9151018424803796,1
0,0,0.2396656162004771,0
0,1,0.9648079043843962,1
1,1,0.9610245139559611,1
0,1,0.8249533437165141,1
1,1,0.8799264126130292,0
1,1,0.7939926289088671,1
1,1,0.7723767818775131,1
1,1,0.956583694204022,0
