y_true,y_pred,y_prob,sensitive_features
0,1,0.6943041752433416,1
0,1,0.6330250265991454,0
1,1,0.5880256488965692,1
0,1,0.7979124993273086,1
1,1,0.6924128569730551,0
0,1,0.5395957672224777,0
0,1,0.5934837084552667,1
0,0,0.45645446832062564,1
1,1,0.7437857263836085,1
0,1,0.7764377760593715,1
0,1,0.5489958529562086,0
1,0,0.3316113144283935,1
1,1,0.803680373556834,1
0,0,0.4322959057226382,1
1,1,0.6845436436269859,1
0,1,0.567419880566943,1
0,1,0.5637071973254293,1
0,1,0.6499145891481978,1
1,1,0.5436808251134019,1
1,1,0.7074832125402384,1
0,0,0.35043209354274263,1
1,1,0.8086545536558999,1
1,1,0.5088049748328074,1
1,1,0.6658701736557101,1
1,1,0.6316806848453048,1
0,1,0.7302652410595006,1
1,1,0.7737028606769464,1
1,1,0.8216923969459897,1
0,1,0.6345951125774306,1
1,1,0.5290243632975995,0
1,1,0.5846309557220271,0
1,1,0.893904732003489,1
0,0,0.44135126053238416,0
1,1,0.5967054073893818,0
1,1,0.5234669034199677,1
1,1,0.9277701113459015,0
1,1,0.6130823322571348,1
1,0,0.4624848984598647,1
1,1,0.6411706036045383,1
0,1,0.6914189114506197,0
1,1,0.8113875497112744,1
1,1,0.6367426494009489,1
1,0,0.4520294207173649,1
1,1,0.5933474179106603,1
0,0,0.4875912419899198,1
0,1,0.6454810315707337,0
1,1,0.5135560138381613,1
