y_true,y_pred,y_prob,sensitive_features
0,1,0.5951229111604505,0
1,1,0.9214119759420776,1
0,0,0.28435611775899994,0
1,1,0.6322801017522122,1
1,1,0.5258283513312982,1
1,1,0.6095291038139055,1
1,1,0.6753204341456045,1
1,1,0.913152110995535,1
1,1,0.9082219074882422,1
0,1,0.5641659179234776,1
0,1,0.8544610283484632,1
0,1,0.573869596910053,1
0,1,0.5518993282391926,0
1,1,0.5214786841157474,1
0,1,0.8495259823182495,1
1,1,0.7339846146173811,0
0,1,0.5968249624991452,1
1,1,0.9866742116299748,1
1,1,0.509755938813848,0
1,1,0.7613385622860621,1
0,0,0.4010840040142869,0
0,0,0.4654494226600869,0
0,1,0.9485852330076283,1
1,1,0.912994991977247,1
1,1,0.8338092975962592,1
1,0,0.38631020823735474,0
0,0,0.3338279572297365,1
0,1,0.6316355470260996,1
1,1,0.8869553051431028,1
0,1,0.6161608507194718,1
1,1,0.9999848866193242,0
1,1,0.8775672316019527,1
1,1,0.8440127266871281,1
1,1,0.9870820185246408,1
0,1,0.8215788843722258,0
0,1,0.5042211269223613,1
0,1,0.700859866971284,1
1,1,0.7940604810518688,0
1,1,0.5259913474629728,1
1,0,0.463398038213929,1
1,0,0.36926601857112673,1
1,1,0.8442445814383939,1
1,0,0.3214591339853456,1
0,0,0.4097213369700134,1
0,1,0.8310579982354177,1
1,1,0.9330710832542448,1
1,1,0.9779568875046631,1
