y_true,y_pred,y_prob,sensitive_features
1,1,0.9325672814006994,1
1,1,0.6618894161835766,1
0,0,0.4514151477420372,0
0,1,0.8624990793826028,1
1,1,0.8820137097824806,0
0,0,0.0897335199660084,0
1,1,0.9543363621315013,1
1,0,0.4883723131872937,0
0,0,0.4925920814918942,0
1,1,0.8685521211853233,1
1,1,0.8672584838673827,1
0,0,0.27399823785637195,1
1,1,0.9337551077492028,1
1,1,0.9192810304774455,1
1,1,0.8039235455366674,1
0,0,0.40331374348129106,1
1,1,0.7995023593317273,0
0,1,0.8252894209952875,1
0,0,0.2636879008314507,0
1,1,0.8036641495860045,1
0,0,0.4195110137239794,0
1,1,0.8425362873427542,1
1,1,0.8118207875619585,1
0,1,0.9845130191919294,1
1,0,0.49990897174766885,1
1,1,0.9819763574765711,1
0,0,0.3685737344647879,1
1,1,0.7550217584022788,1
1,1,0.9820564453989872,1
1,0,0.49252330924099236,1
0,1,0.8012175850941488,1
1,0,0.2541685031950454,1
0,1,0.7264876804326118,1
1,1,0.931388071634318,0
0,0,0.29193320936654465,1
1,0,0.11572827891659608,1
0,1,0.6586127157494319,1
1,1,0.9833802094867197,1
1,1,0.6716890800104629,1
1,1,0.5676152303390947,1
1,0,0.1037051488658007,1
0,1,0.6481898397074822,1
0,1,0.9154901936774295,1
0,1,0.8357781508951962,0
1,1,0.8137235744691078,0
0,1,0.9858022698976614,1
1,1,0.9440249635267043,1
