y_true,y_pred,y_prob,sensitive_features
0,1,0.5828004414373645,1
1,1,0.599745090417428,1
0,0,0.575798201015868,0
0,1,0.5816792273496184,1
1,1,0.5889989625841557,0
1,0,0.5800424540906257,1
1,1,0.5880145675168535,1
0,1,0.5869683631602738,1
1,1,0.5893944954015896,1
1,1,0.5873197105736636,1
1,1,0.5911267931015064,1
1,1,0.5926551914786276,1
1,1,0.5961221764054151,1
1,1,0.5896397204617013,1
1,1,0.5844691431004253,0
0,1,0.5836950716885505,1
0,0,0.5795506777167878,0
0,1,0.5881721034388175,1
1,1,0.5939270090858401,0
1,1,0.582520005261222,0
1,1,0.5878757448056344,0
0,0,0.5708796940843128,0
1,1,0.5823466015236614,1
1,1,0.5830544565812097,1
1,1,0.5918209434923998,1
0,0,0.5775035960178967,1
0,1,0.5896405933655038,0
1,1,0.5836499253247487,1
1,1,0.5881817804500146,1
1,1,0.5870660112791974,1
1,1,0.5823639086825773,1
0,1,0.5819265249810628,1
0,0,0.5760156888773221,0
0,1,0.59128111739795,1
1,1,0.5835037197035371,1
0,1,0.5894823537608169,1
1,1,0.5843741099220399,1
1,1,0.5841623340590226,1
0,1,0.595715066891198,1
1,1,0.5856542483846714,1
0,1,0.5811511641857139,1
1,1,0.5949646476731585,1
1,1,0.5866235280461686,1
0,1,0.5866361474012686,1
1,1,0.5859204387718402,1
0,0,0.5806095897248409,1
0,0,0.5749742990823535,0
