y_true,y_pred,y_prob,sensitive_features
0.0,1.0,0.5728772525274392,0
1.0,1.0,0.5884744471546899,1
1.0,1.0,0.6015998370878969,1
1.0,1.0,0.6139630247480516,1
0.0,1.0,0.5881549069654225,1
1.0,1.0,0.5849669527646819,1
0.0,1.0,0.5993775360831569,1
0.0,0.0,0.5681984220468809,1
1.0,1.0,0.5772279648292031,1
0.0,1.0,0.5840894692034384,0
0.0,1.0,0.584131075000382,1
0.0,1.0,0.5993694905820046,1
1.0,1.0,0.5975806397359701,1
1.0,1.0,0.5979887474203526,1
1.0,1.0,0.5948263157522671,1
1.0,1.0,0.5933020288513435,1
0.0,1.0,0.5948755722209302,1
1.0,1.0,0.5897055552507489,1
0.0,0.0,0.5656559809757518,0
1.0,1.0,0.5941731007837241,1
0.0,1.0,0.5807237690589154,1
1.0,1.0,0.6003636417537314,0
0.0,1.0,0.5791231337366373,1
0.0,1.0,0.5768127389119242,1
1.0,1.0,0.5811080934073336,0
1.0,1.0,0.5753196756529222,1
0.0,1.0,0.6404878662215477,1
1.0,1.0,0.5854304679183092,1
1.0,1.0,0.5771437818380009,1
0.0,0.0,0.5437835688553755,0
0.0,1.0,0.5795448942236131,0
1.0,1.0,0.6024553024895525,1
1.0,1.0,0.6079284264170177,1
0.0,1.0,0.5956587327209427,1
0.0,1.0,0.6222675862739764,1
1.0,1.0,0.5832843920306889,1
0.0,1.0,0.5790980789865388,1
1.0,1.0,0.6012351532293739,1
1.0,1.0,0.576097643229076,1
0.0,0.0,0.5629725060006119,0
1.0,1.0,0.5795149769260984,1
1.0,1.0,0.594269684720392,0
1.0,1.0,0.5873467254051637,1
1.0,0.0,0.569742066346959,1
1.0,1.0,0.6117273179510478,1
1.0,1.0,0.5937570737114827,0
1.0,1.0,0.5982826085285685,0
