y_true,y_pred,y_prob,sensitive_features
1,1,0.9912276752749828,1
1,1,0.9754236240131822,0
1,1,0.9432082498863998,1
1,1,0.9488982554471685,1
1,1,0.975666100403338,1
1,0,0.27369893437422976,1
1,1,0.9778460631132861,1
1,0,0.30185317725746713,1
1,1,0.9879585044665087,1
0,0,0.43192791053879903,0
0,0,0.0824692853539584,0
0,1,0.877396613656397,1
1,0,0.4681849008948071,1
1,1,0.9113547133422749,1
0,1,0.6723152774449885,1
0,1,0.934917453443559,1
1,1,0.879213242804204,1
1,1,0.960061241408731,1
0,1,0.5047791133809203,0
0,0,0.24245043394413188,1
1,1,0.8566399508267434,1
0,1,0.8770507825663476,1
1,1,0.8771445994882133,0
0,1,0.9008379475622595,1
1,1,0.9051616637193707,0
0,0,0.45185448330993755,1
0,1,0.8664883499292341,1
0,0,0.3677440325705073,1
0,1,0.7546986076316566,1
0,1,0.8819325725998403,0
0,1,0.9694555177283118,1
1,0,0.284210740627845,1
0,0,0.0680052020377542,0
1,1,0.8407194954089626,1
1,1,0.7099743173023202,1
1,0,0.12529229227528993,0
1,1,0.6657090535881315,1
0,1,0.9114122709654813,1
0,1,0.9724253903635924,1
1,1,0.6391367745888418,0
0,0,0.07169807437723252,0
1,0,0.16540743429452417,1
1,1,0.5900381064080855,1
1,1,0.6366259517463962,1
1,1,0.9859850825763794,1
1,1,0.95969889936345,1
1,1,0.9889658809126656,1
