y_true,y_pred,y_prob,sensitive_features
1,0,0.3482702354015308,1
1,0,0.37160854662780984,1
1,1,0.9010515947505432,1
0,1,0.7462331208804382,1
1,1,0.852222547442265,1
0,1,0.68158469308529,1
0,1,0.8152427848425514,1
0,0,0.4687054996023692,0
0,1,0.67212214686333,1
0,0,0.3382644934337674,0
1,0,0.22906923091561648,1
0,1,0.7908466592465854,1
1,1,0.944694633436955,1
1,0,0.2630700639302858,0
0,1,0.5998634431912739,1
1,1,0.9669292358895591,1
0,1,0.5101229932644118,1
1,1,0.8371092901681092,1
1,1,0.9092286151133752,1
1,1,0.8256946611589747,0
0,1,0.9353050135175699,1
0,0,0.4806755099894075,1
1,1,0.8066208424314895,1
1,1,0.9034553081127625,1
1,0,0.33972867116580163,1
1,1,0.7651400511445491,1
1,0,0.024122762741603056,0
1,1,0.8515525305678909,0
1,1,0.6435433943545751,1
1,1,0.7639243638343931,1
0,1,0.7971137163227612,1
1,0,0.2616120883294825,1
1,0,0.23419483647501427,1
0,0,0.24750389750623716,1
1,1,0.5684479152462116,1
1,0,0.3661558058704021,1
1,0,0.462448646363332,1
0,0,0.16381445265629765,0
1,1,0.9532521541831717,0
0,0,0.1549542639874541,0
0,0,0.34513587526361644,1
0,1,0.8933292222537754,0
0,1,0.8816254038876637,0
1,0,0.43193252428391893,1
1,1,0.9285899450488361,1
0,1,0.5139811631885275,1
1,1,0.8637713048248913,1
