y_true,y_pred,y_prob,sensitive_features
0,1,0.9807083003936474,1
0,0,0.33637019199842794,0
1,1,0.5274197425742088,1
0,1,0.9417009187705611,1
1,1,0.7726501819184362,0
0,0,0.2203473260021007,0
0,0,0.2015146710669184,1
0,0,0.49022415399512875,1
1,1,0.8022394047623184,1
0,1,0.9615798242952835,1
0,1,0.6909006304141712,0
1,0,0.09799726695271076,1
1,1,0.6997542685769024,1
0,1,0.8733682846558365,1
1,1,0.5776955058764699,1
0,0,0.32716878990530723,1
0,0,0.3551015546502476,1
0,0,0.39739792251187817,1
1,0,0.13999469961770258,1
1,0,0.40407366659745436,1
0,1,0.8891295768963489,1
1,1,0.8832126518964446,1
1,1,0.50217567495705,1
1,0,0.12358926491256568,1
1,1,0.9050605528499742,1
0,1,0.9944033660442081,1
1,1,0.9627149749236813,1
1,1,0.881977444930478,1
0,0,0.10412943588502933,1
1,0,0.23181699130783276,0
1,0,0.09361785040040442,0
1,1,0.6199683991886692,1
0,1,0.9467229775732072,0
1,1,0.9891501205327851,0
1,0,0.31859972066663983,1
1,1,0.9959142698789577,0
1,1,0.7798162258261587,1
1,0,0.2935600645249458,1
1,0,0.39916623510414295,1
0,1,0.5692600493647744,0
1,1,0.9913845686884474,1
1,1,0.8905254574005802,1
1,1,0.6686228369355021,1
1,0,0.05792092359349902,1
0,1,0.6970851788284343,1
0,1,0.7687932502394246,0
1,1,0.9049483513480168,1
