y_true,y_pred,y_prob,sensitive_features
1,1,0.6381546369582061,1
1,0,0.4530545608261822,1
1,1,0.8696182841760162,1
0,1,0.7180495830504997,1
1,1,0.5810917219449446,1
0,1,0.6165225427327762,1
0,1,0.684856280486523,1
0,0,0.4946840792711393,0
0,1,0.6063745590185449,1
0,0,0.43749241710934456,0
1,1,0.5186264881627886,1
0,0,0.4620266266085023,1
1,1,0.9049725497627116,1
1,1,0.5350962018487413,0
0,1,0.6555600823659395,1
1,0,0.276051647042686,1
0,0,0.49453168685055754,1
1,1,0.7026823205476601,1
1,0,0.4121350386109892,1
1,1,0.8538789278139475,0
0,1,0.8186671279925892,1
0,0,0.44813780067898357,1
1,1,0.7717468131554562,1
1,1,0.6713126136699585,1
1,1,0.7492770835871532,1
1,1,0.7032741145608923,1
1,1,0.5981020601038244,0
1,1,0.8965000196378045,0
1,1,0.80460314538257,1
1,1,0.5746243014839815,1
0,1,0.5241238213794344,1
1,1,0.6813616537605031,1
1,1,0.5370399820255913,1
0,0,0.42747141116532117,1
1,0,0.35670954938239985,1
1,1,0.6075261220888394,1
1,1,0.6176855286492643,1
0,0,0.2576048614441805,0
1,1,0.9534321044781484,0
0,0,0.4232251217340524,0
0,1,0.5024907107759298,1
0,1,0.7266066350590569,0
0,1,0.6816030220858442,0
1,1,0.5038767515943081,1
1,1,0.679574169600082,1
0,1,0.5886915911575267,1
1,0,0.4804842845523407,1
