y_true,y_pred,y_prob,sensitive_features
1,1,0.7366518187628445,1
1,1,0.6149230906733363,1
0,1,0.7257393521557566,0
0,1,0.5392886107220002,1
1,1,0.7194651234712491,0
0,0,0.04525140012221325,0
1,1,0.9360977649520205,1
1,1,0.5376810364182725,0
0,1,0.7305484326427164,0
1,1,0.930662948010767,1
1,0,0.45771342802079623,1
0,1,0.8312194061300344,1
1,1,0.9469122112158702,1
1,1,0.8434100949544086,1
1,1,0.7226831946762655,1
0,1,0.6592165673397372,1
1,1,0.8913017704065261,0
0,1,0.6904419008140957,1
0,0,0.29573548181255055,0
1,1,0.5944371790013143,1
0,0,0.03830617951208481,0
1,1,0.971591397250427,1
1,1,0.838778412184935,1
0,1,0.8204209963417666,1
1,1,0.5551879386127864,1
1,1,0.9763704804617725,1
0,0,0.3693503821884639,1
1,1,0.8255076490946077,1
1,1,0.8968510983210368,1
1,0,0.3697500273810574,1
0,1,0.7243953779418986,1
1,0,0.45464761371824974,1
0,1,0.8716606897793644,1
1,1,0.9179455596217052,0
0,0,0.3951810410683114,1
1,0,0.38016179995615895,1
0,1,0.5162712357426843,1
1,1,0.9918887128828419,1
1,1,0.6569033151117937,1
1,1,0.7392550356192245,1
1,0,0.05728112953284882,1
0,1,0.7580052242049712,1
0,1,0.968534698067259,1
0,1,0.8286798369042234,0
1,1,0.7859649279265698,0
0,1,0.9969442452735292,1
1,1,0.6375606207536103,1
