y_true,y_pred,y_prob,sensitive_features
0,0,0.5689369040745036,1
1,1,0.6465976288269202,1
0,0,0.5535993036510864,0
0,1,0.5776249910278131,1
1,1,0.6023952185752894,0
1,0,0.5756467593727183,1
1,1,0.6181196253008778,1
0,1,0.6096725876050542,1
1,1,0.6188592693862689,1
1,1,0.6091598313343823,1
1,1,0.6305114284526622,1
1,1,0.6372883742433364,1
1,1,0.6422984829957309,1
1,1,0.6090918832376622,1
1,1,0.5835947389685322,0
0,1,0.581295270582988,1
0,0,0.5676901800250578,0
0,1,0.610417944241859,1
1,1,0.6156191482032564,0
1,0,0.5644805660763478,0
1,1,0.5808760174504722,0
0,0,0.5193075603213393,0
1,1,0.5924292396713331,1
1,1,0.594182542638562,1
1,1,0.630339286534339,1
0,0,0.5633774914824728,1
0,1,0.5915271820849225,0
1,1,0.5953840634799096,1
1,1,0.6084982203284803,1
1,1,0.5988157068436006,1
1,0,0.558940001645029,1
0,1,0.596037905194209,1
0,0,0.5362441271166399,0
0,1,0.6229606435801077,1
1,1,0.5855074754810784,1
0,1,0.6231236609172286,1
1,0,0.5706409572959033,1
1,1,0.6002212083285707,1
0,1,0.6408681441120709,1
1,1,0.6026677833108658,1
0,1,0.5967336070216983,1
1,1,0.6418612396007097,1
1,1,0.605744809494028,1
0,1,0.606520162435059,1
1,1,0.5827542673566068,1
0,1,0.5969785209732309,1
0,0,0.5185585048994957,0
