y_true,y_pred,y_prob,sensitive_features
0,1,0.7693618676248075,1
1,1,0.9155519233850694,1
0,0,0.14957188525368845,0
0,0,0.2105742429603449,1
1,1,0.7220562400222604,0
1,1,0.6917086368569101,1
1,1,0.8851501826971516,1
0,1,0.7234578845623766,1
1,1,0.9733634258958512,1
1,0,0.4358473284789489,1
1,1,0.8752174139344409,1
1,1,0.6705208279568617,1
1,1,0.9523761768054138,1
1,1,0.8148506014825767,1
1,0,0.4223476630823375,0
0,0,0.37010361838306516,1
0,1,0.576701195528947,0
0,1,0.5027397461696694,1
1,1,0.8311888232171499,0
1,0,0.06668064915371397,0
1,0,0.4696398136029925,0
0,0,0.2828210857304573,0
1,1,0.6358159862126491,1
1,1,0.7303906180775322,1
1,1,0.9857615759441443,1
0,0,0.33004626577954493,1
0,1,0.7957417721491152,0
1,1,0.637456309957444,1
1,1,0.6467465666589812,1
1,1,0.53704909134154,1
1,1,0.6880763952967183,1
0,1,0.6747703923799282,1
0,0,0.24464452799559808,0
0,1,0.9368235571296852,1
1,1,0.7322566423427515,1
0,1,0.9408223024677791,1
1,0,0.32750973649413967,1
1,1,0.7258844867880618,1
0,1,0.88454344933125,1
1,1,0.9000480497165578,1
0,1,0.6540790022906383,1
1,1,0.8847946396000478,1
1,1,0.8728088601877498,1
0,1,0.7477805217184846,1
1,1,0.5885086566596134,1
0,1,0.708315351790785,1
0,0,0.04496288762325047,0
