y_true,y_pred,y_prob,sensitive_features
1,1,0.908166630746732,1
1,1,0.7858625024652394,0
1,1,0.8365609608497719,1
1,1,0.6794328134721078,1
1,1,0.824720320362641,1
1,1,0.4704492174827246,1
1,1,0.8548391730415151,1
1,1,0.5824781708223845,1
1,1,0.6601253023795494,1
0,1,0.5135326707462392,0
0,0,0.2683486386577773,0
0,1,0.6451091022321269,1
1,1,0.7129865686639173,1
1,1,0.7754241890379792,1
0,1,0.6806397913046118,1
0,1,0.6691175918392397,1
1,1,0.8238995093867043,1
1,1,0.8002163142338007,1
0,0,0.2013768682184608,0
0,1,0.6521375649248871,1
1,1,0.5911211109758401,1
0,1,0.79853418490843,1
1,0,0.3807855849236086,0
0,1,0.5235269468883048,1
1,1,0.46229654856489083,0
0,0,0.4092439425206631,1
0,1,0.6566953026126082,1
0,1,0.7151214843217124,1
0,1,0.5708907805514947,1
0,1,0.6512923628152246,0
0,1,0.7360774473550196,1
1,0,0.3618307580183381,1
0,0,0.2692375843902075,0
1,1,0.675397820215896,1
1,1,0.6303319066122003,1
1,0,0.22594244137084665,0
1,0,0.45530798736421835,1
0,1,0.5851701510363297,1
0,1,0.8678668878109482,1
1,0,0.424217778830127,0
0,0,0.15595219396217647,0
1,1,0.689125200395429,1
1,1,0.7091880394480575,1
1,1,0.6787711656054416,1
1,1,0.8183049363130178,1
1,1,0.7333238987324731,1
1,1,0.814550828879703,1
