y_true,y_pred,y_prob,sensitive_features
0,0,0.1700079749857375,0
1,1,0.896986363047116,1
1,1,0.6911485373990048,1
1,0,0.06135455303707075,1
0,0,0.11050590411746182,1
1,1,0.9655502732214616,1
0,1,0.6345299099887184,1
0,0,0.4681004166547964,1
1,1,0.5168751237555232,1
0,1,0.5848488361281577,0
0,1,0.7133883985986367,1
0,1,0.8783719405601846,1
1,1,0.7897329837394285,1
1,1,0.8810333922580419,1
1,0,0.4641678990630513,1
1,0,0.49091136283101333,1
0,0,0.05848746974685947,1
1,0,0.15860585663330073,1
0,0,0.053945514837882506,0
1,1,0.9107217045279097,1
0,0,0.3525051802444313,1
1,1,0.8577526864600629,0
0,0,0.4842505871639501,1
0,1,0.8516752476124081,1
1,0,0.18383818909591126,0
1,0,0.12207361742354726,1
0,1,0.8415284038573979,1
1,0,0.38357144630825785,1
1,1,0.9245140831088836,1
0,0,0.18642861021134474,0
0,1,0.543338465487147,0
1,1,0.913262881060258,1
1,1,0.729908439939619,1
0,0,0.3666853578969371,1
0,0,0.14458590979718683,1
1,1,0.8438222052691694,1
0,0,0.40026915935823487,1
1,1,0.6421861407942083,1
1,1,0.6104147680063063,1
0,0,0.21413006969108214,0
1,0,0.33732791340689283,1
1,0,0.4296611733152863,0
1,1,0.5206756590828433,1
1,0,0.43747389971297423,1
1,1,0.6289032456780341,1
1,1,0.9926011220119187,0
1,1,0.5234484721279995,0
