y_true,y_pred,y_prob,sensitive_features
1,1,0.9074203083516296,1
0,0,0.4604765154580204,1
1,1,0.5970728724650137,1
0,0,0.06863969839453202,0
1,1,0.8851341409987968,0
0,0,0.19179196711329213,0
1,0,0.12246094349770412,1
0,0,0.0830428911411787,1
0,0,0.3486846457404471,1
1,1,0.9051479671186787,1
1,1,0.8680500121838599,1
1,1,0.5421983024807054,1
1,0,0.4187837517396685,1
1,1,0.9284257103775053,1
1,1,0.6603872230648572,1
1,1,0.7191897724971335,1
1,1,0.9306160339185697,1
0,1,0.6026508004823738,1
1,1,0.9817887259798611,1
1,0,0.11683076640316187,1
1,1,0.8434385763406875,1
1,1,0.9554809389651839,1
0,1,0.855590508407586,1
0,1,0.930421358325804,1
0,1,0.8275948222875654,0
0,1,0.838500575488668,1
1,0,0.24776132170207352,0
1,0,0.3197589656889458,1
0,1,0.9760960776989144,1
1,1,0.8591265949893134,0
1,1,0.8999221807511962,1
0,0,0.3527775750002257,0
0,0,0.29086962181748943,1
1,1,0.8784238853844483,1
0,0,0.30111550290892525,0
0,1,0.9136100322350551,1
1,1,0.6239561085126827,1
1,1,0.9425307385935021,1
0,1,0.9184349600817026,1
1,0,0.09559810898559533,0
1,1,0.8830394463139504,1
1,1,0.9483721425956863,0
1,1,0.6885043732468857,1
0,1,0.9767201462464848,1
1,1,0.6925189583089533,1
0,1,0.83762187936181,1
0,0,0.2771073129746636,0
