y_true,y_pred,y_prob,sensitive_features
0,1,0.689391522407808,0
1,1,0.6334080822493459,1
0,1,0.6777684067781032,0
1,0,0.5280220206900723,1
1,0,0.33999601896940534,1
1,1,0.6269221596122098,1
1,1,0.6817383111457823,1
1,1,0.9302902211462866,1
1,1,0.7222259314309085,1
0,0,0.452379086600105,1
0,1,0.7347314003297637,1
0,0,0.4252745877207926,1
0,1,0.6905875773354762,0
1,0,0.3677658553130841,1
0,1,0.6886715348695186,1
1,1,0.7877279325788776,0
0,1,0.6608294152010197,1
1,1,0.7467232145285334,1
1,1,0.5532087146185275,0
1,1,0.5793538703113159,1
0,1,0.6448672025105934,0
0,0,0.3987239960687347,0
0,1,0.7241944801294343,1
1,1,0.6537389476417753,1
1,1,0.6214386278526459,1
1,1,0.5799909229756958,0
0,0,0.268565693398864,1
0,0,0.5166514606456885,1
1,1,0.7798855289394903,1
0,1,0.7533425373744207,1
1,1,0.7923378362697104,0
1,0,0.45815545167766064,1
1,1,0.6765865749614876,1
1,1,0.7993356424621114,1
0,1,0.7383105389887118,0
0,0,0.5300647873789446,1
0,1,0.8061554569045501,1
1,1,0.8494159468276733,0
1,0,0.340402417446303,1
1,0,0.41330224960982936,1
1,0,0.40319067794003777,1
1,1,0.7646136274853937,1
1,0,0.20532776273742684,1
0,0,0.24492588935314208,1
0,1,0.796075158961513,1
1,0,0.5147283293589626,1
1,1,0.7503881866973675,1
