y_true,y_pred,y_prob,sensitive_features
1,1,0.7305690572910766,1
1,1,0.8738205359650378,0
0,1,0.5468398501191543,1
0,1,0.5576495535740944,1
0,1,0.6658057212495562,0
1,1,0.7538218603711155,1
0,1,0.5673977915268543,1
0,0,0.42519398135673153,1
1,1,0.792706279422587,1
1,0,0.3820712012542737,1
0,1,0.7014950577781153,1
1,1,0.7146115948480987,1
1,1,0.6229134740762916,1
1,1,0.7386218954439758,0
1,1,0.7668313283435271,0
0,0,0.32605151825963746,1
1,1,0.7282789810773019,1
0,1,0.5428849174738962,1
1,1,0.7213014392887007,1
1,1,0.739977412105437,1
1,1,0.7808057415759161,1
0,0,0.471862238740011,0
0,0,0.29830467506287134,1
1,1,0.5191340772596378,0
0,1,0.6803308140635804,1
0,1,0.6091534943785186,1
1,0,0.36788344916172266,1
0,1,0.5190480444309685,0
1,1,0.5704811941398669,1
1,1,0.5804897655463752,1
1,1,0.5594060874262863,1
1,1,0.6091071358950283,0
1,1,0.5438091030201719,1
0,1,0.626686465734883,1
1,0,0.42666728417796457,1
1,1,0.7358584859937951,1
0,1,0.5939138667334009,1
0,1,0.6339058316961477,0
0,0,0.27562964995560996,0
1,0,0.4095536156720891,1
1,1,0.7551269229307116,1
1,1,0.7179139678081035,1
1,1,0.5817697876418592,1
1,0,0.3537449754837898,1
0,1,0.6776291532634962,1
1,1,0.6109988302560938,1
0,1,0.5712215122426186,0
