y_true,y_pred,y_prob,sensitive_features
0,0,0.15333711610037307,0
1,0,0.30027278080017256,1
1,1,0.7967168545913274,1
1,1,0.6719583916920527,1
0,1,0.7686903162705884,1
1,1,0.9886699671907325,1
0,1,0.7240580320563276,1
0,0,0.476399065219412,1
1,0,0.4426792214218626,1
0,0,0.4013126225719321,0
0,1,0.7126347421276298,1
0,1,0.7809486029198469,1
1,1,0.8290718866591136,1
1,1,0.5020634723713916,1
1,0,0.1698607943526505,1
1,1,0.6354472578362498,1
0,1,0.5607515322118133,1
1,1,0.500651000584101,1
0,0,0.10313516233667257,0
1,1,0.8592056146144088,1
0,0,0.30096193237468344,1
1,1,0.5452620396285977,0
0,0,0.18417987386727339,1
0,1,0.9688348919902668,1
1,0,0.27589064960697735,0
1,0,0.10370978292422073,1
0,1,0.9132619665515332,1
1,0,0.4878247294111272,1
1,1,0.9625061314222371,1
0,0,0.265354399612766,0
0,0,0.2044949940805224,0
1,1,0.9370887515698909,1
1,1,0.9612849447008859,1
0,0,0.32700856491513963,1
0,1,0.6647486565492078,1
1,1,0.6187869351814221,1
0,0,0.43296215940593685,1
1,1,0.9598682700643038,1
1,0,0.2740510579363005,1
0,0,0.4218727889696456,0
1,1,0.7729204352504133,1
1,1,0.9167537500092309,0
1,1,0.7359868321270995,1
1,1,0.5740650996802842,1
1,1,0.9926087996977301,1
1,1,0.9959209953467056,0
1,1,0.6036461811806995,0
