y_true,y_pred,y_prob,sensitive_features
1,1,0.5987364806307655,1
1,0,0.4130189257607904,1
1,1,0.73698481505569,1
0,1,0.5437470779278883,1
1,1,0.6885895526465027,1
0,1,0.714944921612281,1
0,0,0.43038695284526085,1
0,0,0.41238065974581295,0
0,1,0.5860770223273974,1
0,0,0.4232249199328175,0
1,1,0.5670793550719371,1
0,0,0.40831406166658396,1
1,1,0.7914728939871108,1
1,0,0.4627192958561232,0
0,1,0.7163110619367655,1
1,0,0.48676147273756676,1
0,0,0.4961409785377551,1
1,1,0.5126794675156457,1
1,1,0.5687871102308059,1
1,1,0.6044266248828326,0
0,1,0.6463051117118995,1
0,0,0.3225756527283097,1
1,1,0.6872762038095391,1
1,1,0.7051807003642454,1
1,1,0.5379434839866131,1
1,1,0.5228846067859975,1
1,1,0.6264677683547396,0
1,1,0.7949012781544574,0
1,0,0.32500437580722913,1
1,1,0.5631973904430323,1
0,0,0.47202129428096257,1
1,1,0.6237047566839199,1
1,0,0.49788981907694563,1
0,0,0.3299968608375786,1
1,0,0.44243532813060954,1
1,0,0.4847631411372933,1
1,1,0.5140135776987497,1
0,1,0.6242050189491741,0
1,1,0.9054351865295456,0
0,0,0.449924041669476,0
0,0,0.3830320238470294,1
0,1,0.5777274463204093,0
0,1,0.5781153098624708,0
1,0,0.37260459254672207,1
1,1,0.7400867214769267,1
0,0,0.14718933993716254,1
1,0,0.45270792303269936,1
