y_true,y_pred,y_prob,sensitive_features
1,1,0.7988235528048936,1
1,0,0.4663208252597333,1
0,1,0.5059851919996469,0
0,1,0.6483755867150587,1
1,0,0.4777919618979548,0
0,0,0.352933941329839,0
1,1,0.7561037761027509,1
1,0,0.3670151111557574,0
0,0,0.4455332585867182,0
1,1,0.8235481580238405,1
1,1,0.8150693645863135,1
0,1,0.7068176907024093,1
1,1,0.7986293756088891,1
1,1,0.6608450391037575,1
1,1,0.62582270426761,1
0,1,0.6801325768857818,1
1,1,0.8229150199866323,0
0,1,0.6257822097633874,1
0,1,0.519384589662801,0
1,1,0.5110581940720192,1
0,0,0.39179714019331147,0
1,1,0.7709859893101804,1
1,1,0.6151756081151022,1
0,1,0.7922522731893076,1
1,1,0.6310064922826416,1
1,1,0.876226947205691,1
0,1,0.6447145464046902,1
1,1,0.7890278803913987,1
1,1,0.728990816130648,1
1,1,0.5876492831303497,1
0,1,0.7870944030965747,1
1,0,0.3289236541538364,1
0,1,0.7173465661668613,1
1,1,0.764395888478509,0
0,0,0.3508688241654308,1
1,0,0.32203283423908974,1
0,1,0.6506701959964769,1
1,1,0.8622506602563536,1
1,1,0.6254487428910591,1
1,1,0.6586716606660493,1
1,0,0.4709054905571387,1
0,1,0.620287883290615,1
0,1,0.7724521937811373,1
0,1,0.6614637575462823,0
1,0,0.46827289814909573,0
0,1,0.8253765038720934,1
1,1,0.7598777822642367,1
