y_true,y_pred,y_prob,sensitive_features
1,1,0.905341765113536,1
1,1,0.9944192120954659,0
0,0,0.21341962890067456,1
0,1,0.7957218463429149,1
0,0,0.04850238739118643,0
1,1,0.9409417508764314,1
0,0,0.31457595569413727,1
0,1,0.9006716867584685,1
1,1,0.9584586828250605,1
1,0,0.1810632906044122,1
0,0,0.31791990632227657,1
1,1,0.8368996010794482,1
1,1,0.8079035712218142,1
1,1,0.9162836020031759,0
1,1,0.8494885915172851,0
0,0,0.334706566659288,1
1,1,0.8902516334532853,1
0,1,0.6116214762941341,1
1,1,0.8395835721141192,1
1,0,0.23648054169707855,1
1,1,0.9915494949304516,1
0,1,0.5529082460591627,0
0,0,0.355998736880317,1
1,0,0.16045552821413422,0
0,1,0.7406284808587259,1
0,0,0.48512728096677804,1
1,1,0.5100035335236797,1
0,0,0.448447958794308,0
1,1,0.8399430758095737,1
1,1,0.6984449567263731,1
1,0,0.12086194660143988,1
1,1,0.9488295795283197,0
1,0,0.4964559598289035,1
0,1,0.8561510024762232,1
1,0,0.22783652085799774,1
1,1,0.7640988737139636,1
0,0,0.20808072363924757,1
0,0,0.39355891516764624,0
0,0,0.1261033005923845,0
1,1,0.9135851964020995,1
1,1,0.9940351216353293,1
1,1,0.7406437700708904,1
1,1,0.8449438874190018,1
1,0,0.03826712132926938,1
0,0,0.303391189590365,1
1,1,0.7825390118098131,1
0,1,0.9409257708842743,0
