y_true,y_pred,y_prob,sensitive_features
0,1,0.6748052939120108,0
1,1,0.6412607876945189,1
0,0,0.5074085719824447,0
1,1,0.615499649665572,1
1,0,0.5,1
1,1,0.5604295050388736,1
1,1,0.5357195249759592,1
1,1,0.7576969105733895,1
1,1,0.670422412237251,1
0,0,0.5178374732666636,1
0,1,0.6294876471288128,1
0,0,0.4947999156605127,1
0,0,0.506470633084943,0
1,1,0.5845272435435389,1
0,1,0.6472536175938477,1
1,1,0.6743800015065868,0
0,1,0.6691236945456013,1
1,1,0.631818824099362,1
1,0,0.4635378071414331,0
1,1,0.6859246234087988,1
0,0,0.4330173451168787,0
0,1,0.5890369200481717,0
0,1,0.6395055174594291,1
1,1,0.5807267407915657,1
1,1,0.6179772407434648,1
1,0,0.4803131942472364,0
0,0,0.49469069146280104,1
0,1,0.635303779386678,1
1,1,0.6426246301284538,1
0,1,0.7124352191720574,1
1,1,0.6490009303188142,0
1,0,0.5198191102143154,1
1,1,0.6624223517516281,1
1,1,0.7041861163299535,1
0,1,0.5774626793021522,0
0,1,0.5981102177494231,1
0,1,0.6428879199943657,1
1,1,0.7486111439971533,0
1,0,0.5156851489925469,1
1,0,0.4265280154627419,1
1,1,0.5665368177949262,1
1,1,0.6609068714716397,1
1,0,0.3617935122095183,1
0,0,0.47888272121399234,1
0,1,0.7465282827943457,1
1,1,0.5525532981364488,1
1,1,0.6513466212622877,1
