y_true,y_pred,y_prob,sensitive_features
0,1,0.9982278063006941,1
1,1,0.951609677576917,1
1,1,0.8155671585683,1
1,1,0.730006242933853,1
1,1,0.9787519125232063,1
0,0,0.3205665626989294,1
1,1,0.9468879026739065,0
1,1,0.9958922569660981,0
0,1,0.9919852296734822,1
0,0,0.33996516780037367,0
0,0,0.1699289550340123,0
1,1,0.9731408702614167,1
0,1,0.9847474196369173,1
0,1,0.838705498731653,1
0,1,0.8522200793636282,1
1,1,0.9918190795963909,1
1,1,0.9965814227503607,1
0,0,0.49480819784949104,1
1,0,0.018036135108216736,1
1,1,0.6789805010509715,1
0,1,0.9927670985510042,1
0,0,0.33046955322755905,0
1,0,0.2691327321877296,1
1,1,0.9141662092637611,1
1,0,0.1664071953296864,1
0,1,0.995240768600095,1
0,1,0.9244838278520281,1
1,0,0.277597183890283,1
1,1,0.9976253978114871,1
1,0,0.4639431478748232,1
1,1,0.7312296061850817,1
1,1,0.988175148768921,1
0,1,0.7668576884842659,0
1,1,0.6816157814016363,1
1,0,0.12699077694788447,1
0,0,0.2192707741015294,0
1,1,0.8313841829920582,1
1,1,0.7967170351568976,0
0,1,0.97232189712299,1
0,0,0.1443489126604366,0
0,1,0.963145595692321,1
1,1,0.9571264246669555,1
0,1,0.5171158686816593,1
1,1,0.9912433052655154,0
1,1,0.9407892160773478,1
1,0,0.4607689253906326,1
1,1,0.9867524147385793,0
