y_true,y_pred,y_prob,sensitive_features
1,1,0.592115900821793,1
1,1,0.5775070753545616,0
0,1,0.5531374898100996,1
0,1,0.5445554938712048,1
0,1,0.5366257407770554,0
1,1,0.547332877317054,1
0,1,0.5139292294204681,1
0,0,0.46497033117118325,1
1,1,0.7155471853476104,1
1,0,0.4077459395853419,1
0,1,0.5392133344472305,1
1,1,0.5097311166859598,1
1,1,0.5376614588609622,1
1,1,0.5933302358077781,0
1,1,0.5793142424969814,0
0,0,0.38959267890377375,1
1,1,0.5598917076503855,1
0,1,0.5693716077603312,1
1,1,0.5381041782939489,1
1,1,0.5868194832736474,1
1,1,0.5646113102345479,1
0,0,0.4769646364549365,0
0,0,0.34927871661785487,1
1,0,0.446993210251288,0
0,1,0.7014717965659197,1
0,1,0.5347871224652408,1
1,0,0.39706275399120033,1
0,0,0.5,0
1,1,0.5174138729194028,1
1,1,0.5983099664626936,1
1,1,0.6017639095392516,1
1,1,0.6021279849191595,0
1,0,0.4535319554016354,1
0,1,0.5288981634514878,1
1,0,0.3832395341250351,1
1,1,0.6061616759710118,1
0,0,0.47383128013482567,1
0,1,0.5652624687552325,0
0,0,0.3557760131849576,0
1,0,0.4055101593894941,1
1,1,0.5411983155771156,1
1,1,0.6114000601777236,1
1,1,0.5160857053668327,1
1,0,0.3724859825661425,1
0,1,0.5393776109710898,1
1,1,0.5107227636435632,1
0,1,0.5949644182202555,0
