y_true,y_pred,y_prob,sensitive_features
0,0,0.06627831732817184,1
0,0,0.05623968168256679,0
1,0,0.12133615290280017,1
0,1,0.9609511682523147,1
1,1,0.8317994686273641,0
0,1,0.6460536497455317,0
0,1,0.8273608599535286,1
0,0,0.2553071408286268,1
1,1,0.943407879653591,1
0,1,0.9883586327566599,1
0,0,0.16271261877027807,0
1,0,0.01428053028909973,1
1,1,0.9904615200206872,1
0,1,0.6672352626479154,1
1,1,0.8212544509204572,1
0,0,0.28320337426449826,1
0,1,0.8209858860909308,1
0,0,0.009768689774605578,1
1,0,0.12198958136888527,1
1,1,0.9817398811082598,1
0,0,0.11031385974742913,1
1,1,0.9632380043041223,1
1,0,0.09486639678614978,1
1,1,0.6107050373667325,1
1,0,0.2915393375953524,1
0,1,0.9824965365361897,1
1,1,0.6976556881275569,1
1,1,0.9796236850307648,1
0,1,0.5312664850491412,1
1,1,0.5650969611623486,0
1,0,0.46644651643888013,0
1,1,0.9699484097677632,1
0,0,0.12532614126511626,0
1,1,0.991212853066639,0
1,1,0.7082935048979571,1
1,1,0.9983813806868117,0
1,1,0.9667713499589742,1
1,1,0.8999499105987274,1
1,0,0.4807285445095132,1
0,1,0.8012790370670798,0
1,1,0.9654194820903301,1
1,1,0.923700017531712,1
1,0,0.45616472362450805,1
1,0,0.05578479379846468,1
0,1,0.5206552942806173,1
0,0,0.12211104876603826,0
1,1,0.84519376573315,1
