y_true,y_pred,y_prob,sensitive_features
1,1,0.9104890152889049,1
1,1,0.958037445652081,0
1,1,0.8203625884968303,1
1,1,0.6448243007730156,1
1,1,0.5903679129233182,1
1,0,0.04270550347904705,1
1,1,0.786276182072065,1
1,1,0.5459243921337119,1
1,1,0.9782735770340825,1
0,0,0.4386598806446648,0
0,0,0.24621439923457059,0
0,1,0.657064457585926,1
1,0,0.04529984777638537,1
1,1,0.9529207405297482,1
0,0,0.49853589968644096,1
0,1,0.979955935374317,1
1,1,0.7133691726968789,1
1,1,0.771779378617823,1
0,0,0.352839023200244,0
0,0,0.357959801509125,1
1,0,0.05589741198490537,1
0,1,0.9041878889566222,1
1,1,0.7428436978391794,0
0,1,0.8768799579117009,1
1,1,0.8535020226517491,0
0,1,0.5614613434135273,1
0,1,0.7141452578891916,1
0,1,0.7430300772297028,1
0,0,0.4906513199109795,1
0,1,0.6502587760271864,0
0,0,0.2502204073652088,1
1,0,0.3883210045589326,1
0,0,0.08049991328574051,0
1,0,0.47234960009228183,1
1,1,0.8069341047252845,1
1,0,0.2390898887386649,0
1,1,0.7985333642400133,1
0,0,0.48744239305997017,1
0,1,0.9738011564488525,1
1,1,0.7340857768646716,0
0,0,0.3828103358973297,0
1,1,0.6197601805354798,1
1,0,0.3980996573461382,1
1,1,0.8649363012074663,1
1,1,0.7964061258813414,1
1,1,0.8345860351713197,1
1,1,0.972165675368097,1
