y_true,y_pred,y_prob,sensitive_features
0,1,0.7852627089784191,0
1,1,0.9193890804860252,1
0,1,0.8692577566155119,0
1,1,0.746085317955461,1
1,0,0.4607653117931034,1
1,1,0.9387596036221388,1
1,1,0.6968872383608408,1
1,1,0.9604180594933801,1
1,1,0.9360744845357092,1
0,1,0.5337300476380314,1
0,1,0.7887650947755382,1
0,1,0.6973226346205815,1
0,1,0.8360166769885683,0
1,1,0.5310191425990413,1
0,1,0.915960547941018,1
1,1,0.8853239987380646,0
0,0,0.3136607410039254,1
1,1,0.9923272508294055,1
1,1,0.6413264332543338,0
1,1,0.6240841337069647,1
0,1,0.7343198080910762,0
0,0,0.46429706557218964,0
0,1,0.9070157520185235,1
1,0,0.3516102220131658,1
1,1,0.7072458478709721,1
1,1,0.5888160301278664,0
0,0,0.30535576936582987,1
0,1,0.7840379178049427,1
1,1,0.8829004101065913,1
0,1,0.6794738873260777,1
1,1,0.9933017727698322,0
1,1,0.6879576648026501,1
1,1,0.8016539520579183,1
1,1,0.9895581242684636,1
0,1,0.7458972128099794,0
0,1,0.6410060045661611,1
0,1,0.945321318220213,1
1,1,0.8395259041779487,0
1,0,0.4198543169345805,1
1,0,0.4803993200049583,1
1,1,0.5008654408478335,1
1,1,0.9182394554325187,1
1,0,0.0668259801879041,1
0,1,0.8190619456611925,1
0,1,0.959188848385826,1
1,1,0.69200999342309,1
1,1,0.9901797582438048,1
