y_true,y_pred,y_prob,sensitive_features
1,0,0.4549424741743243,1
1,0,0.21330294946677303,1
1,1,0.9639026856625981,1
0,1,0.565544667914756,1
1,1,0.8682409473189279,1
0,1,0.9265201749411368,1
0,1,0.8634744665731414,1
0,0,0.17570053946735856,0
0,1,0.5657136661692459,1
0,1,0.5426135960527623,0
1,1,0.5593522573207027,1
0,1,0.5730391070894381,1
1,1,0.9443747471734788,1
1,0,0.3828502319771352,0
0,1,0.5016524580059527,1
1,1,0.8533497477393196,1
0,1,0.5727965964794464,1
1,1,0.6653184497128103,1
1,1,0.7539113616786519,1
1,1,0.9632462593893809,0
0,1,0.958444882050714,1
0,0,0.4542501612373508,1
1,1,0.8503847199935316,1
1,1,0.886491566823678,1
1,1,0.739450995890101,1
1,1,0.7554067055645204,1
1,0,0.03574450894279961,0
1,1,0.7635157858180965,0
1,0,0.19573277122254482,1
1,1,0.686363335551511,1
0,1,0.5749881642435086,1
1,0,0.1622737247911072,1
1,0,0.12332718797384566,1
0,0,0.1139881663122524,1
1,0,0.36145347139593015,1
1,0,0.3752071272522244,1
1,0,0.4536258575929338,1
0,0,0.06068833018958159,0
1,1,0.9961030613535095,0
0,0,0.4225782654808549,0
0,0,0.3745356769704922,1
0,1,0.9012497686005807,0
0,1,0.7832417711265676,0
1,0,0.2939812223599339,1
1,1,0.9832357809392295,1
0,0,0.0678412317494945,1
1,1,0.5471886184463904,1
