y_true,y_pred,y_prob,sensitive_features
0,1,0.9793511419162798,1
1,1,0.982600125900775,1
1,1,0.8368433067116068,1
1,1,0.9093629768710266,1
1,1,0.9809697954815148,1
0,0,0.3805107055287044,1
1,1,0.8642320866672452,0
1,1,0.9853438125148967,0
0,1,0.9879625037854114,1
0,0,0.4045998841879821,0
0,0,0.19375500663080167,0
1,1,0.879322487573524,1
0,1,0.9799575143029554,1
0,1,0.8498142609180083,1
0,1,0.7311270290343805,1
1,1,0.979023863303807,1
1,1,0.9894795243091323,1
0,1,0.6241987476142614,1
1,0,0.023278190537055217,1
1,1,0.5694790050572716,1
0,1,0.9688846846275844,1
0,1,0.7275870469848416,0
1,0,0.35717686380103747,1
1,1,0.7611711932103467,1
1,0,0.17241871094508598,1
0,1,0.9709169945932138,1
0,1,0.517581214546243,1
1,0,0.21289590490346216,1
1,1,0.9476473147519543,1
1,0,0.30350789618555024,1
1,1,0.7506933245599783,1
1,1,0.9361161577310296,1
0,1,0.7675377220426908,0
1,0,0.41092466854873005,1
1,0,0.4646154095848618,1
0,1,0.5391154385072834,0
1,1,0.6279452174519252,1
1,1,0.7026081886608219,0
0,1,0.897123736214332,1
0,1,0.6003379725538762,0
0,1,0.978157952322399,1
1,1,0.9223318280763709,1
0,1,0.6849521433689915,1
1,1,0.982752009065819,0
1,1,0.8336664328165708,1
1,0,0.21066020961692,1
1,1,0.7054718504784913,0
