y_true,y_pred,y_prob,sensitive_features
1,1,0.8087707674171182,1
1,1,0.6323131371730478,1
0,1,0.8730152809505415,0
0,1,0.5327028489833384,1
1,1,0.8512115899315014,0
0,0,0.2401494974455401,0
1,1,0.7863091283141567,1
1,0,0.13753703563800035,0
0,1,0.5457427900106232,0
1,1,0.8441302574238521,1
1,0,0.36230815404535727,1
0,0,0.4658187505465515,1
1,1,0.8447200952051463,1
1,1,0.6277197155943991,1
1,1,0.7905729004332376,1
0,1,0.6325643530071227,1
1,0,0.20845771800614987,0
0,0,0.3448104292212122,1
0,0,0.4549297272506116,0
1,1,0.604559994955241,1
0,0,0.37679098786023446,0
1,1,0.8996251490557527,1
1,0,0.47790302575939153,1
0,1,0.8205229276658581,1
1,1,0.817568854975539,1
1,1,0.9829622969064936,1
0,0,0.17817076401829074,1
1,1,0.9521647741860372,1
1,1,0.9137518950312927,1
1,0,0.3499855869483565,1
0,1,0.8231171453404306,1
1,0,0.498763896443628,1
0,1,0.8000665038512427,1
1,1,0.9130641972147019,0
0,1,0.6755306723505577,1
1,0,0.38869856522094137,1
0,1,0.7203830854671415,1
1,1,0.975487339022681,1
1,0,0.16677913558534216,1
1,0,0.2530213482648277,1
1,0,0.030518756600696015,1
0,1,0.6675603838849775,1
0,1,0.841630280963478,1
0,1,0.7945858952526786,0
1,1,0.883713589735909,0
0,1,0.9425983337699765,1
1,1,0.9546604610661859,1
