y_true,y_pred,y_prob,sensitive_features
1,1,0.7982629759846143,1
1,0,0.36099901056496336,1
0,1,0.70735974139212,0
0,1,0.7569350680460832,1
1,1,0.6454538655430639,0
0,0,0.4027798968818906,0
1,1,0.7476507831315443,1
1,0,0.4287572042211499,0
0,0,0.518518363617685,0
1,1,0.8944044330967263,1
1,1,0.8532920679537955,1
0,1,0.797903870421277,1
1,1,0.8564031624522083,1
1,1,0.646998780242205,1
1,1,0.693142356903576,1
0,1,0.7256437172913833,1
1,1,0.8446975399129523,0
0,1,0.6889831784749086,1
0,1,0.607085719420045,0
1,0,0.4721545057859462,1
0,0,0.3347880470776692,0
1,1,0.782690796263283,1
1,1,0.7396008116126546,1
0,1,0.8463208989447222,1
1,1,0.5903011840420205,1
1,1,0.9078534133285909,1
0,1,0.7418466091568798,1
1,1,0.7360580431230023,1
1,1,0.8822741247991245,1
1,1,0.6202413633783288,1
0,1,0.8087373052962225,1
1,0,0.26255553765944695,1
0,1,0.7815840357326942,1
1,1,0.7885537574547806,0
0,0,0.29269074408657136,1
1,0,0.25904527181639697,1
0,1,0.8043425689764575,1
1,1,0.9094305715001874,1
1,1,0.7465175895985794,1
1,1,0.7370645015538818,1
1,0,0.46918651404084744,1
0,1,0.5983627197080604,1
0,1,0.7997242114629429,1
0,1,0.8066462954399617,0
1,1,0.653437017484936,0
0,1,0.8359907984702217,1
1,1,0.8236245268941329,1
