y_true,y_pred,y_prob,sensitive_features
0,0,0.40597980866094246,0
1,1,0.6686385644378435,1
1,1,0.8200608105855917,1
1,1,0.5055885286294554,1
0,1,0.553623382103803,1
1,1,0.9423676474662555,1
0,1,0.8341231230408714,1
0,0,0.343259665779288,1
1,0,0.3295719724255536,1
0,1,0.6541533387371113,0
0,0,0.35259371173620047,1
0,1,0.5548205688157932,1
1,0,0.4959145070122728,1
1,1,0.7215500903945943,1
1,1,0.7400339036088255,1
1,1,0.7153812648499783,1
0,1,0.6676575579403781,1
1,0,0.4968212806403224,1
0,0,0.3221025270997485,0
1,1,0.8673479429684963,1
0,0,0.280343462008726,1
1,1,0.685539569532706,0
0,0,0.44708357081868094,1
0,1,0.6447534979176249,1
1,1,0.7106453396114631,0
1,1,0.5621295427446393,1
0,1,0.9101414692085609,1
1,0,0.20576594685510016,1
1,1,0.5883703181992688,1
0,0,0.37675471941196587,0
0,0,0.48931539007706865,0
1,1,0.8950355747216419,1
1,1,0.8924162426444138,1
0,1,0.5345599677303177,1
0,1,0.5769675474197044,1
1,0,0.2893735170355019,1
0,0,0.3480267083275607,1
1,0,0.4481471108743642,1
1,0,0.33805539406761004,1
0,0,0.4346295649117309,0
1,1,0.5836041363585656,1
1,1,0.5444026046092997,0
1,0,0.44042450522665755,1
1,0,0.2327037357388357,1
1,1,0.9706468875525228,1
1,1,0.9923412668626589,0
1,1,0.716740041108405,0
