y_true,y_pred,y_prob,sensitive_features
1,1,0.8404731457513738,1
1,1,0.9577204619029888,0
1,1,0.775698353668147,1
1,1,0.7212292846254862,1
1,1,0.6686573356394273,1
1,1,0.5406600037702985,1
1,1,0.6807957891760595,1
1,1,0.6177783693854698,1
1,1,0.7426572200799358,1
0,0,0.42977056992297796,0
0,0,0.33709729652916465,0
0,1,0.6225494163341299,1
1,0,0.014045052723873923,1
1,1,0.610615634222307,1
0,1,0.8501499157497586,1
0,1,0.8167601740618153,1
1,1,0.6520894696771604,1
1,1,0.7772283047231521,1
0,0,0.37909530754334253,0
0,1,0.6224600969832157,1
1,0,0.024505929826592422,1
0,0,0.4718188250794714,1
1,1,0.6377322761059179,0
0,1,0.6504248114040682,1
1,1,0.7163392421764346,0
0,0,0.43869444845726757,1
0,1,0.5744363595141393,1
0,0,0.45462147226918864,1
0,1,0.5401274977844714,1
0,1,0.6305187040163986,0
0,1,0.6891148493771826,1
1,1,0.6009311809635959,1
0,1,0.5138221949784928,0
1,1,0.5291774480827891,1
1,1,0.7414236495615116,1
1,1,0.6213432285196294,0
1,1,0.569629571051632,1
0,1,0.599083698348483,1
0,1,0.7995384372307351,1
1,1,0.6198025743097715,0
0,1,0.5382571131771805,0
1,1,0.6052578990992752,1
1,0,0.4503528365606225,1
1,1,0.600462508591348,1
1,1,0.6380386382874489,1
1,1,0.6124741111126255,1
1,1,0.8018491446057353,1
