y_true,y_pred,y_prob,sensitive_features
0,1,0.5921607646962516,1
1,1,0.7847125660541522,1
1,1,0.5181559409819038,1
1,1,0.6328409763580443,1
1,1,0.8432454025897939,1
0,0,0.4448795835677654,1
1,1,0.7361325549367942,0
1,0,0.3347120854545172,0
0,1,0.6289176091969729,1
0,0,0.4383135407831536,0
0,0,0.2948839234494264,0
1,1,0.7573525196113525,1
0,1,0.7931206450843117,1
0,1,0.6163051809328082,1
0,1,0.5443679143928757,1
1,1,0.6022077159230056,1
1,1,0.6879742976675118,1
0,1,0.6203780815314803,1
1,0,0.4265788055157334,1
1,1,0.658136597988978,1
0,1,0.6871675371703667,1
0,1,0.5952534778530397,0
1,1,0.5010329043616245,1
1,1,0.7787424476915175,1
1,1,0.5913320434792348,1
0,0,0.48027680483197716,1
0,0,0.4423381299257428,1
1,0,0.42006887539256216,1
1,1,0.8329144934492596,1
1,1,0.6162837310291864,1
1,1,0.726248155221676,1
1,1,0.5583305171119161,1
0,0,0.47930944230184236,0
1,0,0.4997991248453488,1
1,1,0.5531653707344886,1
0,0,0.31906454781138055,0
1,0,0.42178882966175896,1
1,1,0.5310067534330115,0
0,1,0.5930589350812087,1
0,0,0.1629524014012051,0
0,1,0.7261487070430305,1
1,0,0.47852236217357574,1
0,0,0.43522092359146486,1
1,1,0.6063016146804392,0
1,0,0.46550272941097165,1
1,0,0.4464831498680093,1
1,0,0.4839206543264013,0
