y_true,y_pred,y_prob,sensitive_features
0.0,1.0,0.5812491437158921,1
1.0,1.0,0.6227683813771485,1
0.0,0.0,0.573558900056245,0
0.0,1.0,0.5905488063781572,1
1.0,1.0,0.6048850289607988,0
1.0,1.0,0.5927724843855763,1
1.0,1.0,0.6085437005834344,1
0.0,1.0,0.6030331152721317,1
1.0,1.0,0.6174720125647435,1
1.0,1.0,0.5932147078687731,1
1.0,1.0,0.609390948563944,1
1.0,1.0,0.5992899748032701,1
1.0,1.0,0.6220876045642493,1
1.0,1.0,0.6042648852526774,1
1.0,1.0,0.5905132277054845,0
0.0,1.0,0.5811616967218999,1
0.0,0.0,0.5800761259312989,0
0.0,1.0,0.6012447506964086,1
1.0,1.0,0.613995338538775,0
1.0,0.0,0.565144402382187,0
1.0,1.0,0.5879721136392443,0
0.0,0.0,0.5480787226011694,0
1.0,1.0,0.6044413284272367,1
1.0,1.0,0.5954020449774445,1
1.0,1.0,0.6285568662192725,1
0.0,0.0,0.5690750105767399,1
0.0,1.0,0.59642632965478,0
1.0,1.0,0.5863069155291275,1
1.0,1.0,0.6138753139878265,1
1.0,0.0,0.5717570921670944,1
1.0,0.0,0.5691466745861982,1
0.0,1.0,0.6011218600985888,1
0.0,0.0,0.5726736073468796,0
0.0,1.0,0.6116356486225166,1
1.0,1.0,0.6055028557572573,1
0.0,1.0,0.6159984736680414,1
1.0,1.0,0.5856108429595148,1
1.0,1.0,0.6104464451459659,1
0.0,1.0,0.6254609134739116,1
1.0,1.0,0.6051200041214077,1
0.0,1.0,0.5849362019770376,1
1.0,1.0,0.6141203547954863,1
1.0,0.0,0.579104367426956,1
0.0,1.0,0.5922382608193281,1
1.0,1.0,0.5891941076189612,1
0.0,1.0,0.5857317615764945,1
0.0,0.0,0.5515361502960592,0
