y_true,y_pred,y_prob,sensitive_features
0,1,0.8630368600585364,0
1,0,0.15711893961079462,1
1,0,0.43201815962590484,1
1,0,0.17826782725159282,1
0,1,0.5767496603844532,1
1,1,0.842321909648663,1
0,0,0.39491073595900333,1
0,0,0.486313678991772,1
1,0,0.23347656673442874,1
0,0,0.18498905297308996,0
0,1,0.6749509259635168,1
0,1,0.7678874403465991,1
1,0,0.2591712593186008,1
1,0,0.18546483379975992,1
1,0,0.4925717216895571,1
1,0,0.46344891247383413,1
0,0,0.3635081434569979,1
1,1,0.6454398799104043,1
0,1,0.6700296516826505,0
1,1,0.9151729081127424,1
0,1,0.5607626772290744,1
1,1,0.7922079912222292,0
0,0,0.3325096285404645,1
0,0,0.3160153858565779,1
1,1,0.8920004540503285,0
1,1,0.5657445138707424,1
0,1,0.9278318862805014,1
1,0,0.12290289411092639,1
1,0,0.4455643042458117,1
0,0,0.27361110573919906,0
0,1,0.7443942011557301,0
1,1,0.9229895969745292,1
1,1,0.7184313587607967,1
0,0,0.4895642427089393,1
0,1,0.8319222961394306,1
1,0,0.1953072003811872,1
0,0,0.47727420534967463,1
1,0,0.4840054998230815,1
1,0,0.19624688754931152,1
0,1,0.9029122305842352,0
1,1,0.5294981694670657,1
1,1,0.5553551081732434,0
1,0,0.30901388995951334,1
1,0,0.07371030456974989,1
1,1,0.7657475884989597,1
1,1,0.9878051766310544,0
1,1,0.6499374404758073,0
