y_true,y_pred,y_prob,sensitive_features
0,1,0.5176970373881442,0
1,1,0.5086705079404098,1
0,0,0.49402176175088247,0
1,0,0.4874277953910409,1
1,0,0.483275945730592,1
1,0,0.5,1
1,0,0.49371118269048003,1
1,1,0.527842816430032,1
1,1,0.5206190420413512,1
0,0,0.5,1
0,1,0.5087934358062849,1
0,0,0.49054573112451316,1
0,0,0.4902848969319965,0
1,1,0.5078398151451189,1
0,0,0.5,1
1,1,0.5104579215993856,0
0,1,0.5096784504013732,1
1,1,0.5157279325588179,1
1,0,0.48930061890358156,0
1,0,0.48996263946952645,1
0,0,0.5,0
0,1,0.5071679793453394,0
0,1,0.5094333931847087,1
1,1,0.5056338191805502,1
1,1,0.5132955617438625,1
1,0,0.49494071948056445,0
0,0,0.49221783426112536,1
0,1,0.514083546922383,1
1,1,0.5071396328526622,1
0,1,0.5121645021338251,1
1,1,0.5176880139088291,0
1,0,0.4913757174002258,1
1,1,0.5144785134438694,1
1,1,0.5167697529405426,1
0,1,0.5139119905081174,0
0,0,0.5,1
0,1,0.513094982412557,1
1,1,0.5121950676112312,0
1,0,0.484808933500326,1
1,0,0.48365437513135456,1
1,0,0.49203187241418894,1
1,1,0.5148600175039025,1
1,0,0.48359080495060747,1
0,0,0.4850209436171847,1
0,1,0.5172027069899292,1
1,1,0.5075169428993996,1
1,1,0.511541967021283,1
