y_true,y_pred,y_prob,sensitive_features
1,1,0.6562659732276841,1
1,1,0.6850600040484041,1
1,1,0.8034762839051448,1
0,1,0.7539204550467934,1
1,1,0.7874101207865369,1
0,1,0.8115882214941186,1
0,1,0.7434237257672136,1
0,0,0.4847478448077863,0
0,1,0.7776789238563162,1
0,0,0.2971906936615419,0
1,1,0.5801197071091335,1
0,1,0.6916403020767473,1
1,1,0.9028776280933294,1
1,0,0.31973022424345066,0
0,1,0.644864068127001,1
1,1,0.7593281024675005,1
0,1,0.6518490408253865,1
1,1,0.5676003230363085,1
1,1,0.7968440814635412,1
1,1,0.6070696182436308,0
0,1,0.7984517785787969,1
0,1,0.6098404511346931,1
1,1,0.6857108965835202,1
1,1,0.7949861660081068,1
1,1,0.7632846526979307,1
1,1,0.7346234960517085,1
1,0,0.20520446629114025,0
1,1,0.7397015613410076,0
1,1,0.6463286999693979,1
1,1,0.7097506562968423,1
0,1,0.6956046995781423,1
1,1,0.7333085814950068,1
1,1,0.6285258126186373,1
0,1,0.542318938100158,1
1,1,0.7086831990550156,1
1,1,0.6632599409913921,1
1,1,0.5971134649372386,1
0,1,0.6067071005416832,0
1,1,0.806966955917142,0
0,0,0.1760011915504419,0
0,1,0.6135035956907967,1
0,1,0.6521983361203006,0
0,1,0.6619590831060325,0
1,1,0.707918106906902,1
1,1,0.7986654799733405,1
0,1,0.6152819421710023,1
1,1,0.6791812735143185,1
