y_true,y_pred,y_prob,sensitive_features
1,0,0.499034614668554,1
1,1,0.8523395067123883,0
0,1,0.7711869998988847,1
0,1,0.7046217628661842,1
0,0,0.1236684829524604,0
1,1,0.6943729155079202,1
0,1,0.5862841234268366,1
0,1,0.525409344895116,1
1,1,0.9512303989607822,1
1,0,0.23004303850168362,1
0,0,0.4592292343598116,1
1,1,0.7179931773019033,1
1,1,0.7103695420317911,1
1,1,0.778340882389895,0
1,0,0.467230831640814,0
0,0,0.3292551788040105,1
1,1,0.5982090416680309,1
0,1,0.7424380885145554,1
1,0,0.4275954136020119,1
1,1,0.5956471615311298,1
1,1,0.6503557763092631,1
0,0,0.10653288111614041,0
0,0,0.40176936402149044,1
1,0,0.4055318799023154,0
0,1,0.7124771267910734,1
0,1,0.7030781328483209,1
1,1,0.6892532866203317,1
0,0,0.3371338346444627,0
1,1,0.5553896510498596,1
1,1,0.7949709975406049,1
1,0,0.3520512455423826,1
1,1,0.8325728600549077,0
1,1,0.6441848312008357,1
0,1,0.7932057144364587,1
1,0,0.3802886848020276,1
1,0,0.3089904477696368,1
0,0,0.18323672421709297,1
0,1,0.5352262159991193,0
0,0,0.2251525999271396,0
1,0,0.25367499347372924,1
1,1,0.8768853165230176,1
1,1,0.6017147553597312,1
1,0,0.39695315876747667,1
1,0,0.32416461296048166,1
0,1,0.5496874494817889,1
1,1,0.9496573494568737,1
0,1,0.6438867374733146,0
