y_true,y_pred,y_prob,sensitive_features
1,1,0.5678685788436446,1
1,1,0.5787941594091252,0
0,1,0.5534641086080607,1
0,1,0.5682891289032366,1
0,0,0.5159186398573844,0
1,1,0.5678404766241572,1
0,0,0.5447321034825424,1
0,0,0.5394517351957919,1
1,1,0.6180598855318392,1
1,0,0.5064781021602559,1
0,1,0.5688649782253287,1
1,1,0.5688612384985622,1
1,0,0.5374618996913701,1
1,1,0.601602915509817,0
1,1,0.5662065334291425,0
0,0,0.518598660989438,1
1,0,0.5466785778625,1
0,1,0.5674480304139312,1
1,0,0.5459910409879597,1
1,1,0.5686721288805422,1
1,1,0.5728324260098325,1
0,0,0.5338345171233739,0
0,0,0.5305452847320069,1
1,0,0.5304885902112755,0
0,1,0.5938329300386883,1
0,1,0.5706259030421826,1
1,0,0.5385340170172523,1
0,1,0.5507198836521657,0
1,1,0.5530073261761582,1
1,1,0.5683854840137111,1
1,1,0.5560310067854629,1
1,1,0.5903662420625605,0
1,1,0.550175314065939,1
0,1,0.5607157789680117,1
1,0,0.5314021280198451,1
1,1,0.5570816913858851,1
0,0,0.524339382781353,1
0,1,0.5704533938965765,0
0,0,0.5204419731496794,0
1,0,0.5357267540456015,1
1,1,0.5762761091455929,1
1,1,0.5591275627202206,1
1,0,0.540771063960537,1
1,0,0.5,1
0,0,0.5292240253403131,1
1,1,0.5631887593830738,1
0,1,0.5735514221928869,0
