y_true,y_pred,y_prob,sensitive_features
0,1,0.8300626681745583,1
1,1,0.8333413995592535,1
1,1,0.555415152051309,1
1,1,0.7678132818228919,1
1,1,0.8632505384072118,1
0,1,0.5542718200912086,1
1,1,0.7781093954087818,0
1,1,0.537909923564687,0
0,1,0.7369840715842595,1
0,0,0.4329836521054195,0
0,0,0.412102432392231,0
1,1,0.9354025328060125,1
0,1,0.662018459561876,1
0,1,0.787907570797709,1
0,0,0.29026107424878883,1
1,1,0.8945500173455861,1
1,1,0.9046412034245749,1
0,0,0.47785436713223706,1
1,1,0.5948664430027092,1
1,1,0.7245711218108227,1
0,1,0.7311530062192777,1
0,1,0.6198376548137067,0
1,0,0.39337904046041156,1
1,1,0.5514443034723729,1
1,1,0.686950181251319,1
0,1,0.8242441708146124,1
0,0,0.4770462047732011,1
1,0,0.3352657544783387,1
1,1,0.9187122673757081,1
1,1,0.711233371395893,1
1,1,0.8588384314967773,1
1,1,0.5342541064612673,1
0,1,0.9355542470583628,0
1,0,0.47095213506506695,1
1,0,0.4728876497672141,1
0,0,0.3353546596558046,0
1,0,0.33173402701991445,1
1,0,0.4766603690261065,0
0,1,0.7852882094476114,1
0,0,0.14978421039781845,0
0,1,0.8148210348555743,1
1,1,0.8843038349708345,1
0,1,0.752566387443826,1
1,1,0.7853967126875241,0
1,1,0.5489410092695648,1
1,1,0.8907668780550547,1
1,1,0.5993734607287438,0
