y_true,y_pred,y_prob,sensitive_features
1,1,0.651721114821887,1
0,1,0.6090414690918703,1
1,1,0.6243277500656511,1
0,0,0.49431005703990505,0
1,0,0.5583486458969354,0
0,0,0.5502965468223849,0
1,0,0.5423428709573038,1
0,0,0.4883951523437642,1
0,1,0.643076815608941,1
1,1,0.6030713061357046,1
1,1,0.7153014338154311,1
1,1,0.5990786655207545,1
1,0,0.5488827977275806,1
1,1,0.6664659006081074,1
1,1,0.6145625879350288,1
1,0,0.5311607001624312,1
1,1,0.6376370115167114,1
0,1,0.6197150825453386,1
1,1,0.606900217105965,1
1,0,0.5422212234929196,1
1,1,0.6633513585270483,1
1,1,0.6520962361331237,1
0,1,0.5687105585500764,1
0,1,0.6480781990186788,1
0,1,0.5658505338361464,0
0,1,0.6302993167579881,1
1,0,0.5429834368136487,0
1,1,0.6278288792237012,1
0,1,0.6515354349829452,1
1,1,0.5916286381363334,0
1,1,0.6600946878087525,1
0,0,0.5536474339143901,0
0,1,0.6026564348900483,1
1,1,0.6225130661810382,1
0,0,0.4650665282972218,0
0,0,0.5355609410953073,1
1,1,0.625307891817449,1
1,1,0.6492958862318325,1
0,1,0.6404058744791183,1
1,0,0.5093694850770726,0
1,1,0.639509002702945,1
1,1,0.6618043004113849,0
1,0,0.47872421455223646,1
0,1,0.672926950851828,1
1,0,0.5539751367414218,1
0,1,0.6047408724687289,1
0,0,0.4792179216043801,0
