y_true,y_pred,y_prob,sensitive_features
1,1,0.9287802150015018,1
1,1,0.9944087183232457,0
1,1,0.9663760968692688,1
1,0,0.437697342723785,1
1,1,0.7736628429288246,1
1,0,0.28820325343016595,1
1,1,0.6261836595095586,1
1,0,0.4046486252491052,1
1,1,0.8097119580341207,1
0,0,0.4967467957095139,0
0,0,0.1994986674768576,0
0,1,0.6749974263683274,1
1,0,0.12801199932918014,1
1,1,0.7261020685157842,1
0,1,0.6640920338897516,1
0,1,0.8964459679636877,1
1,1,0.8212047563324211,1
1,1,0.8744481638908058,1
0,0,0.20168187991192513,0
0,1,0.5750810772488765,1
1,0,0.06755855676865165,1
0,1,0.6649989906915336,1
1,1,0.5235706622616942,0
0,0,0.4987544440564008,1
1,1,0.7773439719177905,0
0,0,0.3770709521414079,1
0,1,0.6658555400201983,1
0,1,0.8523502740867513,1
0,0,0.3542702436658497,1
0,1,0.505726309950613,0
0,1,0.6805443913509414,1
1,0,0.37669560505845234,1
0,0,0.2415850500118896,0
1,1,0.5168146801862822,1
1,1,0.6496622425159511,1
1,1,0.5804777506258293,0
1,0,0.406554386335876,1
0,1,0.5949806148683979,1
0,1,0.8972422922251404,1
1,1,0.5439153122959045,0
0,0,0.2312776292463923,0
1,0,0.44749340986656133,1
1,0,0.382334306953086,1
1,1,0.6172527802432155,1
1,1,0.6825294786769738,1
1,1,0.5305923970102193,1
1,1,0.9712370970175787,1
