y_true,y_pred,y_prob,sensitive_features
0,1,0.7089304194677153,0
1,1,0.7795967674545367,1
0,0,0.35258755698821076,0
1,1,0.7407162996055333,1
1,1,0.5815068360436314,1
1,1,0.7812904854350944,1
1,1,0.8252992030927992,1
1,1,0.9306980340426294,1
1,1,0.8137505920725224,1
0,1,0.6780378336856832,1
0,1,0.7980365835138356,1
0,1,0.6066338944495142,1
0,1,0.6120911190250791,0
1,1,0.6456405258232885,1
0,1,0.8042305937333168,1
1,1,0.6986951621764556,0
0,1,0.7726066751549068,1
1,1,0.8530892938845349,1
1,0,0.3998332704950148,0
1,1,0.7797954188254248,1
0,1,0.5678132809645562,0
0,1,0.5453337679631913,0
0,1,0.7722532923586719,1
1,1,0.6660434425580078,1
1,1,0.7990154049247115,1
1,0,0.3040634700237853,0
0,0,0.44593595619953824,1
0,1,0.810084679833341,1
1,1,0.8509825445553032,1
0,1,0.8798115075301368,1
1,1,0.8015985825623843,0
1,1,0.6227936041279208,1
1,1,0.7762493231237048,1
1,1,0.8954915531375713,1
0,0,0.3072340043021309,0
0,1,0.7391575227746476,1
0,1,0.8502494113220199,1
1,1,0.8068926023963217,0
1,1,0.5467027975744617,1
1,1,0.6306662705656407,1
1,1,0.6649503257857886,1
1,1,0.6728906117685497,1
1,0,0.34872432598370007,1
0,1,0.5149029192871312,1
0,1,0.9043968229608295,1
1,1,0.6915906309137592,1
1,1,0.7290308249333223,1
