y_true,y_pred,y_prob,sensitive_features
1,1,0.6520861854955142,1
1,1,0.7254875011353072,0
0,1,0.767457173614679,1
0,1,0.7269784805161071,1
0,1,0.48098887222011205,0
1,1,0.7069337051558808,1
0,1,0.5989471267172298,1
0,1,0.7433119094570616,1
1,1,0.9174212676454171,1
1,0,0.29304702443249814,1
0,1,0.681611887987684,1
1,1,0.6752693413635833,1
1,1,0.747612636868068,1
1,1,0.8263532475961494,0
1,1,0.6044193364978085,0
0,1,0.5301262452993875,1
1,1,0.7023507786362838,1
0,1,0.7200386868914321,1
1,1,0.7192815537991336,1
1,1,0.5694707889909911,1
1,1,0.6935580849939217,1
0,1,0.5113711630905662,0
0,1,0.4779933463052982,1
1,0,0.2556053292883446,0
0,1,0.853802605173877,1
0,1,0.6463571571241021,1
1,1,0.5860423919319159,1
0,1,0.6095069110458694,0
1,1,0.6260170655815798,1
1,1,0.8562934254797925,1
1,1,0.6974109377605434,1
1,1,0.7132591278372541,0
1,1,0.5562794692372103,1
0,1,0.7641927192296588,1
1,1,0.48904553878797574,1
1,1,0.6386916691238215,1
0,0,0.43024070739396497,1
0,1,0.6445265593032924,0
0,0,0.21843284845729216,0
1,1,0.4935615899203933,1
1,1,0.712067447750881,1
1,1,0.691236259460515,1
1,1,0.5350748318212916,1
1,0,0.2521181371536055,1
0,1,0.5,1
1,1,0.6454906914644957,1
0,1,0.7020233816404325,0
