y_true,y_pred,y_prob,sensitive_features
1,1,0.6782246230777319,1
1,1,0.6952735826472982,0
0,1,0.6867384173465836,1
0,1,0.6809585600725311,1
0,1,0.6158644984621059,0
1,1,0.7008473582651557,1
0,1,0.6534418113819175,1
0,1,0.6495795997838759,1
1,1,0.7535579203945347,1
1,1,0.6071069212420982,1
0,1,0.683356359533794,1
1,1,0.6737601939996066,1
1,1,0.6876877328153005,1
1,1,0.702445618678132,0
1,1,0.6644680691419493,0
0,0,0.5603115125118815,1
1,1,0.6812220309020808,1
0,1,0.6848141185689436,1
1,1,0.6644462743370828,1
1,1,0.6474339301066383,1
1,1,0.6950444379734404,1
0,1,0.6361931705048562,0
0,1,0.6329729356487968,1
1,0,0.5651726908888113,0
0,1,0.738526349850142,1
0,1,0.6793716930674248,1
1,1,0.6787709939798088,1
0,1,0.6445322652558412,0
1,1,0.6594945509454132,1
1,1,0.7052303025131268,1
1,1,0.6849555860322686,1
1,1,0.6669303413673519,0
1,1,0.6150012014566428,1
0,1,0.7197760999392021,1
1,1,0.601078775856618,1
1,1,0.6828728368781949,1
0,1,0.6462940067261772,1
0,1,0.6644378209158117,0
0,0,0.4667478804324897,0
1,1,0.633263160384697,1
1,1,0.7046829196793463,1
1,1,0.6611085933852673,1
1,1,0.6485249795664471,1
1,0,0.5891884867482666,1
0,1,0.6364954580662312,1
1,1,0.6840588052279069,1
0,1,0.6470733618990588,0
