y_true,y_pred,y_prob,sensitive_features
1,1,0.7416395366081753,1
0,1,0.6067412900718495,1
1,1,0.7417486094636154,1
0,0,0.509601688288192,0
1,1,0.6666242168225146,0
0,1,0.5374289141503895,0
1,1,0.5652123097072465,1
0,0,0.5218197530009632,1
0,1,0.6384032076230312,1
1,1,0.6950731307041039,1
1,1,0.7695422673163721,1
1,1,0.6442185121755601,1
1,1,0.6258151062050504,1
1,1,0.7628083087427503,1
1,1,0.7233990809976689,1
1,1,0.6386026995948948,1
1,1,0.7361498857203884,1
0,1,0.6313687061847395,1
1,1,0.646137916092134,1
1,0,0.48327406589937666,1
1,1,0.7172168701429683,1
1,1,0.6705161147947654,1
0,1,0.6434095769643388,1
0,1,0.7454152242673568,1
0,1,0.6042637009599617,0
0,1,0.6576791510811754,1
1,1,0.5316193746037159,0
1,1,0.6422968002399243,1
0,1,0.7222012198152556,1
1,1,0.6146212765745578,0
1,1,0.7097783285279138,1
0,1,0.6247994151037225,0
0,1,0.6528080530973613,1
1,1,0.7223599455419156,1
0,0,0.45176234500086093,0
0,1,0.6435310636071148,1
1,1,0.6693467261882342,1
1,1,0.6534878879003,1
0,1,0.6713179888214303,1
1,0,0.47067561001247793,0
1,1,0.6513554683446373,1
1,1,0.7249731508979811,0
1,0,0.5,1
0,1,0.7871699094099692,1
1,1,0.6125515583599831,1
0,1,0.6604241472321394,1
0,1,0.5694063936008811,0
