y_true,y_pred,y_prob,sensitive_features
1,1,0.7342122076492679,1
0,1,0.5878601863664724,1
1,1,0.5877390072337448,1
0,0,0.4687973402100659,0
1,1,0.523008271570268,0
0,0,0.4702612429953224,0
1,1,0.6098646308877964,1
0,0,0.4838689226480589,1
0,1,0.6806941201988234,1
1,1,0.61237272558808,1
1,1,0.6484030422898559,1
1,1,0.6312971536048215,1
1,1,0.528323065335699,1
1,1,0.6048862804603536,1
1,1,0.5955402070135901,1
1,1,0.5006052242053425,1
1,1,0.6431261136724183,1
0,1,0.8136976816178826,1
1,1,0.7884679686523719,1
1,0,0.4946930290981936,1
1,1,0.6876340679607182,1
1,1,0.9682057361463172,1
0,1,0.5136242936472707,1
0,1,0.6927307134066314,1
0,1,0.5210181381581162,0
0,1,0.6172279057740533,1
1,1,0.5063804455749891,0
1,1,0.5613091757291783,1
0,1,0.661090838784249,1
1,1,0.5166651368607044,0
1,1,0.6966255847199403,1
0,1,0.5042664316907055,0
0,1,0.5766066176780407,1
1,1,0.6821812816992064,1
0,0,0.3905685730237343,0
0,0,0.47984361458437336,1
1,1,0.5243394491957699,1
1,1,0.6967226117243701,1
0,1,0.6742479098632272,1
1,1,0.5025745567504689,0
1,1,0.6431497188383654,1
1,1,0.608199188273177,0
1,0,0.46825747393488126,1
0,1,0.5931449716711414,1
1,0,0.4452472384572283,1
0,1,0.5869535190869023,1
0,0,0.3412097481164961,0
