y_true,y_pred,y_prob,sensitive_features
1,1,0.8451204377250342,1
1,1,0.6566400485180361,1
0,0,0.23317184842251892,0
0,1,0.7255325032694692,1
1,1,0.8596914820282447,0
0,0,0.2922356876927501,0
1,1,0.9424712328828334,1
1,0,0.24209253224761498,0
0,0,0.3976802278351369,0
1,1,0.6490778433823483,1
1,1,0.5772878970914908,1
0,0,0.4107607419396135,1
1,1,0.9407641734695541,1
1,1,0.8986219278246382,1
1,1,0.5449505633611429,1
0,1,0.5604672844850079,1
1,1,0.7602899693812165,0
0,1,0.7900920290813223,1
0,0,0.3388541041659889,0
1,1,0.5479735039867528,1
0,1,0.7587512789019591,0
1,1,0.9558992086421125,1
1,1,0.7981888796731593,1
0,1,0.9362243247366664,1
1,0,0.10856342495368601,1
1,1,0.9839703540904923,1
0,1,0.5193169432253406,1
1,0,0.24009146096235903,1
1,1,0.9099089511893853,1
1,0,0.20771126814371665,1
0,1,0.8264365951911476,1
1,0,0.26819036692533194,1
0,1,0.7562000107514261,1
1,1,0.9120741804434114,0
0,0,0.46264555668873214,1
1,0,0.1268134159165443,1
0,1,0.7250973446644331,1
1,1,0.9007416806271037,1
1,0,0.44959468167118954,1
1,0,0.47968442550418816,1
1,0,0.05187945041200568,1
0,1,0.8838387014432505,1
0,1,0.9070324964946854,1
0,1,0.875578971044388,0
1,1,0.9656056135351926,0
0,0,0.4790402172288621,1
1,1,0.9106823604341417,1
