y_true,y_pred,y_prob,sensitive_features
0,1,0.6429503699568431,1
1,1,0.6865138845716774,1
1,1,0.5785192209749407,1
1,1,0.6078063478181451,1
1,1,0.6909464139066596,1
0,1,0.7453439255251768,1
1,1,0.8373336246357449,0
1,0,0.21956233026708644,0
0,1,0.5539904474754003,1
0,1,0.8102405827002302,0
0,1,0.8373383228910617,0
1,0,0.44088923028157395,1
0,1,0.6676079489468288,1
0,1,0.6065875677494702,1
0,0,0.4411554019713833,1
1,0,0.4734064363736455,1
1,1,0.8986902629093931,1
0,0,0.4945242945885006,1
1,1,0.7543779560820851,1
1,1,0.6026810672750822,1
0,0,0.4059816798154521,1
0,0,0.04487704184647046,0
1,0,0.2331423851332114,1
1,1,0.8486645327867475,1
1,1,0.8426506145631454,1
0,1,0.7291945420721254,1
0,0,0.49657506076787106,1
1,0,0.21707932236481475,1
1,1,0.8213376380802365,1
1,1,0.8151092114456818,1
1,1,0.637149195825691,1
1,0,0.3305554431872646,1
0,1,0.5396747480126981,0
1,1,0.8562544500833422,1
1,0,0.22626417525672185,1
0,0,0.2853207238011562,0
1,0,0.23437362101787407,1
1,0,0.4817201283826451,0
0,1,0.6763533891508146,1
0,0,0.07023650014304192,0
0,1,0.7617693809317935,1
1,0,0.4741802676479715,1
0,0,0.2761758279112849,1
1,1,0.6582966639960028,0
1,1,0.8382346365198504,1
1,1,0.5410731569814304,1
1,0,0.49074971541306583,0
