y_true,y_pred,y_prob,sensitive_features
1,1,0.6316051270252808,1
1,1,0.7077662680118156,1
1,1,0.8372880076396492,1
0,1,0.8603803625976236,1
1,1,0.8837884937928658,1
0,1,0.8621836111644444,1
0,1,0.7801697889652949,1
0,1,0.5544820807045505,0
0,1,0.8770846428741248,1
0,0,0.20065759001270567,0
1,1,0.45946174139930657,1
0,1,0.7429833510476036,1
1,1,0.9596920011990036,1
1,0,0.31339040880366137,0
0,1,0.6579595066110779,1
1,1,0.853524761375776,1
0,1,0.6624980002486058,1
1,1,0.4228463517735567,1
1,1,0.941352322613162,1
1,1,0.5386570068336999,0
0,1,0.803918962696348,1
0,1,0.580288987527428,1
1,1,0.7049900031920118,1
1,1,0.8921895347042441,1
1,1,0.7268048726661394,1
1,1,0.7814050592472167,1
1,0,0.16093925937460224,0
1,1,0.7584465576840758,0
1,1,0.788202610524504,1
1,1,0.812474789270792,1
0,1,0.7551639494178702,1
1,1,0.8029208873449699,1
1,1,0.6221054183720552,1
0,1,0.5,1
1,1,0.7762824319066526,1
1,1,0.6990231984629686,1
1,1,0.595117532923684,1
0,1,0.690919635713247,0
1,1,0.8668347543082834,0
0,0,0.0904432351731491,0
0,1,0.6969965494107219,1
0,1,0.7485326843992283,0
0,1,0.7627217164109205,0
1,1,0.7450807931517693,1
1,1,0.8521691852450382,1
0,1,0.6538513132674724,1
1,1,0.710642794503933,1
