y_true,y_pred,y_prob,sensitive_features
1,1,0.9871707192599936,1
1,1,0.9994729573851758,0
1,1,0.9905960306882027,1
1,0,0.3548717354544942,1
1,1,0.9114121934782242,1
1,0,0.20938750623643482,1
1,1,0.8122636826861716,1
1,0,0.4331632242458179,1
1,1,0.9498421019439018,1
0,1,0.662366247158416,0
0,0,0.17876512007671466,0
0,1,0.8009623768743321,1
1,0,0.027947489429384704,1
1,1,0.8746173884487255,1
0,0,0.4480515722521278,1
0,1,0.9680577592433967,1
1,1,0.9125510759427933,1
1,1,0.8857375455283822,1
0,0,0.18805221006302944,0
0,1,0.7119837991817297,1
1,0,0.10046172657507914,1
0,1,0.7076574961585863,1
1,0,0.29584497729434533,0
0,1,0.6164769494265495,1
1,1,0.9305785584369436,0
0,0,0.3283318953992411,1
0,1,0.6746622902648763,1
0,1,0.5177227049165919,1
0,0,0.34583251077379684,1
0,1,0.6732247022178973,0
0,1,0.794536379651047,1
1,0,0.18403078884163013,1
0,0,0.21427776569006504,0
1,1,0.6286748306476262,1
1,0,0.4148287826653056,1
1,1,0.6696778703938681,0
1,0,0.2527774549944898,1
0,1,0.727233591134129,1
0,1,0.9733474096892171,1
1,0,0.4880320112941827,0
0,0,0.1625202349351259,0
1,0,0.29215093438833056,1
1,1,0.5379756501141533,1
1,1,0.7704731721593856,1
1,1,0.8579446962396043,1
1,1,0.7159584663750024,1
1,1,0.9948402023955131,1
