y_true,y_pred,y_prob,sensitive_features
1,1,0.8097456312106591,1
1,1,0.9933006061925159,0
0,0,0.2848280969819193,1
0,1,0.7574057372855041,1
0,0,0.030871076255317254,0
1,1,0.9465930230956937,1
0,0,0.482569562407384,1
0,1,0.9504166210704684,1
1,1,0.947195891794005,1
1,0,0.13343331257566557,1
0,0,0.330523821435925,1
1,1,0.9258042365373222,1
1,1,0.6290043204340865,1
1,1,0.8732120418351892,0
1,1,0.6875790117433728,0
0,0,0.43467932493749495,1
1,1,0.824778929749159,1
0,1,0.6098237495671599,1
1,1,0.8810448040194199,1
1,0,0.2066427751883141,1
1,1,0.992554448099525,1
0,1,0.6664007333436417,0
0,0,0.23645343160343016,1
1,0,0.18315122309257875,0
0,1,0.6539484566229489,1
0,0,0.46067800086949356,1
1,1,0.6929589616144284,1
0,1,0.6452146182344463,0
1,1,0.9227633056004884,1
1,1,0.7610089308310528,1
1,0,0.1743218545050347,1
1,1,0.8555854956851342,0
1,0,0.42073897485142037,1
0,1,0.7626455914208382,1
1,1,0.5225507382428668,1
1,1,0.821002684766552,1
0,0,0.16679747575006074,1
0,0,0.22549633393987922,0
0,0,0.05216877664360014,0
1,1,0.890744375370429,1
1,1,0.9879932286646081,1
1,1,0.7676149923918512,1
1,1,0.797743564574087,1
1,0,0.04405946115066728,1
0,0,0.23104059754429945,1
1,1,0.7938290059979888,1
0,1,0.9654383252074453,0
