y_true,y_pred,y_prob,sensitive_features
0,0,0.40573249100224623,1
1,1,0.6864979363379483,1
0,0,0.42068674198215866,0
0,1,0.5456566014194275,1
1,1,0.5800763272491312,0
1,0,0.39380725776326897,1
1,1,0.5158212551634612,1
0,1,0.5639036521672347,1
1,1,0.6462738451121691,1
1,1,0.6262572174206409,1
1,1,0.6050150219730869,1
1,1,0.60299837111216,1
1,1,0.6170031833765129,1
1,1,0.5865521955339356,1
1,0,0.44780018177103953,0
0,0,0.4682309644424836,1
0,0,0.42671247743643964,0
0,1,0.6287431313306412,1
1,1,0.641824954835961,0
1,1,0.551346175188206,0
1,1,0.5638481369840738,0
0,0,0.38670289431261057,0
1,0,0.5055965146043435,1
1,1,0.5295699978244113,1
1,1,0.6842653418080776,1
0,0,0.41360973733521494,1
0,0,0.4794573775524181,0
1,1,0.5141580527064392,1
1,1,0.5836574681243188,1
1,0,0.4301775185789428,1
1,0,0.35839509945701276,1
0,1,0.5263833905294111,1
0,0,0.44821954164923433,0
0,1,0.6496468205026119,1
1,0,0.4241127082105743,1
0,1,0.6439870574785506,1
1,0,0.41591767737599455,1
1,1,0.588780804510449,1
0,1,0.6716530295711655,1
1,1,0.5515629180046848,1
0,1,0.5078893737833472,1
1,1,0.6473362990912941,1
1,1,0.5684334985146046,1
0,1,0.5897066012587066,1
1,0,0.40824220418362456,1
0,1,0.5164364911488608,1
0,0,0.3005370228558726,0
