y_true,y_pred,y_prob,sensitive_features
1,1,0.7190041505912748,1
1,1,0.6473421953687835,0
0,1,0.6582958507419617,1
0,1,0.6980832119569067,1
0,0,0.36615690765271,0
1,0,0.329753505265441,1
0,0,0.47946944228293764,1
0,0,0.461738493124452,1
1,1,0.9200031397321805,1
1,0,0.21194135012654897,1
0,1,0.6340856596940073,1
1,1,0.9129669582302423,1
1,1,0.6445630681172126,1
1,1,0.772165859274814,0
1,0,0.44827293929167394,0
0,0,0.25393269129513196,1
1,1,0.5959088996427121,1
0,1,0.5554830765947719,1
1,1,0.7399488484943482,1
1,1,0.7166420605185256,1
1,1,0.8827322199067704,1
0,0,0.3190152708256302,0
0,0,0.3241139068322793,1
1,1,0.667681825583216,0
0,1,0.7809439950836522,1
0,0,0.3259370309918255,1
1,1,0.5439937050594646,1
0,0,0.24658842276471094,0
1,1,0.6093328092666782,1
1,1,0.6713659172277442,1
1,0,0.2831760932203095,1
1,1,0.7880665231895422,0
1,1,0.605260703033896,1
0,1,0.7318186866024767,1
1,0,0.41249991748387566,1
1,1,0.8937826611968874,1
0,1,0.804194821117216,1
0,0,0.40840534438402504,0
0,0,0.16020834252148478,0
1,0,0.26969657184435253,1
1,1,0.7596887918355942,1
1,1,0.7847733256103872,1
1,1,0.7260824928677091,1
1,0,0.21867435957967118,1
0,1,0.7479641272655194,1
1,1,0.6422446156622013,1
0,1,0.5675019593395,0
