y_true,y_pred,y_prob,sensitive_features
1,1,0.6301053349805122,1
1,1,0.9971502765916852,0
0,0,0.2559943313236927,1
0,1,0.6412364232875521,1
0,0,0.07507306345569525,0
1,1,0.885271338418371,1
0,0,0.4986696990707593,1
0,1,0.9593516805729781,1
1,1,0.7163040312650801,1
1,0,0.12494739757129444,1
0,1,0.5868569907410056,1
1,1,0.9947363173829878,1
1,1,0.5891268249629986,1
1,1,0.8768294916551247,0
1,1,0.6156860670293826,0
0,0,0.3198256944560418,1
1,1,0.7365540184028232,1
0,0,0.3220457850121164,1
1,1,0.783297118329774,1
1,0,0.3480714982835772,1
1,1,0.9463827849366614,1
0,0,0.15680972419322803,0
0,0,0.48551446915028873,1
1,1,0.5359247573516822,0
0,1,0.7596098547142384,1
0,0,0.40875086840057734,1
1,1,0.5880740359225228,1
0,1,0.9132970047950899,0
1,0,0.46216189460391727,1
1,0,0.4869457148241446,1
1,0,0.29012243175927543,1
1,1,0.6462005886420238,0
1,1,0.8980440127560609,1
0,1,0.8824247575386202,1
1,1,0.5152347110595172,1
1,1,0.7286112704767866,1
0,0,0.2568273776289312,1
0,0,0.28843360111726574,0
0,0,0.114917925469253,0
1,1,0.5214022727756681,1
1,1,0.9697719298150833,1
1,1,0.9018097563779357,1
1,0,0.22591217957299656,1
1,0,0.04955234668494595,1
0,1,0.6706401869027124,1
1,1,0.92902689541047,1
0,1,0.9686420637856707,0
