y_true,y_pred,y_prob,sensitive_features
0,1,0.9539899866770204,0
1,1,0.9385967049563103,1
0,0,0.3968795037445955,0
1,1,0.9851969912164086,1
1,1,0.6961648106320781,1
1,1,0.958272392783677,1
1,1,0.8493404965053098,1
1,1,0.9878366853950362,1
1,1,0.9772092419242018,1
0,0,0.43620410807665,1
0,1,0.887728377001194,1
0,1,0.8368866127333013,1
0,1,0.9870218593117045,0
1,1,0.7576061386039604,1
0,1,0.9287285136612813,1
1,1,0.9839581804958989,0
0,0,0.12345862171879246,1
1,1,0.9784651178711508,1
1,0,0.40063437945926084,0
1,1,0.9932922359470014,1
0,1,0.9218638366895954,0
0,1,0.8415674184199878,0
0,1,0.8433471928197105,1
1,1,0.6186646945090584,1
1,1,0.847945507068873,1
1,1,0.6507440918345339,0
0,0,0.13963085958598526,1
0,1,0.7066869056874214,1
1,1,0.9905771504697175,1
0,1,0.9483193094407949,1
1,1,0.9951321934647388,0
1,0,0.34413090787114387,1
1,1,0.9222779955225705,1
1,1,0.9937315250437453,1
0,1,0.5319066351035664,0
0,1,0.5970533376064656,1
0,1,0.9898200352207782,1
1,1,0.9808405664543233,0
1,0,0.45405930982762066,1
1,1,0.5760149666129887,1
1,0,0.23437733429296984,1
1,1,0.918744989366774,1
1,0,0.03683365358999157,1
0,1,0.9684708555253584,1
0,1,0.9959632786369186,1
1,1,0.7167490536154871,1
1,1,0.9990295184292098,1
