y_true,y_pred,y_prob,sensitive_features
0,1,0.6519218924073796,0
1,1,0.6517557910704642,1
0,1,0.5806646454352206,0
1,1,0.6638478860558017,1
1,1,0.5585453444214339,1
1,1,0.5859062372615169,1
1,1,0.6810723976919004,1
1,1,0.808935460122541,1
1,1,0.7177804206616227,1
0,1,0.631269708247889,1
0,1,0.6998586877072444,1
0,1,0.5709769460601906,1
0,1,0.6225850031202048,0
1,1,0.5690664171487166,1
0,1,0.7344918717562547,1
1,1,0.6741515732979273,0
0,1,0.6649977906175026,1
1,1,0.6682100571871625,1
1,1,0.5655937187475506,0
1,1,0.7163958435023203,1
0,0,0.5391640273758919,0
0,1,0.5770460006245295,0
0,1,0.6596193411629213,1
1,1,0.6349818169179697,1
1,1,0.6313194444481812,1
1,1,0.6144810029712335,0
0,0,0.469221446907243,1
0,1,0.6659837255213921,1
1,1,0.707553846343896,1
0,1,0.731308120964552,1
1,1,0.6764496746026157,0
1,1,0.6080291571556115,1
1,1,0.7228653057599045,1
1,1,0.7082743088588198,1
0,1,0.6486338589733733,0
0,1,0.6349165939500493,1
0,1,0.7125349652270869,1
1,1,0.7462245807241781,0
1,0,0.538950351246941,1
1,0,0.512295312709603,1
1,0,0.5,1
1,1,0.6871730469744085,1
1,0,0.40187086399618144,1
0,0,0.47521732596886734,1
0,1,0.719758987100599,1
1,1,0.6379559764386669,1
1,1,0.678675676920673,1
