y_true,y_pred,y_prob,sensitive_features
1,1,0.9933900718653749,1
1,1,0.966192550960489,0
0,0,0.03523484691247053,1
0,0,0.1333333528204225,1
0,0,0.12837873502581798,0
1,0,0.07728653996210477,1
0,0,0.49334692908878747,1
0,0,0.06197960737902951,1
1,1,0.9910583522727235,1
1,1,0.5959870488798897,1
0,0,0.0311037427854165,1
1,1,0.8293492877621005,1
1,1,0.7516818387089275,1
1,1,0.9826130808479407,0
1,1,0.9584543337699055,0
0,1,0.5988275492114938,1
1,1,0.7442086313835009,1
0,1,0.6580145395619488,1
1,1,0.9736976250643766,1
1,0,0.3409758515112955,1
1,1,0.9986956201471502,1
0,0,0.10113677653917424,0
0,1,0.5962657132768114,1
1,0,0.05158914082462134,0
0,1,0.5841714481640482,1
0,1,0.9839122360459108,1
1,0,0.09580177548738432,1
0,0,0.46017456575092625,0
1,0,0.13546171312581398,1
1,0,0.3112771677214258,1
1,1,0.6690301352963794,1
1,1,0.9631612329118812,0
1,0,0.08056008832099032,1
0,1,0.7900941436098057,1
1,0,0.06949262340576502,1
1,1,0.655218555287982,1
0,1,0.5501388380271229,1
0,0,0.26405752605595306,0
0,0,0.060557432591062554,0
1,0,0.18260359162489134,1
1,1,0.9832206166181032,1
1,0,0.43113663947119607,1
1,0,0.07743579828741763,1
1,0,0.00935496673957015,1
0,1,0.7930016238118156,1
1,1,0.9810371457789953,1
0,0,0.07439932877127854,0
