y_true,y_pred,y_prob,sensitive_features
1,1,0.685649880419609,1
1,0,0.5386869703777157,1
0,1,0.6285143236761729,0
0,1,0.6326559786555336,1
1,1,0.5742575383515713,0
0,0,0.4649027449871951,0
1,1,0.6563052908796371,1
1,0,0.5614646704082815,0
0,0,0.49395033022332097,0
1,1,0.6928730789578701,1
1,1,0.7198637895763551,1
0,1,0.6568321596189874,1
1,1,0.6761944459311534,1
1,1,0.6321484272082412,1
1,1,0.5661648418157094,1
0,1,0.5647610568095144,1
1,1,0.7180307148843679,0
0,1,0.63843471711985,1
0,0,0.5290072149300178,0
1,1,0.5842853670885837,1
0,0,0.43081213993112455,0
1,1,0.6932725162108879,1
1,1,0.6515752552144706,1
0,1,0.6868549137373132,1
1,1,0.6483896900621534,1
1,1,0.7181335894656576,1
0,1,0.6473981713667065,1
1,1,0.6571450351444106,1
1,1,0.6336362057244427,1
1,0,0.5260874621240702,1
0,1,0.6814514705406537,1
1,0,0.48925383498077557,1
0,1,0.6097187848556296,1
1,1,0.6624052168563328,0
0,0,0.5357430761630553,1
1,0,0.47878279037031957,1
0,1,0.6486155001359928,1
1,1,0.7158080690010755,1
1,1,0.6425330964913787,1
1,1,0.6500727356462499,1
1,0,0.5,1
0,1,0.6682616333573889,1
0,1,0.7418803421231674,1
0,1,0.6399975051634118,0
1,1,0.5867236112486182,0
0,1,0.694145324954329,1
1,1,0.6868652512501767,1
