y_true,y_pred,y_prob,sensitive_features
1,1,0.5747589615622092,1
1,1,0.5864026764715821,1
1,1,0.9289348298945832,1
0,1,0.6471531870152198,1
1,1,0.6503553187708797,1
0,1,0.6420968409018771,1
0,1,0.6168067250633363,1
0,0,0.44748864359156204,0
0,1,0.6859682465252427,1
0,0,0.31938552901970946,0
1,1,0.5129005541712746,1
0,0,0.4329045116052651,1
1,1,0.9304477254272724,1
1,0,0.42268206498188127,0
0,1,0.5122042057607188,1
1,1,0.745105473050732,1
0,1,0.6592084099737853,1
1,1,0.5591962966007493,1
1,1,0.7206406347489025,1
1,1,0.8645017588045208,0
0,1,0.7684268081777911,1
0,0,0.3561500283589183,1
1,1,0.6921955381033433,1
1,1,0.698673155152789,1
1,1,0.7477731087764992,1
1,1,0.8423714783493716,1
1,0,0.31671893953086916,0
1,1,0.9158218240210396,0
1,1,0.5175643493616668,1
1,1,0.6115595818000915,1
0,1,0.6131847766851329,1
1,1,0.8981672764316162,1
1,1,0.5598945509705292,1
0,0,0.3419219538174655,1
1,1,0.553619195816689,1
1,1,0.5492207998013635,1
1,1,0.5943980927150619,1
0,1,0.6428361352311912,0
1,1,0.98016817539762,0
0,0,0.23025752306455613,0
0,0,0.3633800234376583,1
0,1,0.7199281713509272,0
0,1,0.6605094125227272,0
1,0,0.4635741286512339,1
1,1,0.7379938282691442,1
0,0,0.13269838944736256,1
1,1,0.6932771366153416,1
