y_true,y_pred,y_prob,sensitive_features
0,1,0.6079132082555448,0
1,1,0.5584442513147787,1
0,1,0.5544872658511206,0
1,1,0.5316816001174066,1
1,0,0.45316982400655725,1
1,1,0.6454581509748429,1
1,1,0.6295236904867153,1
1,1,0.7363426339713541,1
1,1,0.6008661913601956,1
0,0,0.4660235631533972,1
0,1,0.6159805526458146,1
0,0,0.5,1
0,1,0.6017160232122634,0
1,0,0.5,1
0,1,0.6037844599957759,1
1,1,0.678362570958859,0
0,1,0.5671355966367169,1
1,1,0.6097733102438657,1
1,0,0.5190942016259472,0
1,1,0.5761056602534346,1
0,0,0.5183919126203291,0
0,0,0.505405144463946,0
0,1,0.6168155451861111,1
1,1,0.5705739012480302,1
1,1,0.546980767189267,1
1,1,0.5417068365901465,0
0,0,0.42888733974322896,1
0,1,0.5441285905822522,1
1,1,0.6558449543706042,1
0,1,0.6115846483458017,1
1,1,0.6193030508020493,0
1,0,0.5132509314331557,1
1,1,0.6034088377367428,1
1,1,0.6447200640188092,1
0,1,0.5824267651131659,0
0,1,0.5457821122214342,1
0,1,0.6395908967066851,1
1,1,0.7037088913016253,0
1,0,0.43141415217974277,1
1,0,0.456747649582981,1
1,0,0.5187178778385806,1
1,1,0.5984824644936017,1
1,0,0.3672696728012696,1
0,0,0.4415340672792243,1
0,1,0.693154727552206,1
1,0,0.5228508642586266,1
1,1,0.6349409393902887,1
