y_true,y_pred,y_prob,sensitive_features
1,1,0.5605769359207082,1
1,0,0.5274953992686512,1
1,1,0.6058264991154974,1
0,1,0.5846269515707894,1
1,1,0.5663145233284506,1
0,1,0.5748396485563713,1
0,1,0.5530516687365536,1
0,1,0.5898934116677577,0
0,0,0.5407719669428249,1
0,0,0.511971608158441,0
1,1,0.57610816456272,1
0,0,0.5274327631171734,1
1,1,0.647099263795901,1
1,0,0.5181238021742482,0
0,0,0.5162099887485748,1
1,1,0.5852080971372955,1
0,1,0.5650043901295273,1
1,1,0.5525325772026088,1
1,1,0.5955396098616881,1
1,1,0.6143366445286187,0
0,1,0.596737392137202,1
0,0,0.5097760153388196,1
1,1,0.5549236875188174,1
1,1,0.5805035972439623,1
1,1,0.5745273973189062,1
1,1,0.5686571903244533,1
1,0,0.5085177652123191,0
1,1,0.6162372839547277,0
1,0,0.5,1
1,1,0.5712086769696036,1
0,0,0.5318031849687712,1
1,0,0.5416605370638722,1
1,0,0.5,1
0,0,0.48227224784781747,1
1,1,0.5687870780508949,1
1,1,0.575363801952763,1
1,0,0.4931193457410487,1
0,1,0.5936474502904944,0
1,1,0.5973501783228816,0
0,0,0.4493099490611676,0
0,0,0.5390156159967883,1
0,1,0.6190073864320492,0
0,1,0.6216007084322962,0
1,0,0.5418583130564685,1
1,1,0.5912361348516086,1
0,1,0.5512761152183672,1
1,1,0.5711048142066937,1
