y_true,y_pred,y_prob,sensitive_features
1,0,0.49024981306259263,1
1,1,0.5240291418863798,1
1,1,0.6168067866401996,1
0,1,0.960068851052817,1
1,0,0.37767349303970854,1
0,1,0.57969936595064,1
0,1,0.6339233636020309,1
0,1,0.6386000221872882,0
0,1,0.5187504371708537,1
0,0,0.37264216956213236,0
1,0,0.18263657545286374,1
0,1,0.7252974819158902,1
1,1,0.8512566454218556,1
1,0,0.28172006103703867,0
0,0,0.2684805518171904,1
1,1,0.9451849106440727,1
0,1,0.7170765824520935,1
1,0,0.1456163407712001,1
1,1,0.9912342345015552,1
1,1,0.6695301203086377,0
0,1,0.6140209989401415,1
0,0,0.3557552169710671,1
1,1,0.5862592726496821,1
1,1,0.6119560027079026,1
1,1,0.6233115145301543,1
1,1,0.6874375747636737,1
1,1,0.5630860232637088,0
1,0,0.459526776808581,0
1,1,0.8228296977935213,1
1,1,0.6875893086785813,1
0,1,0.6688562100006294,1
1,1,0.7448121222954853,1
1,0,0.46952355467748996,1
0,0,0.4387119858412829,1
1,1,0.6331330872039513,1
1,1,0.8640035859295685,1
1,0,0.4886035072906303,1
0,1,0.8410246200030211,0
1,1,0.7909852354568909,0
0,0,0.18660960091322304,0
0,1,0.7709709668313691,1
0,1,0.6997164062094657,0
0,1,0.6315882473105473,0
1,1,0.567163225020079,1
1,0,0.4955944291639615,1
0,1,0.8412357503190353,1
1,1,0.6030931782252965,1
