y_true,y_pred,y_prob,sensitive_features
0,1,0.6089324209809535,1
1,1,0.8678422185050428,1
0,0,0.2714211376436608,0
0,0,0.46052625411347636,1
1,1,0.7008052788151117,0
1,0,0.46264788883763625,1
1,1,0.8757715230414548,1
0,1,0.7826290766742039,1
1,1,0.785901154097659,1
1,1,0.7438770443545216,1
1,1,0.803382615126668,1
1,1,0.896954989000452,1
1,1,0.899154383851694,1
1,1,0.7160271229791669,1
1,1,0.5574319246100801,0
0,1,0.840583707782305,1
0,0,0.44063644179815364,0
0,1,0.7220331187011807,1
1,1,0.7599612386964227,0
1,0,0.4664508115549999,0
1,1,0.5086272324921789,0
0,0,0.1273929226047931,0
1,1,0.7120100025366415,1
1,1,0.6624207207727408,1
1,1,0.7835498956748046,1
0,1,0.5405822069275941,1
0,1,0.7455811250649381,0
1,1,0.7033667187203977,1
1,1,0.7157235830761994,1
1,1,0.7287821223227114,1
1,1,0.6358138708520861,1
0,1,0.8667301644246371,1
0,1,0.5,0
0,1,0.8314087919009051,1
1,1,0.6394530468137007,1
0,1,0.7649698472377887,1
1,1,0.6555845403261651,1
1,1,0.6176445569722667,1
0,1,0.8653385528704197,1
1,1,0.7396604026280759,1
0,1,0.7460521532661132,1
1,1,0.8953854012717157,1
1,1,0.7419836079511329,1
0,1,0.7490527534929591,1
1,1,0.6988733972520547,1
0,1,0.5808418215784168,1
0,0,0.3921079135809052,0
