y_true,y_pred,y_prob,sensitive_features
0,0,0.3788168361248703,0
1,0,0.4724357064781564,1
1,1,0.862915441588369,1
1,0,0.3407851820588841,1
0,0,0.493171600400447,1
1,1,0.9774047760187924,1
0,1,0.7032410299624635,1
0,0,0.3517655338307057,1
1,0,0.30751498444671416,1
0,1,0.7257242090766718,0
0,0,0.4811828756292264,1
0,1,0.6571701133585363,1
1,1,0.8262707660495306,1
1,1,0.5677502290351077,1
1,1,0.7057138764978514,1
1,1,0.6080048909969803,1
0,0,0.3830457977623266,1
1,1,0.5400383077866375,1
0,0,0.21396293092161858,0
1,1,0.8440745664155374,1
0,0,0.36667858070084974,1
1,1,0.6836799938541441,0
0,0,0.47893680899123725,1
0,1,0.5246857529645993,1
1,0,0.4547485128706664,0
1,1,0.5644529938540945,1
0,1,0.7638237220617983,1
1,0,0.27814473003746837,1
1,1,0.6415068672179838,1
0,0,0.3419564421969354,0
0,1,0.5697664014387229,0
1,1,0.8732037690926546,1
1,1,0.6504635623097119,1
0,1,0.583545343749602,1
0,1,0.6285827385556563,1
1,0,0.3874725119710787,1
0,0,0.3974345747434491,1
1,0,0.4275837624263506,1
1,0,0.42918740215506646,1
0,0,0.288050357111498,0
1,0,0.47956536925049437,1
1,0,0.4024198251782504,0
1,0,0.3680675313194595,1
1,1,0.5556394674731675,1
1,1,0.8505960707940852,1
1,1,0.9834885203312543,0
1,1,0.5853291566089419,0
