y_true,y_pred,y_prob,sensitive_features
1,1,0.5938092506890137,1
1,1,0.9589401532315055,0
0,0,0.32010192743732835,1
0,0,0.4289030168258445,1
0,0,0.35622147074754895,0
1,1,0.5736643622380908,1
0,1,0.5551523396328337,1
0,0,0.3692245106926431,1
1,1,0.860300538446338,1
1,0,0.23035560443892955,1
0,0,0.1857979052075778,1
1,0,0.3803528936623308,1
1,1,0.5926733335711838,1
1,1,0.9334410246413546,0
1,0,0.48181610236138156,0
0,0,0.21570171666274954,1
1,1,0.7529118431227327,1
0,0,0.41072820227508605,1
1,1,0.6829953570577518,1
1,0,0.3539287874500236,1
1,1,0.8856912289307542,1
0,0,0.25955291303831296,0
0,1,0.6495721405142478,1
1,0,0.3162129545557562,0
0,1,0.7010915012502915,1
0,0,0.40478545882716316,1
1,1,0.5981905380690132,1
0,0,0.16534494853867548,0
1,0,0.3679152569947871,1
1,1,0.5069387543255753,1
1,0,0.22526517368682522,1
1,1,0.7294670384295282,0
1,0,0.31604334514892896,1
0,0,0.47580014607640136,1
1,1,0.5165240274116285,1
1,1,0.618662072649527,1
0,0,0.15281699304381258,1
0,0,0.45080011429705213,0
0,0,0.31841631335071746,0
1,0,0.40475627717403034,1
1,1,0.8607453378926796,1
1,0,0.42838281732501904,1
1,0,0.4669269042785511,1
1,0,0.3012983369778641,1
0,0,0.4534283794586612,1
1,1,0.5731117864157527,1
0,1,0.6053829858270443,0
