y_true,y_pred,y_prob,sensitive_features
1,1,0.7426373519962262,1
1,1,0.7356853013256925,1
1,1,0.9078339783988442,1
0,1,0.7658901865485155,1
1,1,0.6939482157734578,1
0,1,0.8635328411220546,1
0,1,0.6990257126807478,1
0,1,0.4832380337082579,0
0,1,0.744014413964702,1
0,0,0.22560864257338806,0
1,1,0.8007438614458773,1
0,1,0.5,1
1,1,0.9457026095921599,1
1,0,0.1638409190830939,0
0,1,0.46532021463405543,1
1,1,0.6946133155010671,1
0,1,0.8364320441339715,1
1,1,0.5324141260274645,1
1,1,0.7258220930913051,1
1,1,0.8895106217548849,0
0,1,0.8416334080129153,1
0,0,0.34075505525331434,1
1,1,0.7683062657310868,1
1,1,0.7275701301275813,1
1,1,0.6473860031447027,1
1,1,0.7345217055215989,1
1,0,0.15011623145742045,0
1,1,0.8495493513507553,0
1,0,0.2825850016731308,1
1,1,0.7845909302823255,1
0,1,0.8263788517563457,1
1,1,0.44797371961960275,1
1,1,0.735638487947822,1
0,1,0.5160732551999895,1
1,1,0.6357223355055612,1
1,1,0.6888224200964441,1
1,0,0.42264660470243176,1
0,1,0.7185408604997651,0
1,1,0.7187402032128045,0
0,0,0.07545362479619538,0
0,1,0.48625944432509666,1
0,1,0.7226877543829503,0
0,1,0.7938801827313864,0
1,1,0.6631476230179252,1
1,1,0.6633304727165892,1
0,1,0.6510334858582834,1
1,1,0.6744598746082764,1
