y_true,y_pred,y_prob,sensitive_features
1,1,0.7990835839074706,1
0,1,0.7140005775683679,1
1,1,0.7881799548295328,1
0,0,0.33602833328236303,0
1,0,0.1740388133845933,0
0,1,0.3973257936102596,0
1,1,0.6345345660979715,1
0,0,0.33362476397773994,1
0,1,0.7860873740186685,1
1,1,0.7070001029622204,1
1,1,0.9475044905911788,1
1,1,0.703081980710071,1
1,1,0.701401072063326,1
1,1,0.7408375791081737,1
1,1,0.8715607592863797,1
1,1,0.5770048562383152,1
1,1,0.7421048329687358,1
0,1,0.683840316080717,1
1,1,0.7614817653441049,1
1,1,0.48430663556877834,1
1,1,0.8090757378788831,1
1,1,0.9403655656548505,1
0,1,0.531682936684715,1
0,1,0.802820058018895,1
0,0,0.3331500303488183,0
0,1,0.7935834266932766,1
1,0,0.30776826434173166,0
1,1,0.7063153226760699,1
0,1,0.7756760156267164,1
1,1,0.5643630577449448,0
1,1,0.8492952928924561,1
0,0,0.21979745853552604,0
0,1,0.6017330144839456,1
1,1,0.8225724863168579,1
0,0,0.10416284034082851,0
0,1,0.42736550763424497,1
1,1,0.6550529313574817,1
1,1,0.8269994583175261,1
0,1,0.8622491465032469,1
1,0,0.17485430148737943,0
1,1,0.8648814067985133,1
1,1,0.5566637228589668,0
1,0,0.3454038307411163,1
0,1,0.7731286980356149,1
1,1,0.6250732727205162,1
0,1,0.6347487338092364,1
0,0,0.0692786296228272,0
