y_true,y_pred,y_prob,sensitive_features
0,1,0.6736208628433309,1
1,1,0.6467309753968884,1
1,1,0.560530372971134,1
1,1,0.6739720141812579,1
1,1,0.6254090561762831,1
0,0,0.529970689739733,1
1,1,0.6058850038129812,0
1,1,0.6613890737632004,0
0,1,0.6064893892642368,1
0,0,0.4516489180717049,0
0,1,0.6426518580884871,0
1,1,0.6552276027200631,1
0,1,0.5674567104492413,1
0,0,0.5436999574144646,1
0,1,0.5780441910429248,1
1,1,0.6586670027178583,1
1,1,0.6745006206159028,1
0,1,0.5635621147600902,1
1,0,0.4804813665781292,1
1,0,0.5284952409153305,1
0,1,0.6480341226123641,1
0,1,0.6181142361564954,0
1,1,0.5985013208551834,1
1,1,0.6039788458722679,1
1,0,0.4847767548178805,1
0,1,0.6404215477864383,1
0,1,0.5683983174855205,1
1,1,0.6193648634623274,1
1,1,0.6337538653671914,1
1,1,0.5661483737626651,1
1,1,0.7013850566027467,1
1,1,0.6279180005671681,1
0,1,0.5505445783597229,0
1,1,0.5863992244516452,1
1,0,0.5364465542982112,1
0,0,0.5425111022639577,0
1,1,0.5842903198269788,1
1,0,0.5406668191416114,0
0,1,0.6596761015184974,1
0,1,0.5896721953193641,0
0,0,0.5,1
1,1,0.6727393180688092,1
0,1,0.6634024806174255,1
1,1,0.635097156651367,0
1,1,0.5655282687585195,1
1,1,0.6611255858353479,1
1,1,0.6687944231074103,0
