y_true,y_pred,y_prob,sensitive_features
0,1,0.5652614298525455,1
1,1,0.5851686569607535,1
0,0,0.3639098105355776,0
0,1,0.5730551281118584,1
1,1,0.690151762601053,0
1,1,0.5326966873702063,1
1,1,0.5810827646889446,1
0,1,0.6119182857501614,1
1,1,0.554422199888477,1
1,1,0.55198595772367,1
1,1,0.8038518788873047,1
1,0,0.48415375342559963,1
1,1,0.5269665795013808,1
1,0,0.46704494382944467,1
1,0,0.4286850341668274,0
0,1,0.5336616975074685,1
0,0,0.39790847615303,0
0,1,0.5133823878756789,1
1,0,0.402540935669149,0
1,0,0.38594075395241995,0
1,0,0.34272466976076255,0
0,0,0.44725401132006326,0
1,1,0.6011754072263354,1
1,1,0.5588126123498036,1
1,1,0.6074558280642424,1
0,0,0.4963205382148728,1
0,1,0.7358927537440642,0
1,1,0.5568839512179592,1
1,1,0.6043653492948715,1
1,0,0.4880631593350514,1
1,1,0.5872269564286434,1
0,1,0.6316128475387237,1
0,0,0.4895807063064122,0
0,1,0.6846252907283157,1
1,1,0.5626921758555541,1
0,1,0.8165339590722579,1
1,1,0.5549770062489684,1
1,1,0.6012744076036393,1
0,1,0.5976341271135236,1
1,1,0.782679728578608,1
0,1,0.5164628913430922,1
1,1,0.543317706807784,1
1,1,0.82679633095809,1
0,1,0.6819444515491528,1
1,1,0.5211919729466362,1
0,0,0.4841291923244686,1
0,0,0.2840261313758097,0
