y_true,y_pred,y_prob,sensitive_features
0,0,0.4748140169148219,1
1,1,0.529369791568874,1
0,1,0.5,0
0,0,0.46827859259218413,1
1,1,0.5270293787484625,0
1,0,0.5,1
1,0,0.4936421131535593,1
0,0,0.5,1
1,0,0.4933763869753779,1
1,1,0.5257293533635898,1
1,1,0.5,1
1,1,0.5,1
1,1,0.5448080583349618,1
1,1,0.5067735229803594,1
1,1,0.5155366771338517,0
0,0,0.5,1
0,1,0.5212252802097226,0
0,0,0.4842611273412571,1
1,1,0.514278946757599,0
1,0,0.4779912666386988,0
1,1,0.5078967951120856,0
0,0,0.4729090535077274,0
1,0,0.4925083961130069,1
1,0,0.5,1
1,1,0.531860798464141,1
0,0,0.47396053517682846,1
0,1,0.522230458025741,0
1,0,0.4930036499138099,1
1,1,0.51093907103861,1
1,0,0.4938724893690872,1
1,0,0.46043722277396093,1
0,0,0.48412880481908144,1
0,0,0.4814966473313903,0
0,1,0.5178569592078209,1
1,0,0.5,1
0,1,0.5082838990894036,1
1,1,0.5097998397561058,1
1,0,0.49353666133389656,1
0,1,0.5297714988138235,1
1,1,0.5060823560995923,1
0,0,0.4900760451887054,1
1,1,0.5253491304173216,1
1,1,0.5,1
0,1,0.5,1
1,0,0.4908849192076318,1
0,0,0.5,1
0,0,0.4794287827498951,0
