y_true,y_pred,y_prob,sensitive_features
0,1,0.5930089569029231,0
1,0,0.5559285053858437,1
1,1,0.6113294393884156,1
1,1,0.6327245975217611,1
0,1,0.5843786193742159,1
1,1,0.5903722998894936,1
0,0,0.5432025561796753,1
0,0,0.5548060598640363,1
1,1,0.5688030383395509,1
0,1,0.5657925386469735,0
0,0,0.5098254132374744,1
0,1,0.5874301204239908,1
1,1,0.6274553913576492,1
1,1,0.6159813307319596,1
1,0,0.5175074840715135,1
1,1,0.6372971672476336,1
0,1,0.6291530210531477,1
1,1,0.5824752720277101,1
0,0,0.5,0
1,1,0.6347067438690107,1
0,0,0.5170988356590909,1
1,1,0.6296632776965576,0
0,1,0.6023290215641517,1
0,1,0.6278548893989403,1
1,1,0.6404757866421809,0
1,1,0.5758646024099409,1
0,1,0.622402637019678,1
1,1,0.6280269478483018,1
1,1,0.6235147724596464,1
0,1,0.6032787892012453,0
0,0,0.5408939024857544,0
1,1,0.6282428362855907,1
1,1,0.6250192918581035,1
0,1,0.6000123572847139,1
0,1,0.5690531347468991,1
1,1,0.56966466320301,1
0,1,0.5892177497455863,1
1,1,0.6295933198156354,1
1,1,0.6356456326964031,1
0,1,0.6092963121121043,0
1,1,0.597653554733932,1
1,1,0.6289368166671876,0
1,0,0.5583103446049182,1
1,1,0.6125534674252988,1
1,1,0.6239087147389174,1
1,1,0.5883512831319873,0
1,1,0.6365655028149817,0
