y_true,y_pred,y_prob,sensitive_features
1,1,0.6919772611662458,1
1,0,0.3528964717291209,1
0,1,0.6492599806454705,0
0,1,0.7070716732554899,1
1,0,0.42569466778688403,0
0,0,0.28052942357708016,0
1,1,0.582723368396434,1
1,0,0.4059813474832576,0
0,0,0.38563565904672575,0
1,1,0.8100404329390849,1
1,1,0.8317117908516555,1
0,1,0.6804815588524701,1
1,1,0.7734131745177676,1
1,1,0.5673075061220952,1
1,1,0.6469957879913936,1
0,0,0.4883179521431437,1
1,1,0.8285746666340718,0
0,1,0.6076879523177913,1
0,0,0.4471515544224005,0
1,0,0.5076147987923504,1
0,0,0.24366213272267753,0
1,1,0.7361628327370993,1
1,1,0.6004620461074437,1
0,1,0.8320781322956331,1
1,0,0.3663600656564457,1
1,1,0.8651976839652826,1
0,1,0.5698173946125834,1
1,1,0.7298887756576736,1
1,1,0.6221637947821131,1
1,1,0.5948991441849456,1
0,1,0.6805747492774595,1
1,0,0.3032663637087818,1
0,1,0.6446373031402993,1
1,1,0.7470753527690006,0
0,0,0.3344573370852915,1
1,0,0.3328936061444339,1
0,1,0.6858233829694825,1
1,1,0.814829832528011,1
1,1,0.6172306010918615,1
1,1,0.6214859844059316,1
1,0,0.2928264629738292,1
0,1,0.6464214727519437,1
0,1,0.6978420370185795,1
0,1,0.7376741900731529,0
1,1,0.5552354177179896,0
0,1,0.8245587577165115,1
1,1,0.6995361632552722,1
