y_true,y_pred,y_prob,sensitive_features
1,1,0.6867004274797444,1
1,1,0.7328209784185733,0
0,1,0.7297910141368541,1
0,1,0.7864220879994755,1
0,0,0.3214900904570727,0
1,1,0.7281356483027338,1
0,1,0.5439155466234459,1
0,1,0.6298305290494356,1
1,1,0.9047167571099975,1
1,0,0.36055593833569366,1
0,1,0.5208576118854251,1
1,1,0.6525635168842701,1
1,1,0.7203304155395311,1
1,1,0.7500013827547416,0
1,1,0.5765666694620062,0
0,0,0.41145689408795444,1
1,1,0.6749314083832165,1
0,1,0.695933397695955,1
1,1,0.598158490777962,1
1,1,0.6116479798777733,1
1,1,0.6310804110000697,1
0,0,0.217361983163756,0
0,0,0.44136691802094247,1
1,0,0.3942077379567207,0
0,1,0.8003702662815005,1
0,1,0.7009635019159703,1
1,1,0.5828347856398376,1
0,0,0.35941813962398295,0
1,1,0.6194031970492554,1
1,1,0.7927418532721808,1
1,1,0.6012389952751931,1
1,1,0.6926045239042868,0
1,1,0.5608150667862208,1
0,1,0.75041389470425,1
1,1,0.48692146807860553,1
1,1,0.6361945051989819,1
0,0,0.3326915749111468,1
0,0,0.4452905859774017,0
0,0,0.22469456194542964,0
1,0,0.415356607835912,1
1,1,0.7942287556004881,1
1,1,0.6665741031202359,1
1,1,0.5820836345385542,1
1,0,0.25610017254083844,1
0,1,0.5843778699802683,1
1,1,0.7087596537564818,1
0,1,0.6289055378586513,0
