y_true,y_pred,y_prob,sensitive_features
1,1,0.9906420788769806,1
1,1,0.9946119472384468,0
1,1,0.9235288168727923,1
1,1,0.9128842925647007,1
1,1,0.7127588238057853,1
1,0,0.1839035020803522,1
1,1,0.8356192148892877,1
1,0,0.1517497751865766,1
1,1,0.9624409541988174,1
0,1,0.793695539683785,0
0,0,0.1583513400374452,0
0,1,0.8381263977733205,1
1,0,0.1296896779482394,1
1,1,0.9136589674169419,1
0,1,0.719014295554638,1
0,1,0.9900603444840141,1
1,1,0.6401905743672957,1
1,1,0.784107118157688,1
0,0,0.38737362496182093,0
0,0,0.16231943948433902,1
1,0,0.15748879965369988,1
0,1,0.8991641802244464,1
1,1,0.8158667697171063,0
0,1,0.7906668599914992,1
1,1,0.8830142682871052,0
0,0,0.45519969138693567,1
0,1,0.6223948162461497,1
0,0,0.3639683120154858,1
0,1,0.5684279287295495,1
0,1,0.6549663450392411,0
0,1,0.8968721236930153,1
1,0,0.2627704378993946,1
0,1,0.5010754377404785,0
1,1,0.626332244844995,1
1,1,0.9117890240075219,1
1,0,0.21860881651900357,0
1,1,0.7877640424282736,1
0,0,0.40425542141285237,1
0,1,0.9896665958189689,1
1,1,0.8328040404516055,0
0,0,0.21711606114479942,0
1,0,0.32813422669523645,1
1,1,0.5097762560867982,1
1,0,0.09075263434322582,1
1,1,0.8828133022459747,1
1,1,0.9602890979073462,1
1,1,0.9940785360192639,1
