y_true,y_pred,y_prob,sensitive_features
1,1,0.8012421106404455,1
1,1,0.6346149910225731,0
1,1,0.6971383730613905,1
1,0,0.5151196343760452,1
1,1,0.6870069442098979,1
1,0,0.5105270957363597,1
1,1,0.6586235024101488,1
1,0,0.4451931222803942,1
1,1,0.6240114432986616,1
0,1,0.5974624831292327,0
0,0,0.4002941482994282,0
0,0,0.5229551567853868,1
1,1,0.5923604886093865,1
1,1,0.6452609659446221,1
0,1,0.5590100284831526,1
0,1,0.7009988104639774,1
1,1,0.657392164327021,1
1,1,0.6978994252172891,1
0,0,0.3429597494597663,0
0,1,0.5580296335286022,1
1,0,0.40936983642716257,1
0,1,0.6876960668788521,1
1,1,0.5675940348611944,0
0,1,0.5571236898240629,1
1,1,0.6420595549752431,0
0,0,0.42359501080284295,1
0,1,0.6350801501344083,1
0,1,0.6364124796923014,1
0,1,0.5494706857785925,1
0,1,0.5518745091064118,0
0,1,0.6266370867331779,1
1,0,0.3831458388600542,1
0,0,0.4100199607996605,0
1,1,0.6073797256887115,1
1,1,0.6347706844182122,1
1,0,0.42701023088525225,0
1,1,0.5458202448991523,1
0,1,0.6024972768817651,1
0,1,0.7419256438843785,1
1,1,0.5593306438186771,0
0,0,0.3728812533729776,0
1,1,0.5380833856521235,1
1,1,0.5962443428222552,1
1,0,0.48405277318009654,1
1,1,0.676106851058023,1
1,1,0.5805336445230609,1
1,1,0.7024303960972139,1
