y_true,y_pred,y_prob,sensitive_features
0,1,0.7377583196157319,1
0,1,0.5828647178766037,0
1,1,0.5769932950703149,1
0,1,0.9799392268032835,1
1,1,0.967693183170169,0
0,0,0.47546768536948747,0
0,1,0.6183091308055526,1
0,1,0.7136450622392972,1
1,1,0.9742698583563755,1
0,1,0.8835417511167764,1
0,0,0.4573540223574661,0
1,0,0.03216867294528265,1
1,1,0.9566721020857252,1
0,0,0.454464404573631,1
1,1,0.9492223026991619,1
0,1,0.8153484535491969,1
0,1,0.6078029883776315,1
0,0,0.2711001759501018,1
1,0,0.09496357191663371,1
1,1,0.9274831827392157,1
0,0,0.07513990786724538,1
1,1,0.8979110283070327,1
1,0,0.02962766318571427,1
1,1,0.8605561819738483,1
1,1,0.9608272449627745,1
0,1,0.9728334758920786,1
1,1,0.9507946986169897,1
1,1,0.9622076136015703,1
0,1,0.8652564031901734,1
1,1,0.516721638719314,0
1,0,0.3979258945066823,0
1,1,0.9794546378757796,1
0,0,0.0878575093910732,0
1,1,0.9589118994485093,0
1,0,0.3320824240937214,1
1,1,0.9938461113405248,0
1,1,0.6659101172051575,1
1,1,0.8476949543849772,1
1,1,0.6940096118081986,1
0,1,0.9266265691921141,0
1,1,0.876323728992207,1
1,1,0.5246024328420008,1
1,0,0.17404487288485596,1
1,0,0.4540611405943501,1
0,1,0.7954386972831363,1
0,0,0.0468068592700472,0
1,1,0.7577146265137238,1
