y_true,y_pred,y_prob,sensitive_features
1,1,0.6001183478815125,1
1,1,0.6274955923008344,0
0,1,0.5729587067335872,1
0,1,0.6148987480256611,1
0,0,0.5290516395970999,0
1,1,0.6202922782402253,1
0,1,0.5845840576908881,1
0,1,0.6163874202352172,1
1,1,0.7007589748251932,1
1,0,0.5,1
0,1,0.6185059042159488,1
1,1,0.6157947262030865,1
1,1,0.6001191057932406,1
1,1,0.6746165959682746,0
1,1,0.5847092024047865,0
0,0,0.5475709161994049,1
1,1,0.6240297954927597,1
0,1,0.6147636854660796,1
1,1,0.6025266683780138,1
1,1,0.5749189206683062,1
1,1,0.6410277593421757,1
0,1,0.589470793209766,0
0,0,0.5247973700509709,1
1,0,0.46234226089844954,0
0,1,0.6724007654757889,1
0,1,0.594157594485526,1
1,0,0.5295896990663165,1
0,1,0.5781887492529404,0
1,1,0.5653479162636998,1
1,1,0.6101180891724163,1
1,1,0.6047443411387395,1
1,1,0.6007852086701272,0
1,0,0.5532780107750993,1
0,1,0.630927912340127,1
1,0,0.5074855458030093,1
1,1,0.6150573566586867,1
0,0,0.513530738853708,1
0,1,0.6142302117526797,0
0,0,0.5080599375103364,0
1,1,0.5674496574679927,1
1,1,0.6245240864776536,1
1,1,0.5869443573845043,1
1,1,0.5895918104095274,1
1,0,0.4835591621341,1
0,0,0.539845315838093,1
1,1,0.6007880111360868,1
0,1,0.5945573811546059,0
