y_true,y_pred,y_prob,sensitive_features
1,1,0.5871855602716377,1
0,1,0.6456903325774266,1
1,0,0.2413098714147754,1
0,0,0.11225569976459703,0
1,1,0.5974945290484809,0
0,0,0.3037122116770993,0
1,1,0.6696276025291718,1
0,0,0.12766601708237582,1
0,0,0.4301936986812718,1
1,0,0.4491159878667365,1
1,1,0.7195870469347606,1
1,0,0.35920303694686323,1
1,0,0.14153928098308535,1
1,1,0.7547091012937843,1
1,1,0.6870706402201239,1
1,0,0.35513397188758394,1
1,1,0.5751435430228844,1
0,1,0.5677532662140989,1
1,1,0.6396617672355297,1
1,0,0.14572259672532875,1
1,0,0.21034456237757915,1
1,0,0.4608098991727297,1
0,0,0.47563421597142286,1
0,1,0.9000373003867279,1
0,1,0.6584907211523394,0
0,1,0.5935017087681804,1
1,0,0.162678807865998,0
1,0,0.4399878969680018,1
0,1,0.5260782058233325,1
1,0,0.27566109442974124,0
1,1,0.5104676459333746,1
0,0,0.31283744783881956,0
0,0,0.24845574769126658,1
1,1,0.8289701164605187,1
0,0,0.1604404863338211,0
0,0,0.43548006065853195,1
1,1,0.7773692645830701,1
1,1,0.8679632193679333,1
0,1,0.7049756408175826,1
1,0,0.10132292532451907,0
1,1,0.6545930425320267,1
1,1,0.6815354803181725,0
1,1,0.5186707927163395,1
0,1,0.757304083948094,1
1,0,0.45931008501796716,1
0,1,0.7672660575827105,1
0,0,0.11727247566169993,0
