y_true,y_pred,y_prob,sensitive_features
1,1,0.8810293938138688,1
1,1,0.5519185673756152,1
0,1,0.8562817592690716,0
0,1,0.6468657090696341,1
1,1,0.7655087689270522,0
0,0,0.2913164645725159,0
1,1,0.940011422361011,1
1,1,0.5268330948136869,0
0,1,0.5767764381522811,0
1,1,0.8853057831561668,1
1,0,0.3208630018852671,1
0,1,0.8515790637047208,1
1,1,0.966438613970277,1
1,1,0.9034923338671441,1
1,1,0.765835592582838,1
0,0,0.40666443687000237,1
1,1,0.800033902742938,0
0,1,0.6299856467202096,1
0,0,0.43912996438967716,0
1,1,0.6147948255045744,1
0,0,0.46651236676647073,0
1,0,0.4560375118607007,1
1,1,0.7019509775897722,1
0,1,0.7088166392574198,1
1,0,0.301498107730211,1
1,1,0.9534343380282213,1
0,0,0.30638817536797514,1
1,1,0.8648729680582526,1
1,1,0.9440249477689973,1
1,0,0.451665089217719,1
0,1,0.6035718908720159,1
1,0,0.2632445627587559,1
0,1,0.8635298128394994,1
1,1,0.7716902741668417,0
0,1,0.5972540836079777,1
1,0,0.25927839903645067,1
0,1,0.7440421686685478,1
1,1,0.9728612052909507,1
1,1,0.5078767088333574,1
1,1,0.7251153499369465,1
1,0,0.11477421572968428,1
0,1,0.5636052068861618,1
0,1,0.8959463833565052,1
0,1,0.6312197255443346,0
1,1,0.8401073383907464,0
0,1,0.9812297130668325,1
1,1,0.9225720055797719,1
