y_true,y_pred,y_prob,sensitive_features
0,1,0.9309007975644665,1
0,0,0.44312309682750367,0
1,0,0.3013712121294005,1
0,1,0.8036630809412599,1
1,0,0.3916443238901867,0
0,0,0.469305271976461,0
0,0,0.40989044476595643,1
0,0,0.39145711209857303,1
1,1,0.7740544280075548,1
0,1,0.9078699912710927,1
0,0,0.291829624037051,0
1,0,0.23334612192452664,1
1,1,0.9592065268694561,1
0,1,0.5690973467994404,1
1,1,0.6293774557572919,1
0,0,0.22249325838394063,1
0,0,0.34972747881136285,1
0,1,0.7700026350211618,1
1,0,0.2288229032494975,1
1,1,0.7575399618905309,1
0,0,0.26427653177079935,1
1,1,0.87046214889908,1
1,0,0.171793601959838,1
1,1,0.5427706961456944,1
1,0,0.4860972359896492,1
0,1,0.8991555629168638,1
1,1,0.8703401628298382,1
1,1,0.840406764247005,1
0,1,0.5937326996516011,1
1,1,0.649064566111958,0
1,0,0.44384883501477695,0
1,1,0.9823961889163983,1
0,1,0.5879716741762014,0
1,1,0.9176323190558882,0
1,1,0.5394347404521009,1
1,1,0.9788143026382324,0
1,1,0.5047644007799064,1
1,1,0.5409101743015633,1
1,1,0.5350368568419017,1
0,1,0.5639729783967204,0
1,1,0.7617676073437312,1
1,1,0.5047670890633849,1
1,1,0.6093553197130958,1
1,0,0.23283176230838606,1
0,0,0.3558384623341386,1
0,0,0.34166616961685764,0
1,1,0.6062274418552013,1
