y_true,y_pred,y_prob,sensitive_features
1,1,0.9440141029622181,1
1,1,0.8619054118270494,0
1,1,0.8936259771191608,1
1,0,0.34797620498163745,1
1,1,0.6423228412516178,1
1,0,0.3410845703103293,1
1,1,0.7297670080939026,1
1,0,0.2888895336783911,1
1,1,0.6903938870848726,1
0,1,0.5439199221966453,0
0,0,0.23365150804554694,0
0,1,0.5257586717705254,1
1,0,0.06966311304035207,1
1,1,0.8157911777925377,1
0,0,0.4469950270008405,1
0,1,0.8245274610040401,1
1,1,0.6651212481062431,1
1,1,0.7577697729631311,1
0,0,0.20932411827020522,0
0,0,0.48574511654353897,1
1,0,0.02041956227318054,1
0,1,0.8165166423487529,1
1,0,0.4258955726502193,0
0,0,0.43193819245340487,1
1,1,0.5501651063391624,0
0,0,0.40336584320830704,1
0,1,0.5179562817707732,1
0,1,0.7937778166707999,1
0,0,0.44295616113539593,1
0,0,0.437582788490415,0
0,1,0.8747612225356011,1
1,0,0.21568377324773905,1
0,0,0.24353836673454374,0
1,1,0.5995898381928507,1
1,1,0.7759873632141723,1
1,0,0.2855488658205768,0
1,0,0.34291029763822223,1
0,1,0.7463817836545273,1
0,1,0.84315678985432,1
1,0,0.42252366606114666,0
0,0,0.22693694822885574,0
1,0,0.4521369548828591,1
1,1,0.6469062128564116,1
1,0,0.32121496418770695,1
1,1,0.718950996467805,1
1,1,0.6637915644605598,1
1,1,0.9406173766123932,1
