y_true,y_pred,y_prob,sensitive_features
0,1,0.9626093430375164,0
1,1,0.8707607706973757,1
0,0,0.13783850270973808,0
1,1,0.9552197803971717,1
1,1,0.7227721324600979,1
1,1,0.6049231011229139,1
1,1,0.5961112301130643,1
1,1,0.9902162508861563,1
1,1,0.9690637255775145,1
0,0,0.3009356049749998,1
0,1,0.8787870022354457,1
0,0,0.4804345436390639,1
0,1,0.9337126234569989,0
1,1,0.5430775946824549,1
0,1,0.9718814401499323,1
1,1,0.9756745106552238,0
0,0,0.18190796083031324,1
1,1,0.9818848549148453,1
1,0,0.11706567377739178,0
1,1,0.988755190485821,1
0,1,0.5637768629978498,0
0,1,0.7061646949487289,0
0,1,0.9213022975361281,1
1,1,0.5920981461120579,1
1,0,0.45818735980456043,1
1,1,0.8923080025068988,0
0,0,0.39494187082990295,1
0,1,0.8763096219591953,1
1,1,0.9111188835682318,1
0,1,0.9041658072350401,1
1,1,0.9714838515058553,0
1,0,0.17104917753494334,1
1,1,0.908267014659561,1
1,1,0.952543129935097,1
0,0,0.3315313589361637,0
0,1,0.7362424910019778,1
0,1,0.897399762675576,1
1,1,0.9865144692947174,0
1,0,0.438393434622899,1
1,1,0.7336985758936192,1
1,1,0.6690535527996043,1
1,1,0.8255502531592953,1
1,0,0.05095539435956829,1
0,1,0.6267312885963868,1
0,1,0.9865621838600352,1
1,1,0.8286602100259997,1
1,1,0.9926050176854072,1
