y_true,y_pred,y_prob,sensitive_features
1,1,0.714501376379549,1
1,0,0.4723806058006963,1
0,0,0.4122187511118669,0
0,1,0.9246764294591303,1
1,0,0.27688107314894855,0
0,0,0.22066766216145606,0
1,1,0.7448837100058152,1
1,0,0.17351685679638199,0
0,0,0.3499804614437155,0
1,1,0.786696854951138,1
1,1,0.8760857232185453,1
0,1,0.6299108795318266,1
1,1,0.7804505654550885,1
1,1,0.6032781651371855,1
1,1,0.6813822937258079,1
0,0,0.45606338681470343,1
1,1,0.8235731172683629,0
0,1,0.5671415203870388,1
0,0,0.31729706837368377,0
1,0,0.32978819499257517,1
0,0,0.25808483554868267,0
1,1,0.824309587880209,1
1,1,0.6334694351545256,1
0,1,0.9292485743868532,1
1,1,0.669361618454665,1
1,1,0.8613208307350456,1
0,1,0.6646097901129788,1
1,1,0.7121110548590354,1
1,1,0.571853940377453,1
1,0,0.4515941388535411,1
0,1,0.7118078438914467,1
1,0,0.19362306911200455,1
0,1,0.535562223563781,1
1,1,0.6979041987978818,0
0,0,0.3979160138830794,1
1,0,0.24702644499343115,1
0,1,0.722467062567009,1
1,1,0.8758750652197068,1
1,1,0.5344351909309897,1
1,1,0.6789542663360701,1
1,0,0.3955959265365752,1
0,1,0.6840633857247147,1
0,1,0.7386986757402206,1
0,1,0.6329538531070866,0
1,0,0.23218116779406633,0
0,1,0.8880655482552559,1
1,1,0.8279231380252434,1
