y_true,y_pred,y_prob,sensitive_features
0,0,0.5633932484396598,0
1,1,0.589206882951944,1
1,1,0.5899169479108569,1
1,1,0.5695399536760616,1
0,1,0.5813993052624065,1
1,1,0.5841931856881805,1
0,1,0.6134272494061872,1
0,0,0.5436826772514427,1
1,1,0.5789686249728387,1
0,1,0.5928043345680576,0
0,1,0.5683186232907937,1
0,1,0.5907658293634881,1
1,1,0.5793132586584484,1
1,1,0.5832122023731066,1
1,1,0.5931284722236604,1
1,1,0.5960551409468626,1
0,1,0.5890648417756027,1
1,1,0.5682917746361211,1
0,0,0.534637754473563,0
1,1,0.610700969693668,1
0,0,0.5476354820911888,1
1,1,0.5899041123418348,0
0,1,0.5704362269007993,1
0,1,0.592221652833352,1
1,1,0.5807831602794911,0
1,0,0.5646325967908375,1
0,1,0.6206543431625396,1
1,0,0.5624123591014306,1
1,1,0.5852575462571614,1
0,0,0.5465557368756073,0
0,1,0.5683773062848507,0
1,1,0.6078514153991311,1
1,1,0.5996583477687224,1
0,1,0.5831330196465999,1
0,1,0.5886045017489143,1
1,0,0.5669266188809491,1
0,0,0.5603727551163724,1
1,0,0.5605281509659519,1
1,0,0.5446216063349999,1
0,1,0.5705733915813884,0
1,1,0.575528015428647,1
1,1,0.5956991246228577,0
1,1,0.5729352008984979,1
1,0,0.5575918727054412,1
1,1,0.6164367013975,1
1,1,0.6025597560233699,0
1,1,0.6007401318044089,0
