y_true,y_pred,y_prob,sensitive_features
1,1,0.733943542523835,1
1,1,0.9504174022252558,0
0,0,0.44998265831970063,1
0,1,0.6321724708678279,1
0,0,0.4110970097023853,0
1,1,0.6159671222746383,1
0,1,0.5735594381316067,1
0,0,0.459409387887066,1
1,1,0.9585309778504475,1
1,0,0.2637332429110846,1
0,1,0.5747386014179713,1
1,1,0.6556005596988232,1
1,1,0.6622390722755258,1
1,1,0.90599636652847,0
1,1,0.6245051361589664,0
0,0,0.18469333856218903,1
1,1,0.7916738471910383,1
0,1,0.6145128617242628,1
1,1,0.790631557117986,1
1,1,0.6347717973637339,1
1,1,0.9165083628667029,1
0,0,0.19632509500112455,0
0,1,0.5084607881654414,1
1,0,0.3928109244758037,0
0,1,0.8052386542620799,1
0,0,0.4669102489334706,1
1,1,0.6079831088929157,1
0,0,0.09791041653885038,0
1,0,0.4935450156798411,1
1,1,0.6174963061978846,1
1,0,0.31450271079094333,1
1,1,0.7817773378219627,0
1,0,0.35358227986401003,1
0,1,0.72257396328902,1
1,1,0.5262194459214279,1
1,1,0.7541189017195679,1
0,0,0.400525947593406,1
0,1,0.5431398864702294,0
0,0,0.22156045487956802,0
1,0,0.33214523312190114,1
1,1,0.8314627027492896,1
1,1,0.5956214180191985,1
1,0,0.4488873220129804,1
1,0,0.27310063169710797,1
0,1,0.5482512513241645,1
1,1,0.6293372314017749,1
0,1,0.5721750648519279,0
