y_true,y_pred,y_prob,sensitive_features
0,1,0.698108821808113,0
1,1,0.7118951051295411,1
0,0,0.3619062263688628,0
1,1,0.691741197385419,1
1,1,0.4884755916506908,1
1,1,0.8126240701889413,1
1,1,0.7979279451979719,1
1,1,0.9329402562428306,1
1,1,0.8169658176153478,1
0,1,0.5651600189309324,1
0,1,0.7989354590864756,1
0,1,0.6028557234825719,1
0,1,0.6342302453041314,0
1,1,0.6467748427188742,1
0,1,0.7706819369508683,1
1,1,0.652315325821799,0
0,1,0.7254079557085567,1
1,1,0.8232495040256378,1
1,0,0.3893747113441322,0
1,1,0.7587965866387302,1
0,1,0.5151565514807226,0
0,1,0.5418640309992528,0
0,1,0.7500993735733424,1
1,1,0.6348624406415838,1
1,1,0.7422824782504588,1
1,0,0.3006735863488198,0
0,0,0.3736818775261294,1
0,1,0.7933692635298326,1
1,1,0.8557990733510741,1
0,1,0.8557818076638637,1
1,1,0.7896341363963307,0
1,1,0.5265423667299066,1
1,1,0.6858328944301586,1
1,1,0.8885710807361908,1
0,0,0.29983277066006536,0
0,1,0.746322504227246,1
0,1,0.840037941820835,1
1,1,0.8534803630641632,0
1,1,0.4703919830514746,1
1,1,0.5244777838656012,1
1,1,0.6021219502210822,1
1,1,0.6383956457540317,1
1,0,0.2555345221699829,1
0,1,0.5,1
0,1,0.8875804982638832,1
1,1,0.7115406863974832,1
1,1,0.6727835066320449,1
