y_true,y_pred,y_prob,sensitive_features
0,0,0.642052398499017,1
1,1,0.6772760438711006,1
0,0,0.6332695873157551,0
0,1,0.6469336959165849,1
1,1,0.6547944113184891,0
1,1,0.6497823372962251,1
1,1,0.656679414089685,1
0,1,0.6575152631144934,1
1,1,0.6557230001572808,1
1,1,0.6536036525163905,1
1,1,0.6637546684158057,1
1,1,0.6664099805426946,1
1,1,0.666464112286177,1
1,1,0.6610410976871335,1
1,1,0.6456582472151519,0
0,1,0.6436069207757297,1
0,0,0.6417182478585038,0
0,1,0.6578979531930375,1
1,1,0.6612271485747658,0
1,0,0.6424700793900988,0
1,1,0.6457771013744786,0
0,0,0.6259200950625161,0
1,1,0.6520706373509009,1
1,1,0.6445460087912305,1
1,1,0.6597150940806098,1
0,0,0.6410618680880155,1
0,1,0.6547507009096979,0
1,1,0.6460587958681205,1
1,1,0.6607694693995465,1
1,1,0.6546861585350072,1
1,0,0.6374156568351035,1
0,1,0.6526127652265252,1
0,1,0.6442238709018006,0
0,1,0.6532676864417618,1
1,1,0.6498280703774351,1
0,1,0.6587564319472439,1
1,0,0.6413743808983058,1
1,1,0.6481024023700452,1
0,1,0.6656263282347006,1
1,1,0.656483822931412,1
0,1,0.6541531833266108,1
1,1,0.670206614780322,1
1,1,0.6540321436460452,1
0,1,0.6534715470662601,1
1,1,0.6452420689378732,1
0,1,0.6553715403270698,1
0,0,0.6296758507791931,0
