Gerador,SDV_Score_Medio
GaussianCopula,0.8123677691847331
CTGAN,0.7433181440635895
TVAE,0.8233947976942682
TabDDPM,0.7017216794817102
